  0.0,  0.0,  0.0,  0.0,  0.0,  0.0,  0.0,  0.0
0.012868570942547314,0.013230393877905868,0.012954451233966385,0.012504022953996234,0.012658511517092172,0.012719205525072953,0.013447375347379031,0.013222497195454892
0.026764416527886175,0.027515824438930987,0.026925609172503934,0.026002738725409143,0.026325885755498817,0.026453277116537218,0.027969545281838485,0.02750927973599637
0.04139455109201677,0.042554850344199785,0.04162374040947515,0.04021721002814675,0.04072270055851916,0.04092537514786175,0.04327224092769655,0.04257356306829355
0.05667161786109853,0.05825938570049076,0.05697031529686267,0.055069760808558264,0.05577165907517326,0.056061036983677655,0.059272321537860016,0.05833423355996814
0.07262310055972965,0.07465974320096995,0.0730027937508864,0.07059427423381187,0.07150795250265507,0.07189846359044208,0.07600479810704969,0.07482599542033198
0.0893404491208088,0.09185170871025601,0.089822095165578,0.08688623797834942,0.08802916555598446,0.08853835577085219,0.0935705194932818,0.09214853464933576
0.10695105975977057,0.10996755956432103,0.10756416182798025,0.10407544228719727,0.10546780780442283,0.10611641152382027,0.1121072891560309,0.11043830002497612
0.12560329078190402,0.12916066871015758,0.12638506722084872,0.12231153422783247,0.12397673592546232,0.12478874956965333,0.13177442095952113,0.12985333336292218
0.14545888309068028,0.1495977838630053,0.14645370407730032,0.14175683406525802,0.1437218860056409,0.14472466978441326,0.15274496448271,0.1505655913040439
0.166689568985329,0.171455622479971,0.1679486931647329,0.1625832332379984,0.16487913046414554,0.1661035560245045,0.17520228350420117,0.17275754497646298
0.189476039884459,0.19491988166681246,0.19105762976739077,0.18497137403886305,0.18763345026236378,0.1891141049594306,0.19933909112705522,0.19662120926348098
0.21400823917016742,0.22018559457219816,0.21597762000510198,0.20911109979380377,0.21217940214246395,0.21395485592926988,0.22535786459252527,0.22235854601577232
0.24048640131598029,0.2474582385028799,0.24291653043225725,0.23520261341501222,0.23872231171848518,0.2408354499224639,0.25347203524034645,0.2501826452853656
0.2691225189537882,0.2769552697586154,0.27209463980791804,0.263458038069456,0.26747988129213685,0.2699783052925945,0.28390762019480004,0.28031935397063645
0.30014206705062735,0.30890791216066504,0.30374653052785866,0.29410321787004434,0.2986840472024184,0.30162054473797206,0.3169051168278951,0.31300917347643264
0.3337858977539886,0.3435631127113372,0.3381231408232904,0.3273796785072961,0.33258300484704273,0.3360160920402354,0.3527215712577896,0.348509337222215
0.37031226708408366,0.3811856262766863,0.3754939451158281,0.3635467136656473,0.3694433663924475,0.3734379042950248,0.3916327805911123,0.3870960272431767
0.4099989814054684,0.42206021818412165,0.4161492555226474,0.4028835886230635,0.4095524424341333,0.4141803318599773,0.4339356181956234,0.42906671884174186
0.45314566700070835,0.4664939891740686,0.4604026522844771,0.4456918671510176,0.4532206538787169,0.45856161329208056,0.47995048673443913,0.474742657645004
0.5000761750290931,0.5148188358694309,0.5085935586845697,0.49229787609097025,0.5007840891055833,0.5069265215467597,0.5300239137528296,0.5244714840098273
0.5511411379442797,0.5673940637679892,0.5610899794586,0.5430553255291104,0.5526072249603906,0.5596491810211837,0.5845313077873218,0.5786300230518638
0.6067206984912961,0.6246091746206682,0.6182914280730865,0.5983481072447949,0.6090858353398966,0.6171360806878831,0.6438798994183992,0.6376272642168765
0.667227433468538,0.6868868509933237,0.6806320648741062,0.6585932950258346,0.6706501118934822,0.6798293085619886,0.7085118899820746,0.7019075544047381
0.7331094947625748,0.754686161853223,0.7485840749057986,0.7242443712427531,0.7377680219115694,0.7482100345146458,0.7789078359619992,0.7719540333299433
0.8048539954681149,0.8285060156264716,0.8226613128605521,0.7957947071199647,0.8109489340123902,0.8228022729948409,0.8555902959944475,0.8482923363403133
0.882990665827086,0.9088888894930794,0.9034232441053496,0.8737813260265919,0.8907475385917176,0.904176953737044,0.9391277699843641,0.9314945995431467
0.9680958094478918,0.9964248622936493,0.9914792197168912,0.9587889781991102,0.9777680972171563,0.9929563374934227,1.0301389634625826,1.0221837942780718
1.0607965967476038,1.09175598643708,1.08749309456315,1.051454565090623,1.0726690617315704,1.0898188174801613,1.1292974148578399,1.1210384352566227
1.1617757418969104,1.1955810168569905,1.192188287506426,1.1524719245459012,1.1761680593966455,1.19550409332384,1.237336492792954,1.2287977314058693
1.269994424845771,1.3068525422155086,1.3045264401270567,1.2608552415025411,1.2872304854468561,1.3089915290409064,1.3532399130730823,1.3444436008396772
1.384304259505585,1.4244130350512518,1.423359094840514,1.375514502150462,1.404712172610937,1.4291519593394453,1.4758854331651927,1.466851239247065
1.505275975997463,1.5488496603214283,1.5493012233135435,1.4970414845683149,1.5292224090823434,1.5566208167729716,1.6059043520716778,1.596657217409493
1.6334952829220728,1.6807647498621,1.6829843971807814,1.6260438763831453,1.6613865003754054,1.6920508064645035,1.7439447476029188,1.734515213648589
1.769567537781616,1.820780689026253,1.8250620346942594,1.7631503309705379,1.8018510255655205,1.8361174945596899,1.8906769695144976,1.8811015802423197
1.9141219663950926,1.9695443162479627,1.9762141470681032,1.909015045779781,1.9512885888803593,1.989524367758194,2.0467985867444707,2.0371203662999746
2.0678156517521007,2.127731069695102,2.1371518250955766,2.0643220891477454,2.110402303931547,2.153007611944927,2.2130390443062065,2.203308051393471
2.231337410095569,2.2960490063361942,2.3086215968921793,2.2297896000673147,2.279930140992462,2.3273407477065815,2.390164170125488,2.380438130177819
2.4054116270827475,2.475242772167109,2.4914097407602704,2.40617394039672,2.460649220946033,2.5133392123536136,2.5789806202556194,2.5693256385624226
2.590802088138359,2.6660975596198018,2.6863465921705494,2.5942738381295696,2.6533800961013654,2.711864931792713,2.7803403072464175,2.7708316647838953
2.7883158812751803,2.8694431321709706,2.8943109313868094,2.7949346078854465,2.8589911070632166,2.923830977679303,2.995144905677942,2.985867939975382
2.99880736638967,3.0861579173543174,3.1162344552644887,3.0090524450765,3.0784028146108047,3.1502063110816936,3.2243504305556665,3.215401510080634
3.223182281008536,3.3171732250754173,3.353106394219269,3.237578869285049,3.312592576204437,3.39202068469446,3.468971973429196,3.460459557757523
3.4624018920443422,3.563477560663976,3.6059782416511093,3.4815252247378474,3.562599205342461,3.650369648804501,3.730088474750042,3.722134334760055
3.717487503331264,3.8261211717663146,3.8759687618756113,3.741967576051332,3.829527979033765,3.926419918250794,4.008847996224487,4.00158840437361
3.989525028595213,4.106220861279491,4.164269263927803,4.020051654861337,4.114555776296933,4.221414908728842,4.3064728963251495,4.300060120120218
4.279669731813074,4.404964783378924,4.472148918793721,4.316998040896009,4.418936387285546,4.53668045221076,4.624265409029586,4.618869196908633
4.589151363344995,4.723617747898686,4.800960610068961,4.6341077463176035,4.744006273647904,4.873631006571773,4.963613560466705,4.959422811375596
4.91927948464614,5.063526692016408,5.152146987292884,4.97276802025241,5.091190545771665,5.233776108100404,5.325997348912015,5.323221922220672
5.271449109038836,5.426126474379798,5.527246905991881,5.334458530295926,5.46200932651128,5.618727246243082,5.712995344649054,5.7118679992532
5.647146671553306,5.812946009953333,5.927902228141395,5.720757875636448,5.858084458787682,6.030205121213729,6.126291429753225,6.127070125161854
6.0479563533528164,6.225614766970876,6.355865066071742,6.133350527422609,6.281146650555355,6.470047389982401,6.567682591476711,6.5706525614289735
6.47556680264076,6.66586967993458,6.813005406414722,6.5740341846348045,6.733043047820819,6.940216814612047,7.039086309406558,7.044562748474097
6.931778212444274,7.135562399047914,7.301319385008414,7.044727607497492,7.215745301999402,7.44281013117604,7.542549095525515,7.550879894523126
7.418509899709753,7.636667117199274,7.822937845106789,7.5474789163181,7.7313581128095,7.980067210567564,8.080255271945825,8.091823989126969
7.937808400024804,8.171288834507427,8.380135642905616,8.084474464258813,8.282128363808154,8.554381037268197,8.654536467957739,8.669765503942193
8.491856038179353,8.741672190874253,8.975341475087284,8.65804826386775,8.870454821926126,9.168308255137239,9.267881649350446,9.287235684899207
9.082979625135986,9.350210505152427,9.611148450072726,9.270692117009522,9.498898591935768,9.824580498219214,9.92294739204942,9.946937602417124
9.713660838227701,9.999456117686805,10.290324725541836,9.925065782660475,10.170193536321662,10.526115880864904,10.622569958924654,10.651757306536044
10.386545974463893,10.692130838417071,11.015826396819026,10.624009400084088,10.887259129941494,11.276032762694204,11.369776905812321,11.404777301173723
11.10445700564729,11.431137005117744,11.79080922465636,11.370554632549434,11.653211888682835,12.077662434434464,12.167800003131518,12.209288824188707
11.87040328799246,12.219569605023159,12.618642498345357,12.167937996754933,12.471379113031489,12.934564019170196,13.020089071493778,13.068806368170787
12.687593940736907,13.060728997066356,13.502923394143641,13.01961460701025,13.3453130365725,13.850539926251672,13.93032658806911,13.987082713492866
13.559451030342448,13.9581344368207,14.447492334137117,13.929272873838048,14.278805944772264,14.82965243275454,14.902443251902255,14.968125015069832
14.48962362408501,14.915538529422335,15.456449098474254,14.900849945011,15.275906156469677,15.876240920432865,15.94063450836189,16.01621163358496
15.482002698907591,15.936942529202266,16.534169955549864,15.938548159705135,16.340934849834635,16.99494070175528,17.049378269052127,17.135910241925526
16.54073704399797,17.026612678758497,17.685327080447905,17.046853534717464,17.478505157537278,18.19070358446043,18.233453699274296,18.332097960898196
17.670250156474932,18.189097572952736,18.91490737005757,18.23055382734043,18.69354079374884,19.468818308090416,19.497961234982704,19.60998113463818
18.875258200307428,19.429246542445252,20.2282336738658,19.494758893156693,19.99129697153651,20.834933595881463,20.848344051519835,20.975117646756814
20.160789164319496,20.75222943772688,21.630987007269283,20.844921888853868,21.377382268880528,22.29508199081891,22.290409739050357,22.433440086843053
21.5322030980088,22.163557313241782,23.129230209520152,22.286862003081794,22.85778205728274,23.855705662148743,23.830356296107148,23.991280692042643
22.995213756841355,23.669104677483134,24.729433419775432,23.826788749617386,24.43888342443975,25.523683648689513,25.474796056998883,25.6553978297364
24.555911620370843,25.275133085563347,26.43850069627161,25.471327478602632,26.12750152724218,27.306360864101688,27.23078349879689,27.433004010257765
26.220788174673956,26.988316387150334,28.26379856204732,27.22754669429907,27.93090773391069,29.211578947474685,29.105844194051116,29.33179581607409
27.99676192399162,28.815766880219154,30.21318640436016,29.102987235684477,29.85685950269914,31.24770956418586,31.108006025790267,31.359985854498056
29.840293824183824,30.712964051202302,32.237150000207706,31.050146205035176,31.856104347195654,33.36126458325691,33.18531569425967,33.46478640627513
31.705236716220913,32.63273562503094,34.28320664482037,33.01867973771558,33.87645683883726,35.495560983669066,35.282761305459665,35.59028351704734
33.5947558803186,34.57837120492596,36.35493555761442,35.01202808550876,35.92143949497214,37.654348001842024,37.40393972562716,37.740163127680376
35.51181253107774,36.552942105351505,38.45566447739954,37.03338604649973,37.99431965205245,39.84108878666422,39.55217091888368,39.91782809692714
37.45919311703598,38.55933323583561,40.588505728357816,39.0857381823251,40.09814583287378,42.05900098874422,41.73053747950296,42.12643865008658
39.439532948949946,40.600268768941774,42.75638538743974,41.17188738972088,42.23577724930516,44.31108971920383,43.94191654743417,44.36894509948928
41.455336278605316,42.67833389768492,44.96206804775393,43.29447918347217,44.40990887219381,46.60017553637786,46.189006818478596,46.648115561722435
43.50899384956808,44.795993800033756,47.20817839855065,45.45602285296759,46.62309326859543,48.928918783265225,48.474351988769264,48.96656002350458
45.60279846642505,46.95561041334205,49.49722028902728,47.658910135031455,48.87775987039686,51.29984101556744,50.80036137437625,51.32675150843308
47.73895891502713,49.15945738824267,51.831593691576856,49.905431808318475,51.17623209348365,53.71534399193837,53.16932817394563,53.73104482143654
49.919612464882675,51.40973348012656,54.21360985837024,52.19779249914926,53.52074260691087,56.177726566673215,55.58344570835767,56.181693212402976
52.14683613286733,53.70857457881538,56.64550490090082,54.53812392691213,55.913446987736165,58.68919975442516,58.04482189228715,58.680863228010324
54.42265682008262,56.0580645032954,59.12945194952964,56.92849674388056,58.3564359256698,61.25190015049578,60.55549214456487,61.23064794034171
56.74906054717344,58.460244808946555,61.66757214607995,59.370931228880536,60.85174622320289,63.86790200761821,63.1174309259667,63.833078831093786
59.12800066138193,60.917123475848314,64.26194438482747,61.86740673529728,63.401370555677154,66.5392278741109,65.73256208147538,66.49013628812193
61.561405495995,63.43068299734803,66.91461432215868,64.41987043124647,66.00726641853876,69.26785837646912,68.40276809736886,69.20375920408729
64.05118512738818,66.00288749902072,69.62760229799983,67.03024495526316,68.67136404955885,72.05574078395234,71.12989837642274,71.975853433938
66.59923765099217,68.63568931506857,72.40291058231581,69.70043543068758,71.39557357683768,74.90479676568013,73.91577670365879,74.80829938098825
69.20745479893141,71.33103488305694,75.24252992765855,72.4323357594966,74.18179155865506,77.81692938912235,76.76220792575248,77.70295893980463
71.87772721125062,74.09087022698,78.14844550099386,75.22783437550069,77.03190684328871,80.79402941920932,79.67098404332062,80.66168165973343
74.61194900566629,76.91714579994357,81.12264220051601,78.0888193212249,79.94780572131845,83.83798090063983,82.64388946508319,83.68631016900125
77.41202222687721,79.81182098380626,84.1671098120897,81.01718318562743,82.93137695355323,86.95066650934312,85.68270610746153,86.77868539491264
80.27986085285414,82.77686832853507,87.28384715129786,84.01482714418303,85.98451604663855,90.1339719014152,88.78921774520948,89.94065102464438
83.2173944384605,85.81427729539001,90.47486634396792,87.08366496441148,89.10912927075883,93.38979006564124,91.9652140463632,93.17405764405842
86.22657152953701,88.92605777564931,93.74219652048775,90.22562661580673,92.30713727879906,96.72002511042069,95.21249416936638,96.48076645274134
89.30936265587165,92.11424323736188,97.08788734228297,93.4426615483247,95.58047831139112,100.12659581469995,98.53287019965734,99.86265255111941
92.46776363977467,95.38089394114137,100.51401207332759,96.736741710641,98.93111200419021,103.61143870905589,101.9281703898563,103.32160876205644
95.7037981599741,98.72809985315479,104.02267059976614,100.10986433887155,102.36102112095472,107.17651104276916,105.40024136231182,106.8595474263193
99.01951998450583,102.15798270791618,107.61599218533473,103.56405461819274,105.87221484841832,110.82379350661336,108.95095111363568,110.4784036781094
102.41701573269211,105.67269892202472,111.29613789429737,107.10136803110433,109.46673111966462,114.55529265405835,112.5821912915555,114.18013776054252
105.898407071946,109.27444183471017,115.06530308845686,110.72389259144273,113.14663886798091,118.37304315220285,116.29587934330924,117.96673724753288
109.46585284157705,112.9654438745645,118.92571964078718,114.43375104639044,116.91404011287263,122.27911000268507,120.09396053516892,121.84021908903352
113.12155108711895,116.74797861851741,122.87965802458348,118.23310281431063,120.77107199033367,126.2755904648241,123.97840989020628,125.80263160806314
116.86774101623766,120.6243628319636,126.92942932363384,122.12414588412531,124.71990860301425,130.36461592748898,127.95123387335947,129.8560562588409
120.70670485204116,124.59695830501357,131.0773871034084,126.10911862147844,128.76276280540418,134.54835366328416,132.01447208685204,134.0026093663539
124.64076962553162,128.6681737205381,135.32592889906937,130.1903011311537,132.90188786604153,138.8290081687901,136.17019882974034,138.24444368418202
128.6723088982879,132.8404663558745,139.67749890718105,134.37001754893396,137.13957908257663,143.2088233593534,140.42052455726378,142.5837499471158
132.8037444301423,137.1163438349647,144.13458862825533,138.65063733594283,141.47817532131364,147.69008369764967,144.76759729884654,147.0227583164456
137.0375477948939,141.49836575381568,148.6997387309586,143.03457627440005,145.9200604762071,152.2751152517114,149.21360387949494,151.56373973994172
141.376241946135,145.98914527292638,153.37554070267066,147.52429841937345,150.46766486192368,156.96628743207347,153.7607714386053,156.2090071568387
145.82240278002507,150.59135068931033,158.16463833765332,152.12231740213292,155.12346664409003,161.76601421421532,158.41136838233382,160.9609170418784
150.37866071243315,155.30770696507653,163.0697291791657,156.83119780075333,159.88999308752278,166.67675536992846,163.16770570183843,165.82187029952166
155.0477021997569,160.14099751555298,168.093565831286,161.65355629509494,164.76982200181527,171.7010175570126,168.03213829368016,170.7943136079158
159.8322706327342,165.0940654612934,173.23895747192032,166.59206327397013,169.76558291637056,176.84135564088788,173.00706570278192,175.88074073316074
164.7351675995265,170.1698135617992,178.5087710900193,171.64944378731334,174.87995790735664,182.10037365677564,178.09493288474835,181.08369318173527
169.7592559083546,175.37120903988844,183.90593205785933,176.82847894699694,180.1156834646975,187.4807259775805,183.29823215316804,186.40576101091486
174.90746057328727,180.70128058085453,189.43342947349043,182.13200711075703,185.47555001453176,192.98511837275652,188.61950251206508,191.84958490516448
180.1827683014443,186.16312590306538,195.09430960710642,187.56292542376335,190.96240574905272,198.61630926983466,194.06133471907904,197.4178571714237
185.58823056535428,191.7599079039521,200.8916844489409,193.1241900644029,196.5791583243863,204.37711008495899,199.62636764954567,203.1133215076504
191.1269647843301,197.49485649987952,206.82872971634765,198.81881830968112,202.3287707176623,210.27038754579732,205.31729061711593,208.93877490353935
196.80215559387455,203.3712719876641,212.90868537427528,204.64988858535506,208.2142670510709,216.2990613522841,211.13684515914122,214.89706854189544
202.61705476657554,209.39252563506741,219.13486037039308,210.6205428921684,214.23873186685069,222.46610858535877,217.0878256031493,220.99110832458447
208.5749844833477,215.56206061664344,225.5106312681529,216.73398970796887,220.4053128189522,228.7745672876031,223.17307958944653,227.22385634703315
214.67933891705323,221.88339420349877,232.03944216333088,222.9934996840775,226.7172193090362,235.22752982469274,229.39550967095326,233.59833153030854
220.93358385606788,228.3601183902914,238.72480817304506,229.40240647414086,233.17772498354128,241.82814803584802,235.75807353611214,240.11761044421675
227.3412589229229,234.99590150591524,245.57031587760252,235.96412954625504,239.79016795289903,248.57962303055055,242.26378517155305,246.78482845175955
233.905978753442,241.79448705322974,252.5796243757646,242.6821299536724,246.55795266243172,255.48526192992875,248.9157159636094,253.60318043895649
240.63143420432425,248.7597073675784,259.7564663881883,249.55995624823086,253.48455101489287,262.548366199677,255.71699474824183,260.57592145931994
247.52139443807792,255.89546076027648,267.10464744038904,256.6012225296013,260.57350506096077,269.77234460533526,262.6708091155313,267.70636815840874
254.5797067996335,263.2057360053339,274.628057387905,263.8096152606985,267.828422440387,277.16065745048434,269.78040605159663,274.997899039214
261.81029858709275,270.69460251464756,282.3306505881408,271.188893001066,275.2529791318301,284.71682978670657,277.0490939589738,282.4539548191176
269.2171788456352,278.3662142710733,290.21646759207425,278.7428891272202,282.85093366075864,292.44445103688975,284.4802423015621,290.0780428074445
276.80443805434544,286.22481187366685,298.28962758255625,286.475509289721,290.6260990650357,300.34717725018663,292.0772785015278,297.8737306659551
284.5762538852686,294.2747192916638,306.5543268661129,294.39073595658283,298.5823724073868,308.4287300207633,299.84370595300413,305.844653669462
292.5368878460135,302.52034803448777,315.01484436287535,302.4926298183984,306.723721699693,316.69289796240105,307.7830723868836,313.99451233247004
300.6906865139393,310.96620506584793,323.67553917775217,310.78533018550723,315.0541890274626,325.1435372498359,315.89900290863704,322.3270735148946
309.042083806301,319.6168845250234,332.54085571046807,319.2730516383482,323.5778924233979,333.7845764659638,324.19518499241286,330.8461736840203
317.5956069485151,328.4770696011685,341.61532269268776,327.9600888107333,332.29902448819274,342.6200091188534,332.67536924945944,339.5557152612232
326.35586708064545,337.5515383842662,350.9035559552305,336.85081664443004,341.2218544063614,351.65389928326897,341.34337402603427,348.4596688670815
335.3275694957122,346.84516195797187,360.4102524052521,345.94969135099575,350.35073410343665,360.890380499092,350.20308284374397,357.5620788727707
344.5155111164847,356.3629072407142,370.1401912220965,355.2612504914258,359.69008887288584,370.3336619033432,359.2584488145079,366.8670535308795
353.9245814003685,366.1098362216344,380.0982640067307,364.7901146473604,369.2444238924146,379.98801721306506,368.5134936195581,376.3787753757967
363.5597638921965,376.09110893506966,390.2894130905114,374.54098667975813,379.0183210806746,389.85779649507435,377.97230979318306,386.10149729969066
373.42614293363454,386.31198340863114,400.71869458163644,384.51865458388954,389.01645592356203,399.94742095197114,387.6390549364347,396.03954241513617
383.5288931368931,396.7778163598597,411.3912480029599,394.7279883910842,399.24356538008703,410.2613844798269,397.5179578958114,406.19730824559406
393.87328805655636,407.49406518113915,422.31230281575773,405.17394269713003,409.70448017897235,420.8042543392389,407.6133179511817,416.5792652158067
404.46470006335323,418.4662858844518,433.4871801147633,415.8615642469747,420.4041098922577,431.58066901927043,417.9295053530915,427.1899543979175
415.30859986988196,429.7001360433166,444.9212887645942,426.79598110587347,431.34744668936116,442.59534404476796,428.47096138277817,438.03398853943884
426.4105586106553,441.20138232639687,456.62013266180116,437.9824069289426,442.53956522860136,453.85306903954205,439.2421989251957,449.1160646822681
437.77624771585135,452.97588830660885,468.5893107632777,449.42614357106027,453.98562307579834,465.358704686381,450.2478024244659,460.44093837541993
449.41143991171714,465.0296225295334,480.83450883605326,461.13257987975845,465.6908589195182,477.11718715743353,461.4924289828225,472.01344879336256
461.3220105135514,477.3686532125679,493.36150749930135,473.10719222965196,477.66060029625345,489.1335267718884,472.9808078349796,483.83850804047677
473.51393706632456,489.9991747508804,506.1761801998626,485.35554454237024,489.90025575648264,501.4128080348018,484.71774098681334,495.92110223756913
485.99330023874677,502.92745646001634,519.2844934660051,497.88328850733024,502.4153160106265,513.9601895011374,496.7081033749022,508.266290181222
498.7662845852641,516.159893306584,532.6925067963829,510.6961634538467,515.2113446951346,526.7809036480833,508.9568426154749,520.8792066258424
511.8391783296307,529.7029804244169,546.406372699154,523.799996185105,528.2940365390624,539.8802534181427,521.4689793973587,533.7650584374035
525.2183739069444,543.5633184047902,560.4323364755604,537.2007019319076,541.669099273036,553.2636280673523,534.2496072666645,546.9291282372697
538.9103684046105,557.7476177667556,574.776736186363,550.9042819842559,555.3423703057405,566.9364706847489,547.3038925856745,560.3767751710858
552.9217632108628,572.2626940913424,589.446002160587,564.9168254390032,569.3197581662231,580.9043095566793,560.6370744470281,574.1134324617433
567.2592644291605,587.1154675744119,604.4466559085965,579.2445073509716,583.6072525658071,595.1727417883534,574.2544642264442,588.1446029774405
581.9296823555127,602.3129660731041,619.7853104669224,593.8935892468204,598.2109277689981,609.7474356452065,588.1614459399285,602.4758635907993
596.9399321826206,617.8623264329653,635.4686690191174,608.8704170812581,613.1369404260097,624.6341298272348,602.3634748616248,617.1128636473308
612.2970324193092,633.7707861817883,651.5035234431555,624.1814196685964,628.3915229018346,639.8386322641417,616.8660782014025,632.0613255318459
628.0081058699587,650.0456839339828,667.8967539824521,639.833114924236,643.9809903368265,655.3668207968345,631.6748534703968,647.3270408787945
644.0803776061448,666.6944845139637,684.6553361371982,655.8321021186991,659.911733233971,671.2246428832053,646.7954689147982,662.9158726662747
660.5211753794988,683.7247238302027,701.7863237123968,672.185058961618,676.1902211474746,687.4181092141554,662.2336618488533,678.8337529205164
677.3379281988507,701.1440609343264,719.2968575478034,688.8987448096598,692.8230044953782,703.9532921080427,677.9952388302555,695.0866825305848
694.5381654406485,718.9602503859893,737.1941530586502,705.979998625649,709.8167050139919,720.8363475386745,694.0860738077406,711.6807274379136
712.1295162922077,737.1811470812396,755.4855453528097,723.4357362345673,727.1780224596928,738.0734649042565,710.512108120907,728.6220217115293
730.1197075421966,755.814705960588,774.1783947587703,741.2729498364466,744.9137221996463,755.6709132852907,727.2793484374208,745.9167660263058
748.5165633549487,774.8689775323559,793.2801753714288,759.498704556077,763.03064216753,773.6350159929043,744.3938664854645,763.5712206964147
767.3280023584302,794.352106853914,812.7984273250994,778.1201379370716,781.5356882952767,791.9721538982238,761.8617969143196,781.5917087617009
786.5620370502887,814.2723337354674,832.7407654978704,797.1444555277252,800.4358360497354,810.6887623582811,779.6893365749522,799.984613500822
806.2267708901638,834.6379873927835,853.1148745807723,816.578936295716,819.7381198550058,829.7913289307072,797.8827424469998,818.7563761236547
826.3303961705402,855.4574850270877,873.9285108064814,836.4309150037056,839.4496383201163,849.2863945903998,816.448330303531,837.9134936824128
846.8811928044678,876.739328587667,895.189494029789,856.7077942450635,859.5775485564488,869.1805456265737,835.3924728257833,857.4625176292291
867.8875245805359,898.4921041743493,916.9057067468347,877.4170343416139,880.129064550238,889.4804143291121,854.7215970215632,877.4100476923435
889.3578365505607,920.7244787934314,939.0850890344891,898.5661516725927,901.1114522162816,910.1926757176133,874.4421836963561,897.762745117767
911.3006534706162,943.4451976401637,961.7356381784277,920.1627146694349,922.5320274968417,931.324044609059,894.5607644251106,918.5273003544391
933.7245733099393,966.6630764666824,984.8654048963874,942.2143402724315,944.3981569680705,952.8812717039771,915.0839177435022,939.7104586652778
956.638268688548,990.3869999175383,1008.4824846687626,964.728695009152,966.717246469291,974.8711410567079,936.0182709741374,961.3190037029455
980.0504769450743,1014.6259178757493,1032.5950169700268,987.7134834204996,989.4967425898035,997.3004663191562,957.3704907098654,983.3597573746531
1003.970003363666,1039.3888447891593,1057.2111811541959,1011.176448331649,1012.7441272662714,1020.1760870507287,979.1472879266273,1005.8395764498757
1028.4057091765958,1064.6848466087727,1082.3391907126052,1035.125364907959,1036.466916779038,1043.5048649842522,1001.3554090120664,1028.7653485238156
1053.366515115883,1090.5230432579124,1107.9872878429205,1059.5680370248833,1060.6726507509395,1067.293679670242,1024.00163437988,1052.1439903237294
1078.8613893501233,1116.91260060511,1134.1637400155914,1084.5122934451115,1085.3688928935785,1091.5494244582742,1047.0927777903075,1075.982441569792
1104.8993482591586,1143.8627262520733,1160.8768319987162,1109.9659793039493,1110.5632246411706,1116.2790019511544,1070.6356771202593,1100.2876623236857
1131.4894476098677,1171.382662616155,1188.1348642802877,1135.9369535256171,1136.263240485437,1141.489319293217,1094.6371983407548,1125.0666287316258
1158.6407779861233,1199.4816815970305,1215.9461416224424,1162.4330826803198,1162.4765423182803,1167.1872835294835,1119.1042243021411,1150.3263286684703
1186.3624604419715,1228.1690792501222,1244.3189699557036,1189.4622349569754,1189.2107341569924,1193.3797973885066,1144.0436561016143,1176.0737573032045
1214.6636365768748,1257.454167050656,1273.2616499155408,1217.032274224069,1216.4734168979323,1220.0737531428567,1169.4624072607405,1202.3159122806162
1243.553467805715,1287.346266409419,1302.7824694527962,1245.1510533530613,1244.2721811507733,1247.27602610494,1195.3673966984757,1229.0597888992788
1273.0411212366146,1317.8547012204212,1332.8896969892148,1273.8264080418116,1272.6146029118327,1274.993472020622,1221.7655507169768,1256.3123749881465
1303.135771273431,1348.9887901853795,1363.5915734319258,1303.0661486140543,1301.5082349403492,1303.2329171078377,1248.6637891917778,1284.080645559919
1333.8465825662786,1380.757838870257,1394.896305392115,1332.8780569138528,1330.9606012113256,1332.0011563115681,1276.0690305162575,1312.371557808302
1365.1827125182394,1413.1711318150058,1426.8120586372088,1363.2698735883516,1360.979190227112,1361.3049447077528,1303.9881792503859,1341.1920450926596
1397.1532933742656,1446.2379238505014,1459.3469459619791,1394.249294579979,1391.571448028572,1391.1509912399906,1332.4281229091716,1370.5490109046887
1429.7674324386132,1479.9674308756316,1492.5090204566,1425.8239603046804,1422.7447693898837,1421.5459514201566,1361.395729671572,1400.4493224573105
1463.034197388415,1514.3688214281703,1526.3062707453003,1458.0014495021924,1454.506492039022,1452.4964218238927,1390.8978356535795,1430.8998056939963
1496.9626100496655,1549.4512066968978,1560.7466217119947,1490.7892715352173,1486.8638874733754,1484.0089331588101,1420.9412483101512,1461.9072382329186
1531.5616376010428,1585.2236313995572,1595.8378478446054,1524.194853564452,1519.824153570887,1516.0899422945636,1451.5327314616698,1493.4783399187872
1566.8401797159975,1621.695063435614,1631.5877277511856,1558.2255392974178,1553.394407212514,1548.745822682732,1482.6790052983524,1525.619771887545
1602.8070641927688,1658.8743831432798,1668.0038672283306,1592.8885697099818,1587.5816718064498,1581.9828644311488,1514.3867381338077,1558.3381240474453
1639.4710293311443,1696.770369744118,1705.0937730991616,1628.1910820102994,1622.392873173162,1615.8072577929229,1546.6625366591068,1591.6399126263561
1676.8407222029032,1735.3916954131232,1742.864827006016,1664.1400968042042,1657.834835429894,1650.2250879785418,1579.5129463646372,1625.5315667508062
1714.9246779956002,1774.7469111280916,1781.3242730167635,1700.7425099864986,1693.9142378477231,1685.2423275053645,1612.9444348298855,1660.0194273645864
1753.7313192836332,1814.8444385155408,1820.4792106570476,1738.0050762567346,1730.6376733758002,1720.8648314351462,1646.9633948007138,1695.1097322916912
1793.2689341252321,1855.6925452447263,1860.3365859511437,1775.9344119742557,1768.0115709657043,1757.0983224238917,1681.5761294686606,1730.8086135552087
1833.5456740760692,1897.2993528864731,1900.9031662817206,1814.5369716903485,1806.0422212286364,1793.9483858795454,1716.7888469798831,1767.1220898523388
1874.5695347397593,1939.6728084730348,1942.1855410758583,1853.8190440730277,1844.7357584019549,1831.4204631169623,1752.6076559446,1804.0560553042967
1916.3483476427116,1982.820679970875,1984.1901150653862,1893.7867365098598,1884.0981479079421,1869.519837050418,1789.0385508264687,1841.6162712535604
1958.8897669681955,2026.7505404291398,2026.9230824547292,1934.445975689769,1924.1351806280513,1908.2516259391482,1826.0874125458697,1879.8083560553553
2002.2012550110794,2071.4697516102783,2070.3904269530653,1975.8024870922932,1964.8524606574479,1947.6207763408113,1863.7599923524365,1918.6377849358046
2046.2900731184898,2116.985454073936,2114.5979028250426,2017.8617758501528,2006.255394459211,1987.6320515564926,1902.0619088778778,1958.109877024067
2091.163263264299,2163.304556004258,2159.5510242096434,2060.6291289952833,2048.349180296874,2028.2900253768942,1940.9986383203259,1998.229774520701
2136.8276409836844,2210.4337242736156,2205.255058182135,2104.1096069615455,2091.138797788214,2069.5990601402195,1980.5755033088567,2039.0024466315704
2183.289775198725,2258.3793465070385,2251.715002686226,2148.3080168484867,2134.628998082795,2111.563322548004,2020.7976698762986,2080.432680050782
2230.555981393029,2307.1475368661117,2298.9355875173133,2193.228914552737,2178.824287617605,2154.186749851864,2061.6701316256217,2122.525066210803
2278.632301358091,2356.7441309749415,2346.921246478817,2238.8765851694943,2223.7289275779585,2197.4730502804737,2103.197707936756,2165.2839873357275
2327.524495176357,2407.1746487682017,2395.6761148042506,2285.2550336169334,2269.3469139052845,2241.4256963736416,2145.3850302416267,2208.7136230979245
2377.23802296302,2458.4443034191304,2445.2040180769895,2332.367977623339,2315.6819650132347,2286.047912475969,2188.23653424684,2252.8179235843
2427.7780333040673,2510.5579480278643,2495.5084577752664,2380.218826336371,2362.7375355326785,2331.342665564971,2231.7564527816544,2297.600616520751
2479.1493486353943,2563.5201226595145,2546.592596362491,2428.8106837985115,2410.516769590816,2377.312655609298,2275.9488032200197,2343.0651839010816
2531.3564508035374,2617.334982119365,2598.4592435618038,2478.14631981124,2459.0224938416673,2423.960303887795,2320.8173822897506,2389.2148484672107
2584.4034681416497,2672.0063153424708,2651.1108634172783,2528.2281697163603,2508.257235733619,2471.2877366420803,2366.365753861293,2436.052575462698
2638.294160649727,2727.537514754542,2704.5495300682614,2579.0583225469436,2558.223198561976,2519.2968022362857,2412.597241480615,2483.581063876209
2693.0319067089686,2783.9315737890465,2758.7769360775255,2630.6385086694736,2608.92224007595,2567.9890967909314,2459.514919052189,2531.802738058318
2748.619689851469,2841.1910688446205,2813.7943875774467,2682.9700848167718,2660.355876362056,2617.365670596875,2507.1216012849222,2580.7197371536276
2805.06008378389,2899.3181373811813,2869.60277845965,2736.054040466374,2712.5252636816786,2667.4276013766507,2555.4198351651403,2630.333883189635
2862.3552419807393,2958.3144813460344,2926.2025862819337,2789.890968067525,2765.431194715603,2718.175405815895,2604.411891447356,2680.6467187118783
2920.506880615422,3018.181342758957,2983.5938622791614,2844.4810726662245,2819.0740790826053,2769.6093223692906,2654.099754515638,2731.6594592161928
2979.516270511346,3078.9194935387677,3041.7762176192655,2899.824133734025,2873.4539456861175,2821.7292486662227,2704.4851151936923,2783.373002605522
3039.3842202899136,3140.5292239543933,3100.7488169551843,2955.919512800276,2928.5704304081046,2874.5347243085357,2755.5693616100916,2835.787920086501
3100.1110675187215,3203.010330124306,3160.5103691618174,3012.7661344134503,2984.4227540702814,2928.024921014229,2807.3535695804558,2888.904434468318
3161.6966658652436,3266.362102857603,3221.059115363587,3070.3625098920725,3041.0097429182742,2982.198646768517,2859.838497905622,2942.7224249121027
3224.140372462987,3330.5833168284075,3282.3928236509437,3128.7067336386754,3098.3297934389175,3037.0543478952986,2913.0245747618465,2997.2414006025874
3287.441041320437,3395.672220154034,3344.508789488183,3187.796301557277,3156.380877513935,3092.590052688087,2966.9118961458043,3052.4605320168353
3351.597005898177,3461.6265242489044,3407.4037824941884,3247.6284718047164,3215.160531887608,3148.803452382618,3021.500213299223,3108.3786850950464
3416.606079474868,3528.443394635419,3471.074125568738,3308.199889899488,3274.665853351762,3205.6918138542924,3076.7889269836796,3164.9940554373516
3482.465533015087,3596.1194424844416,3535.515612920113,3369.506767205451,3334.8935082792823,3263.2520107368414,3132.7770837206863,3222.3048969191805
3549.1721022902457,3664.650716732998,3600.723533869507,3431.5448386215344,3395.8396848433995,3321.4805187769884,3189.463360843175,3280.308783201652
3616.7219623217898,3734.0326967024484,3666.6926684540144,3494.3093575412263,3457.5001128464964,3380.373408145095,3246.846072428725,3339.0029662441884
3685.110738329842,3804.2602856530807,3733.417277010031,3557.79510391942,3519.870082602623,3439.9263320068385,3304.92314906288,3398.384298163136
3754.3334828473553,3875.327805082743,3800.8911035393276,3621.9963425601863,3582.9444084152483,3500.134542798153,3363.6921430161538,3458.449227036638
3824.3846821081897,3947.2289897900573,3869.1073722389333,3686.906861931284,3646.717437806583,3560.9928566159065,3423.1502199169404,3519.193804820921
3895.258245379801,4019.9569838233106,3938.058770642407,3752.5199588394116,3711.183045692744,3622.495666443016,3483.294148132067,3580.613650477299
3966.9474998388164,4093.5043372607915,4007.737455710548,3818.828437576466,3776.3346353359007,3684.6369671936177,3544.1203074428904,3642.7039769803478
4039.4451947363377,4167.863004058224,4078.1350769310156,3885.8245814569277,3842.1651345883406,3747.4103213419303,3605.6246670261608,3705.459583811915
4112.743485776115,4243.024340929206,4149.242770276578,3953.5002051009005,3908.666997731051,3810.808874175972,3667.8027998994826,3768.8748469334705
4186.833952145393,4318.9791062060785,4221.051064844106,4021.8466212417825,3975.832216464874,3874.8253278515735,3730.649866984456,3832.943720240223
4261.707572949168,4395.717460900809,4293.550086979489,4090.854652455732,4043.6522606035433,3939.4519866408573,3794.160618013366,3897.6597347771135
4337.3547544514595,4473.228970362994,4366.729368813787,4160.514635673539,4112.118200244408,4004.680727049047,3858.329397264987,3963.015997506779
4413.765301822088,4551.5026114554585,4440.577946449974,4230.816407057948,4181.2205862572055,4070.503009911238,3923.1501241902206,4029.005192023951
4490.928452471348,4630.526749585405,4515.084334569937,4301.749310431858,4250.949518084752,4136.909882587504,3988.6163173693003,4095.6195787724514
4568.832849779274,4710.289193592451,4590.236542097036,4373.3022287198055,4321.294636265036,4203.891964699402,4054.7210669481856,4162.85099665812
4647.466570931165,4790.777159684822,4666.022102396157,4445.463572350951,4392.245118936543,4271.439473331588,4121.457054752436,4230.690862784587
4726.8171189349405,4871.977295631577,4742.428034765507,4518.221280524066,4463.789703801194,4339.542227679923,4188.816549826329,4299.130179001702
4806.871431731538,4953.875677408679,4819.440917851966,4591.56284890641,4535.916656584925,4408.189656169367,4256.791399795471,4368.159532273185
4887.615896076847,5036.45783125259,4897.04682790613,4665.475295210473,4608.613816018775,4477.3707773567785,4325.37305426551,4437.7690991843565
4969.036341546689,5119.708734458092,4975.231341862104,4739.945206917519,4681.868598302406,4547.074232195011,4394.55253925284,4507.948645905169
5051.118070817216,5203.612833415038,5053.979618011257,4814.958726756009,4755.668041536522,4617.28827310069,4464.320487246363,4578.687551277672
5133.845843972028,5288.154023698785,5133.276359892865,4890.501599654169,4829.998572229356,4688.000777274425,4534.667122643081,4649.97479379928
5217.203919823172,5373.315719037098,5213.105861307582,4966.559189852928,4904.8465053622185,4759.1992747110025,4605.582270577078,4721.798934294926
5301.176035577793,5459.080853847261,5293.452019108941,5043.116308069366,4980.197570566952,4830.8709777777,4677.055372759802,4794.148184713552
5385.745454345152,5545.431767711449,5374.298218485852,5120.157608832825,5056.037167261395,4903.002579853855,4749.075469467883,4867.010372571041
5470.894945861089,5632.350495069352,5455.627618109052,5197.667223533299,5132.350321711927,4975.580696560555,4821.631237314477,4940.372981416148
5556.606829270714,5719.818514606952,5537.422900506297,5275.62896417734,5209.121702539738,5048.5914506463305,4894.710962836693,5014.223041644944
5642.862971520368,5807.816894511359,5619.666418612328,5354.026299930475,5286.3356389632345,5122.020693528542,4968.3025736169575,5088.547371333698
5729.644810945924,5896.326288744013,5702.340186154308,5432.842372517938,5363.976125304943,5195.853975807562,5042.393640405042,5163.332365679214
5816.933377304543,5985.326955434684,5785.425897235369,5512.0600174678375,5442.026838726882,5270.0765586285725,5116.97137423871,5238.564113963475
5904.70930016208,6074.798774462175,5868.9049469423435,5591.661763531007,5520.471162407028,5344.673435365141,5192.022658990648,5314.2283885180495
5992.9528435307975,6164.721272107504,5952.758430358501,5671.629854494964,5599.292191919105,5419.629328268376,5267.534031567161,5390.310655921108
6081.643906033705,6255.0736150644925,6036.967177123068,5751.94629064529,5678.472750211704,5494.928695634941,5343.491719305244,5466.79607888286
6170.762063350168,6345.83467614781,6121.511779999629,5832.592825887053,5757.99541423793,5570.5557845885405,5419.881633065227,5543.669548689558
6260.286565835216,6436.983032370308,6206.3726040102565,5913.55098487038,5837.842523864063,5646.494614223052,5496.689382312382,5620.915687142501
6350.196383503297,6528.496994084071,6291.529801160887,5994.802081508427,5917.996204997314,5722.729002175571,5573.900297071234,5698.518863084084
6440.470205821999,6620.354596931976,6376.963333782209,6076.32725185794,5998.4383798500785,5799.242544792566,5651.499419054344,5776.46320630492
6531.08648246376,6712.533688996287,6462.653004066844,6158.107461159738,6079.150780593481,5876.018707943833,5729.471541102799,5854.732607998262
6622.023433703545,6805.01189740404,6548.578467829663,6240.12352277876,6160.114973128505,5953.04077262306,5807.8011931247165,5933.310750372929
6713.259079555035,6897.766675174981,6634.719252456542,6322.35612553769,6241.312386737222,6030.291879983105,5886.472674181161,6012.181126076111
6804.771262648157,6990.775321666791,6721.054786461191,6404.78584605361,6322.724320635745,6107.755042448095,5965.470061909576,6091.327045451347
6896.537668260818,7084.01500892384,6807.564412444396,6487.393174087307,6404.331962082275,6185.41316031404,6044.777218105999,6170.731647319666
6988.535854005258,7177.462804414457,6894.227413307249,6570.1585237681065,6486.116407695151,6263.249038847807,6124.377819403307,6250.377916634489
7080.743266717433,7271.095688048823,6981.023029474629,6653.062261703609,6568.058683899046,6341.245402099281,6204.255352652437,6330.2487085956545
7173.137273218476,7364.890591562484,7067.930480260735,6736.084720013142,6650.139764353876,6419.384910494746,6284.393146601269,6410.326759955779
7265.695178248574,7458.824413558883,7154.928985422503,6819.206226882305,6732.340587623756,6497.650179776294,6364.77437700034,6490.594701453452
7358.39425268649,7552.87404247753,7241.997792847079,6902.40711519622,6814.642075616201,6576.0237939159215,6445.38208374199,6571.035076428969
7451.211754739945,7647.016385190371,7329.116182565931,6985.667754998643,6897.02515303122,6654.48832282096,6526.1991917550695,6651.630357367163
7544.124953942459,7741.228388512741,7416.263530718136,7068.96854639629,6979.470766937606,6733.026338809779,6607.208516671838,6732.362962296072
7637.111155665085,7835.487061428789,7503.419244069146,7152.289970439627,7061.95990330193,6811.620432044248,6688.392791754775,6813.215269232278
7730.147722145531,7929.769497970166,7590.562869268599,7235.612588395326,7144.473614535012,6890.253226525235,6769.734673626737,6894.169635248632
7823.212096756965,8024.052905303501,7677.674065779201,7318.917064520872,7226.99301306042,6968.907396003269,6851.216764230946,6975.208411104094
7916.281826146378,8118.314616468342,7764.732632377826,7402.1841887473365,7309.4993168260025,7047.56568123693,6932.821625393976,7056.31395823102
8009.334580116638,8212.532122677254,7851.718531163769,7485.39488014573,7391.973839306109,7126.210906750872,7014.531792520808,7137.468662371159
8102.34817776118,8306.683086580913,7938.611894781388,7568.530214834671,7474.398022648158,7204.82598566551,7096.329792866298,7218.654952323527
8195.300600747001,8400.745367447711,8025.393046020252,7651.571447749335,7556.753468849349,7283.393937887059,7178.198159551327,7299.855312725412
8288.170024345469,8494.697038440392,8112.04253206488,7734.50002293115,7639.021912391028,7361.897922426944,7260.11944698547,7381.052299911497
8380.934823725735,8588.516395823523,8198.541125755877,7817.297578963868,7721.185283110612,7440.321211979679,7342.076247280227,7462.228557581899
8473.573609128882,8682.182006482682,8284.869833101033,7899.945984143287,7803.225700775219,7518.647253703881,7424.051204753342,7543.36683192121
8566.065226829522,8775.67270604095,8371.00992886912,7982.427329122848,7885.125470946186,7596.859655905737,7506.027029255797,7624.449987794487
8658.388794504044,8868.967607426337,8456.942950525512,8064.723966194136,7966.867138972615,7674.942194066168,7587.986515540915,7705.461018949538
8750.523704132776,8962.046139072922,8542.650734363931,8146.818492495892,8048.433467446369,7752.878850021306,7669.912549658838,7786.383064140409
8842.44964681447,9054.88804116358,8628.115400759092,8228.693792988339,8129.807463293532,7830.653791653249,7751.788133006631,7867.199417990538
8934.146626765902,9147.473399449505,8713.319399049884,8310.333029592797,8210.97239502133,7908.2514169577,7833.596388295868,7947.893549052065
9025.594971814591,9239.782639443727,8798.245493643102,8391.719666840063,8291.911794424395,7985.656344953218,7915.320575026368,8028.449108527082
9116.775357708219,9331.796561854468,8882.876785988708,8472.837476026803,8372.60948624606,8062.85343940623,7996.944107525011,8108.849941680544
9207.668806459655,9423.49633794229,8967.196722668843,8553.670546537878,8453.049578038619,8139.827798317707,8078.450556613926,8189.080103844613
9298.256718237306,9514.863528021644,9051.189105649433,8634.20329557781,8533.21648705165,8216.564784743921,8159.823677206905,8269.123868266543
9388.520860456285,9605.880091791343,9134.838103480359,8714.420477292022,8613.094928940878,8293.050016138184,8241.047405145891,8348.965735848335
9478.443404156198,9696.528398518178,9218.128252310378,8794.307192072902,8692.669940342474,8369.2693847094,8322.105879216582,8428.590450523025
9568.006906941499,9786.7912372494,9301.044472485606,8873.848892545713,8771.926882085436,8445.20906489022,8402.983449985259,8507.983004938564
9657.194349554415,9876.651824060413,9383.572063178353,8953.031388938694,8850.851452236102,8520.85551899649,8483.664683044695,8587.128650518755
9745.989121615998,9966.093813350051,9465.696714244074,9031.840865774144,8929.429689463324,8596.19550878025,8564.13438518751,8666.012906606942
9834.375044040087,10055.101284774859,9547.404542335367,9110.263865070076,9007.647984735455,8671.216095804932,8644.37759218143,8744.621569291761
9922.336370337096,10143.658787847095,9628.682044170615,9188.287312814295,9085.493078366877,8745.904653560463,8724.379601648807,8822.94071970199
10009.857790528471,10231.751325998204,9709.516123392714,9265.8985085793,9162.952074590425,8820.248865989635,8804.125964791361,8900.95673005794
10096.924445642495,10319.364346862363,9789.894099392264,9343.085140155417,9240.012435965346,8894.236737652476,8883.602498561222,8978.656270485888
10183.521917828564,10406.483767160757,9869.803704866523,9419.835287420947,9316.661994951284,8967.85659351188,8962.795302691291,9056.026312406957
10269.636253123848,10493.095968170892,9949.233088254503,9496.137431227233,9392.888952803105,9041.097086563868,9041.69074812583,9133.054140548076
10355.253942605765,10579.187798824063,10028.170816476388,9571.98043649635,9468.681884388267,9113.94719804806,9120.275507855402,9209.727355659299
10440.36194907423,10664.746577934067,10106.605874353345,9647.35355062469,9544.029741475824,9186.396244139996,9198.536540802825,9286.033877709397
10524.947683350896,10749.760094343765,10184.527666775393,9722.2463419083,9618.921851400582,9258.433873935368,9276.461112092731,9361.961951097841
10608.999030528441,10834.21660732392,10261.92601789218,9796.649097659505,9693.347922456094,9330.050077088641,9354.036795683527,9437.500149368652
10692.504328650466,10918.104846516737,10338.791170001674,9870.552016229536,9767.298037393575,9401.235175003518,9431.251469362982,9512.63737754163
10775.452384011913,11001.414010855848,10415.113780800211,9943.946009521325,9840.762667497665,9471.97983760852,9508.093338952503,9587.362873668742
10857.83246222276,11084.133768774063,10490.884924012737,10016.822303469171,9913.7326536535,9542.275073390843,9584.550916160792,9661.666212741671
10939.634287831823,11166.254251742814,10566.096089016171,10089.17251360894,9986.199221109833,9612.112222377056,9660.613048837893,9735.537308481891
11020.848047395226,11247.766054754282,10640.739163756534,10160.988645752734,10058.1539748418,9681.482980184495,9736.268905063847,9808.966412539407
11101.464377314605,11328.660232631064,10714.80644851693,10232.263124754298,10129.588883815693,9750.37936767953,9811.507979666216,9881.944119830048
11181.474373880608,11408.928300022691,10788.290681057968,10302.988684080989,10200.496305232133,9818.793749953968,9886.320105993638,9954.461364240738
11260.869574369328,11488.562213730926,10861.184958836278,10373.15848232776,10270.868953850124,9886.718833703597,9960.695438439385,10026.509424321492
11339.64196986859,11567.554371064092,10933.482786797274,10442.7660674051,10340.699919942908,9954.147646666996,10034.624476948558,10098.079916156976
11417.783983405445,11645.897644179926,11005.178013999723,10511.805312860557,10409.982658473833,10021.073564168897,10108.098046624447,10169.164796977828
11495.28848222756,11723.585328308287,11076.265069574578,10580.270471096255,10478.710978961502,10087.490283939707,10181.107311093248,10239.756362209979
11572.14875729147,11800.611136780171,11146.73848030405,10648.156215788114,10546.879058134818,10153.39183031855,10253.643770280838,10309.847244564731
11648.358529539084,11876.969213817654,11216.593334079444,10715.457534360696,10614.48141570563,10218.772560013149,10325.699251167916,10379.43041247608
11723.91193654603,11952.654114095729,11285.825035903921,10782.16979597394,10681.51292808009,10283.627138869844,10397.265923914694,10448.499168206126
11798.803528858693,12027.660848192558,11354.429360363945,10848.288679395628,10747.968813599316,10347.950561873311,10468.336279185178,10517.047146006971
11873.028264916198,12101.984773257187,11422.402431857061,10913.810219959963,10813.844625414353,10411.738133444356,10538.903148162988,10585.068307045764
11946.581499765736,12175.621672855905,11489.740744296781,10978.730791220774,10879.136258423241,10474.985463277633,10608.959685897013,10652.556940663653
12019.458984435243,12248.56771104772,11556.441124756713,11043.047095854123,10943.839926312652,10537.68847537209,10678.49937215205,10719.507654368706
12091.656850920639,12320.819436494605,11622.500736320811,11106.756160365752,11007.952173642861,10599.843385046439,10747.516016358646,10785.915377988986
12163.171612965443,12392.373766633484,11687.917073998728,11169.85532952164,11071.469858577806,10661.446709761096,10816.003740853626,10851.775351728016
12234.000149941554,12463.228005682786,11752.687953098983,11232.342256568136,11134.390148055913,10722.495258129595,10883.9569944409,10917.083129610895
12304.139707056187,12533.379802665335,11816.811502823173,11294.214898753426,11196.710518646625,10782.98611906767,10951.370534496593,10981.834568727883
12373.587880057119,12602.827155542534,11880.286165724923,11355.471512902173,11258.428739580399,10842.916669557251,11018.239432068127,11046.025830454202
12442.342613049754,12671.568408507534,11943.110714760705,11416.110649405886,11319.542877286684,10902.284557301531,11084.559066851638,11109.653370674627
12510.40218621501,12739.602224478524,12005.28417035434,11476.131127880988,11380.051281511202,10961.087701012879,11150.325117432336,11172.713939957408
12577.765209288711,12806.927593593911,12066.80586064405,11535.53204584228,11439.952580347108,11019.324286437668,11215.533567696402,11235.204572842718
12644.430613157645,12873.543860441807,12127.675386006407,11594.312796196016,11499.245676849248,11076.992753268065,11280.18068945525,11297.122589323608
12710.397640249921,12939.450635262743,12187.892622078003,11652.47301720021,11557.929736434327,11134.091799129366,11344.263050467262,11358.465584014608
12775.665837793815,13004.647837937828,12247.457706525005,11710.012596182354,11616.004186480322,11190.620366696428,11407.77750126858,11419.231422946994
12840.235047331334,13069.135674613195,12306.371031033534,11766.931672249739,11673.468704965138,11246.57763913573,11470.721171926745,11479.418239476496
12904.105398046731,13132.914635550163,12364.633239447856,11823.23062409227,11730.323215045239,11301.963037782136,11533.091471073314,11539.024424055766
12967.277296685861,13195.985484300847,12422.24520924908,11878.910066445773,11786.56787937778,11356.776210122021,11594.886073471858,11598.048624777402
13029.75142014898,13258.349245737882,12479.208053683575,11933.970837246003,11842.203090930645,11411.017029793084,11656.102923015427,11656.4897355123
13091.52870641703,13320.007203688214,12535.523109030728,11988.41399652001,11897.229468481653,11464.685587106302,11716.740220406244,11714.346895029754
13152.610346198197,13380.960882487358,12591.191931475629,12042.240812573573,11951.64784832764,11517.782182891922,11776.796421577677,11771.619478076276
13212.997774812593,13441.212049018024,12646.216282613646,12095.452761303504,12005.459277885557,11570.3073247132,11836.270231714705,11828.307090314198
13272.692663427642,13500.762694749463,12700.598150644244,12148.051514012253,12058.665009036118,11622.261718710906,11895.160597185553,11884.409563211002
13331.696911133127,13559.61503319686,12754.339691100826,12200.038932320902,12111.266491529432,11673.646264636805,11953.466704077757,11939.926946411731
13390.012636763026,13617.771497585527,12807.443256410726,12251.417063659937,12163.265365590702,11724.462049735865,12011.187967750107,11994.859503714044
13447.642170309471,13675.234722642712,12859.911377305447,12302.18813236406,12214.663456453742,11774.710342713945,12068.324031333943,12049.207705215136
13504.58804600246,13732.007553815223,12911.746754899295,12352.35455005653,12265.462766750385,11824.392587569211,12124.874757297117,12102.97222276483
13560.852992727698,13788.093003171974,12962.952272920504,12401.918866211698,12315.665470204698,11873.510398322509,12180.840222123315,12156.153923245498
13616.439928531952,13843.494272158343,13013.530957486648,12450.883798260136,12365.27390649306,11922.065552768658,12236.220711577207,12208.75386269989
13671.351950109352,13898.214729195917,13063.48600718578,12499.252189887135,12414.290572260179,11970.059986197495,12291.016713296933,12260.77328060105
13725.592328580069,13952.257944364877,13112.82074971249,12547.027128506139,12462.718118160243,12017.495787652533,12345.228912443068,12312.213594037732
13779.164498477374,14005.627593288642,13161.538664601008,12594.211692751222,12510.559339850568,12064.375191312787,12398.858184995162,12363.07639132071
13832.072053791802,14058.327535583874,13209.643358859468,12640.809189826727,12557.817173030166,12110.700573242646,12451.905592258636,12413.363427231869
13884.318738257009,14110.36176800075,13257.13856465029,12686.823029158857,12604.494688957053,12156.47444578525,12504.372375171175,12463.076616034905
13935.908439773759,14161.734424967251,13304.028145436798,12732.25674070824,12650.595084802953,12201.69944974697,12556.259948644136,12512.218026706969
13986.845183297757,14212.449772162372,13350.316061241087,12777.113968910186,12696.121682889854,12246.378353204816,12607.56989541476,12560.789877228333
14037.133123139212,14262.5121984316,13396.006405979375,12821.398468407957,12741.077920243057,12290.51404185124,12658.303961489255,12608.794528150764
14086.776538372811,14311.92620632414,13441.103351554533,12865.114092098556,12785.46734566108,12334.10951609446,12708.464049087515,12656.234478881819
14135.779823462972,14360.696408223797,13485.611191715652,12908.264790957952,12829.293615172352,12377.167887471507,12758.052212329356,12703.1123598155
14184.14748563954,14408.82753993114,13529.534289955118,12950.854619350817,12872.560482602938,12419.692369142978,12807.070651511443,12749.430929736856
14231.884134447395,14456.324418287171,13572.87711996485,12992.887717908041,12915.271800564002,12461.686276047812,12855.521706800795,12795.193068136072
14278.994480491732,14503.19195595515,13615.644219647795,13034.36829668039,12957.43150865868,12503.153016882066,12903.407854902467,12840.401771427527
14325.48332462208,14549.435150922016,13657.84021276264,13075.300652234077,12999.043632987725,12544.096089167488,12950.731701069635,12885.060148071447
14371.355556897874,14595.059086636798,13699.469785285784,13115.68914888505,13040.112281045702,12584.51907876056,12997.495976597882,12929.171411819376
14416.61614719142,14640.068918958386,13740.537695654008,13155.538224773605,13080.641633252908,12624.42564892355,13043.703531944135,12972.738879825843
14461.270142308427,14684.469877100033,13781.048756793769,13194.85237464265,13120.635944619104,12663.819541221705,13089.357331959021,13015.765964067108
14505.322659763597,14728.267256168996,13821.007847507313,13233.636160692391,13160.09953312368,12702.70456975726,13134.460452444839,13058.256170375276
14548.778882472845,14771.466406067138,13860.419895398192,13271.894190975889,13199.036780459088,12741.084614048767,13179.016072259805,13100.213090924513
14591.644055163328,14814.072736929751,13899.289880183625,13309.63112738712,13237.45212672328,12778.963621310955,13223.027472661208,13141.640401028952
14633.923475490661,14856.091708317286,13937.62282636538,13346.851678682266,13275.350063242404,12816.345594793449,13266.49802825433,13182.541855396521
14675.622497044616,14897.528826108764,13975.423796955041,13383.560595441191,13312.735134391653,12853.2345949414,13309.431205493369,13222.921281333385
14716.746515292962,14938.389638190061,14012.69789233381,13419.762666861781,13349.611926657235,12889.634735884989,13351.830557602581,13262.78257829164
14757.3009698254,14978.67972940584,14049.450243618823,13455.462717152084,13385.985070294788,12925.550176892557,13393.69971829639,13302.129709316217
14797.291340264794,15018.404717847794,14085.686010924694,13490.665601328792,13421.859233802721,12960.985125335576,13435.042401117877,13340.966701480987
14836.723135878467,15057.570251142388,14121.410380254127,13525.376202034118,13457.239118266267,12995.943827712294,13475.86239066127,13379.297638332959
14875.601901104195,15096.182002234484,14156.62855754387,13559.599426491468,13492.129458977459,13030.430568068445,13516.16354262097,13417.126656951541
14913.933202289594,15134.245665625212,14191.345769920934,13593.34020298567,13526.535015491396,13064.449667747836,13555.949777209229,13454.457947534922
14951.722629413292,15171.76695391279,14225.5672575999,13626.60347754099,13560.460573955272,13098.00547587485,13595.225075515287,13491.295743407596
14988.97579338529,15208.751595006263,14259.29827484729,13659.394211097266,13593.910941363298,13131.102372260588,13633.993477732445,13527.644323412413
15025.69831669292,15245.205327055124,14292.544084053367,13691.717377598332,13626.890941727997,13163.744761543127,13672.259075497723,13563.508006225977
15061.895838047398,15281.133896446683,14325.309954563825,13723.577958903976,13659.405417591257,13195.937068881887,13710.026013304334,13598.89114465334
15097.574001907611,15316.543054370213,14357.601158396279,13754.980943548398,13691.4592194341,13227.683742390349,13747.2984797945,13633.79812867297
15132.738459277509,15351.438552252235,14389.422969363863,13785.931324150375,13723.05720900791,13258.989243331116,13784.080708176698,13668.233374530237
15167.394866513165,15385.826143965482,14420.780657951404,13816.43409446094,13754.204258229243,13289.858049176666,13820.376971754124,13702.20132696714
15201.548875202292,15419.7115795372,14451.679493671592,13846.49424701274,13784.905237839494,13320.294649658674,13856.191577912703,13735.706456154103
15235.206137326275,15453.100598262396,14482.124735477264,13876.116770827142,13815.165023537726,13350.303540166115,13891.528870950466,13768.753250517577
15268.372300393421,15485.998936873386,14512.121633449513,13905.306649036691,13844.988492945962,13379.889225687233,13926.393222735674,13801.346220148342
15301.052999358428,15518.412313726027,14541.675432271226,13934.06885667372,13874.380515795381,13409.05621626008,13960.789031764332,13833.489888660428
15333.253864016311,15550.346440091918,14570.79135658842,13962.408359366653,13903.34596073111,13437.809019937495,13994.720725078887,13865.188793056966
15364.98050960705,15581.80700774986,14599.474617401258,13990.330111799281,13931.88969009866,13466.15214858576,14028.192746551887,13896.447483962873
15396.238533734973,15612.79969006177,14627.730414302905,14017.83905296199,13960.016553486748,13494.090112404609,14061.209560725847,13927.270515498225
15427.033523125232,15643.330141035254,14655.563921104556,14044.940108635748,13987.731393551212,13521.627413607155,14093.77565039188,13957.662448820616
15457.371040492199,15673.403993239872,14682.980293250812,14071.638185883421,14015.039039189422,13548.768552420583,14125.895508305184,13987.627853928188
15487.256627849034,15703.026855210814,14709.984667915849,14097.938171578731,14041.94430238314,13575.51802121985,14157.573641336869,14017.17129500167
15516.695809282077,15732.204310029712,14736.582153091278,14123.844934693301,14068.45198317163,13601.880299658918,14188.814564595617,14046.297337061458
15545.69407894233,15760.941913434257,14762.77783366965,14149.363319953329,14094.566861101162,13627.859859866738,14219.622797637649,14075.010549244753
15574.256906390234,15789.245191900474,14788.576770264746,14174.498151375066,14120.29369514285,13653.46116060955,14250.002868533858,14103.315487853959
15602.389736723646,15817.119642934173,14813.983991258101,14199.2542259229,14145.63722830116,13678.688643758978,14279.959303505299,14131.216704240283
15630.097981087085,15844.570732226799,14839.00449795372,14223.63631463797,14170.602176832708,13703.546738895133,14309.496629833055,14158.718748249337
15657.387022203677,15871.603890390497,14863.643262538757,14247.649161768722,14195.193233799044,13728.03985737434,14338.619375537372,14185.826152177478
15684.262212583853,15898.224514711479,14887.905221921977,14271.297480993377,14219.415071794941,13752.172389856196,14367.332061169778,14212.543437972943
15710.728867647715,15924.437967997486,14911.795282922361,14294.585959280545,14243.272332593839,13775.94871074524,14395.639203608353,14238.87512006871
15736.79227130414,15950.24957519053,14935.318319039863,14317.519250875233,14266.769631961653,13799.373171954005,14423.545313157178,14264.82569227719
15762.457671830645,15975.664624308583,14958.479166072322,14340.101980605557,14289.911560798319,13822.450101415749,14451.054888356164,14290.399632791065
15787.730278302015,16000.688363956373,14981.28262723115,14362.338740106685,14312.70267659079,13845.183807352267,14478.172420089355,14315.601406868926
15812.61526566793,16025.326003499615,15003.733468643371,14384.23408796725,14335.147508000795,13867.578571826232,14504.902385238229,14340.435456976644
15837.117768265682,16049.582711355448,15025.836417125553,14405.792548818437,14357.250555023395,13889.638650209059,14531.24924616784,14364.906204817644
15861.242879958585,16073.463614636412,15047.596164634791,14427.018612083895,14379.016282195425,13911.368275045086,14557.217453086685,14389.018054851846
15884.995658152373,16096.973798943554,15069.017362844805,14447.916731274634,14400.449122865275,13932.771649638484,14582.811436371969,14412.77538668736
15908.38111541536,16120.118307017194,15090.104623012254,14468.491324806979,14421.553478432852,13953.852948353735,14608.035609652481,14436.1825548263
15931.40422337717,16142.902137322417,15110.862519626864,14488.746772497385,14442.33371321885,13974.61632001036,14632.89436895313,14459.243892695295
15954.069913871483,16165.330245463683,15131.295584238305,14508.687417526718,14462.794158491997,13995.065881603752,14657.392087323984,14481.963707182284
15976.383072428493,16187.407541359615,15151.408307197496,14528.317565930422,14482.939110793744,14015.205719307643,14681.53311827741,14504.34627644901
15998.34854219142,16209.13889004829,15171.205140585813,14547.641483602914,14502.77282835568,14035.039891482578,14705.321792600138,14526.395854170189
16019.971123898478,16230.52911140415,15190.690491452104,14566.663399787798,14522.299534842818,14054.572422497644,14728.762415889454,14548.116665976342
16041.255571067293,16251.582978652768,15209.868725260334,14585.387502849753,14541.523416745049,14073.807304356254,14751.859272004624,14569.512905874748
16062.206593799907,16272.305219596994,15228.744167450548,14603.817942239979,14560.448621505977,14092.748499483725,14774.616616880538,14590.588740465613
16082.828857477032,16292.700514780532,15247.321097758577,14621.958827818207,14579.079260801926,14111.399934488649,14797.038680477423,14611.348306891741
16103.126979870327,16312.773497476683,15265.603753592395,14639.81422849413,14597.419407087871,14129.765502428505,14819.129667422842,14631.795708369726
16123.105534640872,16332.528754322753,15283.59633103334,14657.388173613444,14615.473093333701,14147.84906519837,14840.893751966625,14651.93501830041
16142.769048708344,16351.97082338691,15301.302980185943,14674.684650909638,14633.244315876527,14165.654447547127,14862.335080797277,14671.770279382554
16162.122001435164,16371.104196350763,15318.727808345864,14691.707607772927,14650.737030135442,14183.185439755414,14883.457771848169,14691.30549853923
16181.16882767015,16389.93331618817,15335.874880455562,14708.460950726592,14667.955151937134,14200.445799641604,14904.26591125234,14710.544650931175
16199.913913801107,16408.462578788756,15352.74821552048,14724.948543982056,14684.902559722988,14217.439246937007,14924.763556217029,14729.491679972984
16218.361599193186,16426.69633173453,15369.35178948649,14741.174211644353,14701.583089880549,14234.169466220703,14944.954731850114,14748.150491873897
16236.51617804559,16444.63887470534,15385.6895352213,14757.141736123594,14718.00053932999,14250.640108475873,14964.843430830037,14766.524959526068
16254.381895436325,16462.294459309534,15401.765339910558,14772.8548573701,14734.158666600211,14266.854786173093,14984.433615473294,14784.618923184167
16271.962949853172,16479.667289051275,15417.583047656412,14788.317275533736,14750.061188115118,14282.817076019903,15003.72921334707,14802.436184893268
16289.263493856539,16496.761519050007,15433.14645903698,14803.53264822833,14765.711780640066,14298.530520303484,15022.734119457757,14819.98051216158
16306.287631197378,16513.58125703884,15448.459329383004,14818.504591212444,14781.1140819158,14313.998622609077,15041.452196226413,14837.255639095047
16323.03941925139,16530.130562067443,15463.52537111963,14833.236680391672,14796.271687753815,14329.224850370378,15059.887270521247,14854.265260962204
16339.52286900566,16546.41344544766,15478.348252939362,14847.732448756455,14811.18815431224,14344.21263600788,15078.043135976102,14871.013037574183
16355.741943221305,16562.433871422218,15492.931598893936,14861.995388281233,14825.866998315945,14358.96537325793,15095.923551669179,14887.50259472593
16371.700558678513,16578.1957556184,15507.278990467066,14876.028950647593,14840.311694924909,14373.486419510431,15113.53224082958,14903.737519036697
16387.402585486023,16593.702967109683,15521.393965413903,14889.836545245904,14854.525679824987,14387.779096770284,15130.872893068974,14919.721361023017
16402.85184633514,16608.95932726589,15535.280017602632,14903.421540784966,14868.512349060282,14401.846688541926,15147.949161494225,14935.457636742338
16418.05211851161,16623.968610314234,15548.940598800804,14916.787265787467,14882.275057639446,14415.692441963809,15164.764663752128,14950.949822966248
16433.00713252546,16638.73454401243,15562.37911724991,14929.937007044007,14895.8171214229,14429.319568621344,15181.322982887177,14966.201360029725
16447.72057245341,16653.260808953786,15575.598938168452,14942.874011234806,14909.141816600988,14442.731241921552,15197.627664786765,14981.215653277704
16462.19607762136,16667.55103965367,15588.603385258482,14955.601485113413,14922.252378998317,14455.93059904315,15213.68221996327,14995.996069231569
16476.43724066574,16681.60882426627,15601.395739077001,14968.122594408567,14935.152005738992,14468.920741620386,15229.49012330462,15010.545937638484
16490.447609023013,16695.43770491128,15613.979238127074,14980.440465431977,14947.8438544155,14481.704733555613,15245.054812604578,15024.86855283051
16504.230685712406,16709.04117852254,15626.357079991996,14992.558184880578,14960.331043035663,14494.28560279651,15260.379690344856,15038.96717109812
16517.789927970254,16722.422695973204,15638.53241978487,15004.47879934944,14972.616651458382,14506.666341905853,15275.468122449935,15052.845011688478
16531.128748716535,16735.58566329907,15650.508371538015,15016.205316729562,14984.703720303089,14518.849906271831,15290.323438186375,15066.50525827821
16544.25051700336,16748.533442251777,15662.288008943706,15027.7407057237,14996.595251470948,14530.839215717388,15304.948931601688,15079.951057254162
16557.158557149196,16761.269349314254,15673.874364225681,15039.087895956498,15008.29420935457,14542.637154972585,15319.34785950556,15093.1855179527
16569.856150113137,16773.796657228693,15685.270429413475,15050.249779108708,15019.803519538666,14554.24657224295,15333.523442805386,15106.21171417251
16582.34653362551,16786.118595285192,15696.479156913068,15061.229208235702,15031.126069861642,14565.670280657809,15347.478866802427,15119.032683152152
16594.632901843193,16798.238348666968,15707.503458730986,15072.028998370786,15042.26471120389,14576.911058663272,15361.217279911907,15131.651425291657
16606.718406576165,16810.159059836853,15718.346207625144,15082.651927410274,15053.222256440547,14587.97164890564,15374.741795031547,15144.070905651293
16618.60615713661,16821.8838286375,15729.010237532037,15093.10073535079,15064.001481562433,14598.854759530252,15388.055489230093,15156.294053452086
16630.299220495646,16833.415712131493,15739.498343106508,15103.37812524316,15074.605126227474,14609.563064511316,15401.161403270282,15168.323761468073
16641.80062233378,16844.75772566057,15749.813280746846,15113.486763746178,15085.035893043221,14620.099202808775,15414.062542907275,15180.162887472205
16653.113346659615,16855.912842903726,15759.957768908007,15123.429280634698,15095.29644859103,14630.465779530032,15426.761877874447,15191.814254121176
16664.24033642936,16866.88399604056,15769.934487913466,15133.208269705845,15105.389423834133,14640.665366210498,15439.262342462893,15203.28064816335
16675.184494331636,16877.674076628453,15779.746080857949,15142.82628918767,15115.317413688954,14650.700500206967,15451.566836243492,15214.564821803653
16685.948682403865,16888.285935611824,15789.395153836615,15152.285861502596,15125.082977946051,14660.573685732763,15463.678223091063,15225.669492861507
16696.535722890454,16898.7223836787,15798.88427598297,15161.58947408404,15134.688641559675,14670.287394101484,15475.599332210262,15236.597343906536
16706.948398745746,16908.98619207677,15808.215980255174,15170.73957966439,15144.13689447454,14679.844063323986,15487.332958298228,15247.351023522904
16717.189453508967,16919.080092537406,15817.392763611439,15179.73859628175,15153.4301924418,14689.246099026188,15498.88186107537,15257.933146651743
16727.261592091785,16929.006777807037,15826.417087227237,15188.588907985337,15162.570957217327,14698.495874667853,15510.248766282788,15268.346293738
16737.167481163448,16938.768902366337,15835.291377172316,15197.29286504381,15171.561576605693,14707.595731312293,15521.436365435213,15278.593011883258
16746.90974924057,16948.369082343674,15844.018024563624,15205.852784147408,15180.404405172914,14716.547978436438,15532.447315925492,15288.675815303548
16756.490987387093,16957.80989617566,15852.599385913454,15214.270949023039,15189.101764382702,14725.35489413539,15543.284241894717,15298.597184545528
16765.91374951359,16967.09388514531,15861.037783706495,15222.549610585782,15197.65594281562,14734.01872503574,15553.94973360891,15308.35956752421
16775.18055264844,16976.223553466745,15869.335506561838,15230.690987281625,15206.069196783094,14742.541687007924,15564.446348217623,15317.96538004313
16784.293877543092,16985.201368895294,15877.494809662367,15238.697265608254,15214.343750432692,14750.9259653659,15574.776610114212,15327.417005118466
16793.25616892679,16994.029763168266,15885.517915243581,15246.570600264382,15222.481796097054,14759.173714897437,15584.943010633517,15336.716793902942
16802.069835908238,17002.71113225597,15893.407012795624,15254.313114585286,15230.485494816327,14767.287060488317,15594.948008799214,15345.867066228466
16810.737252489616,17011.247836877024,15901.164259525734,15261.92690096222,15238.35697644497,14775.268097325383,15604.794031458227,15354.870110061951
16819.26075782279,17019.642202912088,15908.791780763326,15269.414021053428,15246.098340083901,14783.118891019802,15614.4834732921,15363.728182319846
16827.64265668277,17027.896521744733,15916.291670250022,15276.77650622248,15253.711654511848,14790.841478151935,15624.018697509928,15372.443509404073
16835.885219882977,17036.01305071585,15923.665990564325,15284.016357898301,15261.198958345762,14798.437866485026,15633.402035749466,15381.018286801722
16843.990684618304,17043.99401352335,15930.916773483501,15291.135547866437,15268.562260487699,14805.910035159864,15642.635788454802,15389.454679806528
16851.961254896938,17051.841600620257,15938.046020354843,15298.136018658413,15275.803540481402,14813.25993516857,15651.722225372167,15397.75482397962
16859.799101926394,17059.557969615642,15945.055702462352,15305.019683892404,15282.92474876876,14820.48948958525,15660.66358544231,15405.920824992398
16867.50636452099,17067.14524567065,15951.947761372026,15311.788428623147,15289.927807082362,14827.600593812625,15669.462077353743,15413.954759163698
