  0.0,  0.0,  0.0,  0.0,  0.0,  0.0,  0.0,  0.0,  0.0,  0.0
0.18205154681379135,0.1785912980189006,0.17787259116496804,0.17383649217347347,0.17112179539826997,0.16369413175213018,0.15919157187436325,0.16433961564196758,0.16505243808099987,0.16973029287200536
0.3452730907537658,0.33914266074384813,0.3378727383951087,0.32986868660545077,0.3250281118937277,0.3115039443413089,0.3037023200398911,0.3130943435666799,0.3142521584119706,0.323314677460523
0.4950657532695599,0.4868585890839593,0.48506933391168855,0.4730813009355349,0.46655432084475246,0.44788338068965766,0.43762650604445497,0.45061146609081437,0.4520595146188228,0.46529865922015506
0.636181344794948,0.6263411939960474,0.6239622987715407,0.6079004268643775,0.6000242802747007,0.5768578204068066,0.5647327113599387,0.580859496389804,0.5825335444117339,0.5998183439159392
0.7727044901103133,0.7615611327036748,0.7584464470462732,0.7381529194664784,0.7291915226703946,0.701950834216535,0.6883592008120896,0.7073304783467151,0.7092339994004134,0.7305039782990371
0.9081161029195688,0.8959125627702692,0.8918594614809172,0.8671129848746348,0.8572762074566583,0.8262065722383081,0.8114156843692182,0.8330505073373835,0.8352357956713564,0.8604946594096755
1.045390253659809,1.0323034373836126,1.0270660838682444,0.997585577112339,0.9870430777216412,0.9522549544987415,0.9364342789026663,0.9606389935780022,0.9631930591641703,0.9925026630226621
1.1870978421079,1.1732541209196847,1.16655175818528,1.1319991679323382,1.1208908911945212,1.0823906737596432,1.065638379727983,1.092384545072305,1.0954193317188416,1.1288942126475585
1.3355039692151285,1.3209908931086451,1.3125122634239894,1.272494353855122,1.2609387978342421,1.218651390703346,1.2010135094620547,1.23032139383591,1.2339674766389332,1.2717701645025603
1.4926537050023767,1.4775287765266971,1.4669336101611163,1.4210026526205444,1.4091035457785557,1.3628886729053857,1.3443728817788252,1.3762992370293734,1.3807021572602098,1.4230393683540477
1.6604451181428987,1.6447423388046163,1.6316606549960793,1.5793140247927808,1.56716582242474,1.5168296052995465,1.497415065678671,1.5320441046505282,1.5373626369592133,1.5844823584744714
1.840690453079792,1.8244251848857889,1.8084549603869589,1.7491336975138434,1.7368261893151458,1.6821291831491645,1.661773481101506,1.699210212261166,1.705616022347323,1.7578054388003594
2.0351671612844537,2.0183397140454544,1.999043314810586,1.9321297257007304,1.9197519774302696,1.8604145654691078,1.8390585282104066,1.8794237976140895,1.887102095631502,1.9446862798223403
2.245660692944103,2.2282589446564782,2.2051585883998013,2.129972963544127,2.117616771987626,2.0533225889978377,2.0308935476019636,2.074320298006024,2.083471211134519,2.1468124932527104
2.474000854277695,2.4560021363475033,2.428574554953507,2.344371065366401,2.332134073125003,2.2625319542398454,2.2389458719746047,2.2855762508476234,2.296416728758516,2.3659146598881096
2.7220933205675553,2.7034657387468943,2.671136135878883,2.5770979531732165,2.565086545529706,2.4897913643227403,2.464954137888255,2.5149371769802125,2.527703312086971,2.603795146797837
2.9919476425022657,2.972650963659541,2.9347863070778146,2.8300199732819893,2.818352059650312,2.736944721350731,2.710752878899031,2.764242542024264,2.7791922283070774,2.862353861864253
3.2857028579542935,3.2656890602837385,3.2215907090951372,3.105119764461386,3.0939275324012887,3.005954313571063,2.978295271223269,3.0354487020994587,3.0528646063790448,3.14361191341274
3.605651614437154,3.5848651685416666,3.533760803331914,3.404518663519752,3.3939513793800336,3.2989227563194716,3.2696747499719048,3.3306506071364144,3.35084342842457,3.4497339599094525
3.9542635504302743,3.9326414871137816,3.8736762891349517,3.7304983473671474,3.7207252720421478,3.618114334674478,3.5871461094949377,3.6521028835856173,3.675414915348461,3.7830499205777377
4.334208546946986,4.311680347208977,4.243907354299776,4.08552227402553,4.0767357531723665,3.9659762768129614,3.933146592648132,4.002240828631127,4.029049838459416,4.146076586259367
4.748380361590416,4.724867701366691,4.647237252706554,4.472257399240265,4.4646761850340715,4.3451604092223,4.310317402101601,4.383701756993217,4.414425213103355,4.541539593289911
5.199921085781035,5.175337457561059,5.086685627094358,4.893596582738895,4.887469440261369,4.758545590261908,4.721526017113673,4.799347077508659,4.834446770525377,4.972396162380891
5.692246807470785,5.666497009431164,5.5655329169342895,5.352682005740602,5.348291657961255,5.209261229054374,5.169889612529445,5.252285450457201,5.292272517011215,5.4418589159494415
6.229074837054676,6.202054353938039,6.087346223984795,5.852929972763092,5.8505974352606085,5.700712260834652,5.658799945961194,5.745897312179412,5.791337748965416,5.953421145516813
6.814452724560526,6.78604707961246,6.6560069100686965,6.39805734575432,6.398146711506911,6.23660581736161,6.191949945040594,6.283861083577476,6.335381768242124,6.510883777418412
7.452789634023624,7.422873526226119,7.275740225724094,6.992109908440586,6.995033636887913,6.82097989046728,6.773362290114325,6.87018119299095,6.928476591232186,7.11838432924064
8.148889993663575,8.11732637955026,7.951147228995714,7.639492953702897,7.645717745312399,7.458234279067749,7.40742027904172,7.509218566244908,7.575057949227124,7.780428168984669
8.907990100430487,8.87462940871514,8.68723929448904,8.345004536776704,8.35505755436128,8.153163981226388,8.098901444211915,8.205723358921666,8.279958899320595,8.501922198333586
9.727058995527129,9.691995069677729,9.481383023974818,9.106107965375923,9.120281556828113,8.902620846729846,8.844977915981776,8.956705793517845,9.039973889431066,9.279860459250461
10.60419939729341,10.56772921268864,10.331979936615536,9.921270085561748,9.939629016770063,9.704446551291184,9.643741864003493,9.760128846802736,9.852893568989046,10.112225918808068
11.546570986463282,11.508933413557134,11.245830611114776,10.797021139429255,10.819699265575807,10.565131307482472,10.501588596340497,10.62238747197441,10.725248262718377,11.005627875433643
12.561333175213434,12.522726491197819,12.229760676483531,11.739916467586081,11.767107945159335,11.491165042240407,11.42494360435215,11.549885849049097,11.663560925810494,11.966683165522351
13.65580488238907,13.61639997825579,13.29076574633635,12.75667455913177,12.788627862266221,12.489177097528989,12.42039405075236,12.549172483312816,12.67448932724026,13.002157536533321
14.83758877795754,14.79753944940979,14.436125009116543,13.854285683080775,13.891299664019131,13.566045953526737,13.494792918039593,13.627046349501558,13.764937129907956,14.119076166849954
16.11467443290208,16.074125627972506,15.673496253173447,15.04010300998329,15.08252453852984,14.728990977912744,14.655346922520714,14.79064576928609,14.942146369496438,15.32481587122412
17.495528751860856,17.454623365435786,17.010999766783222,16.321923201226895,16.370146066096922,15.985653237088219,15.909694675168947,16.047526834657955,16.21377861519333,16.627186259750175
18.989178922377942,18.948063549056535,18.457295757076025,17.708060884515294,17.762525695686683,17.34416981668474,17.265979188694114,17.405735668621286,17.587989391165344,18.034504375633404
20.605291377049053,20.564121355113674,20.02165840334646,19.20741978857158,19.268614917052492,18.81324451572592,18.7329173776372,18.87387717891798,19.073498774614297,19.555665707640138
22.354248985030846,22.31319308874143,21.714048820644063,20.82956296930557,20.89802598096248,20.402217189988495,20.319868638005623,20.46118287112298,20.679660536584265,21.200214031083775
24.24722902719116,24.206473590472775,23.54518836794019,22.584783454920455,22.66110333486068,22.12113339536274,22.03690409292425,22.177578462166615,22.41653143180853,22.978411266402418
26.296282677446,26.256035831791536,25.526634054969815,24.484176754437946,24.568996782882255,23.98081547312593,23.89487753484552,24.033753575613897,24.294941840461917,24.90130929573966
28.51441779000431,28.474913499139454,27.67085700686272,26.539716251490006,26.633737391177796,25.992936353515205,25.905499312279566,26.041233206860927,26.32656902514805,26.980823391587474
30.91568457051841,30.877187663031023,29.991324805159966,28.764332001787604,28.868316898171052,28.17009624077606,28.081413170326563,28.212454325650214,28.524013220724463,29.229811835128235
33.51526975845874,33.47807850772506,32.5025875587594,31.171995855634044,31.28677252851629,30.52590588918497,30.436280072155412,30.560844279900735,30.900880089958378,31.662155983894316
36.329591619016796,36.29404428137691,35.22037291043711,33.77780893312213,33.90427666934374,33.07507131962164,32.98486328009421,33.10090600443752,33.471864690470525,34.29284865940848
39.37640559616413,39.342884459798675,38.16168276581564,36.598098069402695,36.73723215870145,35.83348761818291,35.74312282628077,35.84830837892347,36.252844299871235,37.13808711728382
42.674916060296425,42.64385292296622,41.34490068156273,39.65051773041557,39.80337557283822,38.818337870113496,38.72831521807251,38.819982902022126,39.26097627448368,40.21537281462852
46.24589598306308,46.217778208685566,44.78990572475823,42.954159609411036,43.12188723738878,42.04819931549321,41.95910037866375,42.03422742557364,42.51480304449445,43.543618292250656
50.1118164854571,50.08719302616905,48.518194744686824,46.529670868165965,46.713509786471135,45.543157969843726,45.455657256522244,45.510817561567436,46.03436539211946,47.143262119883005
54.29698568352451,54.27647409524721,52.55301507090636,50.39938104107539,50.600675902174466,49.32493148774522,49.23980773496309,49.27112653193946,49.841323842079916,51.03639260512
58.82769845184394,58.81199236248201,56.919505900830885,54.58743884001872,54.8076456315083,53.41700157389676,53.33515022087067,53.338254106019434,53.95908942547317,55.246880342953204
63.73239766504676,63.72227501343515,61.64485156883555,59.119959500835435,59.360654404474765,57.84475653563685,57.76720349618705,57.73716540390782,58.41296440095569,59.8005216163388
69.0418479882766,69.03818000811762,66.75844647220913,64.02518353050455,64.28807244823857,62.63564480758167,62.563561670888035,62.49484028656161,63.23029374530947,64.72519162927865
74.78932301445923,74.79308414706624,72.29207262193313,69.33364773772692,69.6205765005897,67.81934029821917,67.75406109784701,67.64043419210671,68.4406282433234,70.05101125350465
81.01080779914123,81.02308499434899,78.28009089557825,75.07836946420164,75.39133465950955,73.42792044217545,73.37096014434755,73.2054513380219,74.07590003901491,75.81052661616995
87.74521493438567,87.76722125673324,84.75964705038184,81.29504498784318,81.63620668105585,79.49605788933032,79.44913276196726,79.22393104562984,80.17061155535032,82.03889791432846
95.03461888683344,95.06770512078297,91.77089340594995,88.02226313554823,88.39395698118189,86.06122682488888,86.02627686040759,85.732648267619,86.7620387521173,88.77410832925302
102.92450775181685,102.97017606643807,99.35722755475908,95.30173517960867,95.70648598580755,93.16392495350992,93.14313853394708,92.77132934072702,93.89044972785365,96.05718570048613
111.46405393684208,111.52397285560272,107.56554841379683,103.17854214322173,103.61907861861418,100.84791222269905,100.8437532285776,100.38288369978484,101.59933971045534,103.93244052678796
120.70640518277946,120.7824257290648,116.44653316512418,111.70140072096505,112.18067105372026,109.16046743646282,109.17570501332601,108.61365253965825,109.93568355717517,112.44772445968857
130.70899731857588,130.80317055980964,126.05492879977557,120.92294901203636,121.44413752475073,118.15266390013441,118.19040514353759,117.51367797354504,118.95020683953392,121.65470395695831
141.53389009173827,141.64848566998626,136.44988142107826,130.90005349522795,131.46659833560844,127.8796654168546,127.94339110466561,127.13698891877058,128.69767689421892,131.60915656032756
153.2481279151407,153.38565419296359,147.69526554438767,141.6941384807282,142.3097504488419,138.4010441721037,138.49464800987886,137.5419093154045,139.2372153125704,142.3712881259038
165.92412511136067,166.08735161960107,159.86005622376518,153.37153923188006,154.04022212841716,149.78112075849367,149.90895223533877,148.79138888928105,150.63263186141705,154.00607261336165
179.6400806424204,179.83206174480668,173.01872065385834,166.0038806402644,166.72995242912023,162.0893292097292,162.25624045769894,160.95335666613727,162.95278308683052,166.58361594115797
194.48042008149108,194.7045193026607,187.25163646392048,179.66848250978063,180.4565970698266,175.40060732976457,175.61200425458276,174.10109951547477,176.27195515169785,180.17954530082486
210.53626980960053,210.79618630249078,202.64554179029025,194.44879310066105,195.3039651541396,189.7958147262866,190.05771216713103,188.31366692054493,190.67027410984852,194.87542532003346
227.9059633809697,228.20576003769168,219.29401410532643,210.4348523086366,211.36247989707306,205.36217742085182,205.68126047676668,203.67630311491718,206.2341426014331,210.75920271194903
246.6955742052369,247.0397155907196,237.29798142167135,227.72378598088932,228.72967832882125,222.19376382436408,222.5774541228288,220.28090862211326,223.05670624460015,227.92567928837627
267.0195005744572,267.4128701954616,256.76626700404483,246.4203327716467,247.51073753100195,240.39199211816828,240.84851911249714,238.2265302599631,241.23835050399708,246.4770162806289
289.00107276362013,289.44901439880175,277.81616871697656,266.6374047790255,267.8190275608149,260.066170660096,260.60464755497196,257.61988647848165,260.88723042018347,266.52327347904594
312.77319256863007,313.28154789794223,300.57407426257333,288.49668329050724,289.7767348047254,281.33406092762266,281.9645765868336,278.57591211670757,282.1198197745893,288.18296639010305
338.4790282794475,339.05416873242245,325.17611407958935,312.1292533177846,313.5154630897043,304.3225029444456,305.0562026712459,301.21836569016796,305.0615327702398,311.5836996245535
363.9548009844908,364.59739626543166,349.5811290840354,335.5730192611892,337.0774702107077,327.17920750629514,328.065018722473,323.7629303254188,327.89440145805133,334.868538331579
387.29201443297364,387.99251358359606,371.98001550484435,357.09066752326066,358.725130391133,348.25240318597696,349.36145928004123,344.61409861795795,348.99724829151415,356.38010556623146
408.94365325582226,409.6876187138664,392.7910519050041,377.0869067228322,378.8579905125813,367.91306241673976,369.29841200169926,364.12515159617726,368.73430681204155,376.4882264652462
429.2734040710577,430.0428790467049,412.3513345789242,395.88812223560774,397.79862288947334,386.46153754807955,388.16261695030835,382.58228865707525,387.39982958390743,395.4918019551891
448.5743344532698,449.34882558940177,430.9335278771573,413.7584796444083,415.80837806148725,404.1418702527812,406.187920303683,400.218234966816,405.2324287024606,413.63333501031696
467.0831725320156,467.84035636922084,448.75870482797313,430.91229651904496,433.0994971866497,421.152816149,423.5654930995355,417.2227013780638,422.4260760631359,431.110060763418
484.99146125704726,485.70768859408525,466.00640811010805,447.52374961979234,449.84462671899445,437.65652433320093,440.45189171669693,433.75061086227095,439.1387349905895,448.082676586436
502.4543897500613,503.105040860317,482.82264207626275,463.7345928029218,466.1843928194008,453.7854634228993,456.97550703245315,449.9286614263192,455.4992297880311,464.6822906495056
519.5978434998087,520.1575731740095,499.3262750809755,479.66034334056405,482.2334803616118,469.6479939386731,473.2417692917963,465.8606076651733,471.6127602502317,481.0160020973634
536.5240608766998,536.9669623361151,515.6141946434623,495.39526509421256,498.0855357302505,485.3328738700313,489.337370709137,481.6315334281932,487.5653514202146,497.1714064272576
553.3161851519565,553.6158946294698,531.7654712456341,511.0163945025464,513.8171325677908,500.91291249415787,505.3337018804017,497.3113191416143,503.42745530809464,513.2202447788059
570.0419345208924,570.1716928921786,547.8447278608951,526.5867991329964,529.4909853976376,516.4479387274337,521.2896536593046,512.9574610262488,519.2568716298364,529.2213655505719
586.7565639812769,586.6892476854003,563.9048695243314,542.1582180132907,545.1585561674203,531.9872154231357,537.2539042273436,528.6173656094217,535.1011189939111,545.223130648893
603.5052579340627,603.2133883094001,579.9892966205542,557.7732023713346,560.8621703996303,547.5714039350798,553.266787185041,544.3302189677815,550.9993611086729,561.2653718997594
620.3250627780593,619.7808006254031,596.1336994040787,573.4668520049172,576.6367349744673,563.2341637080457,569.3618180478428,560.1285095213071,566.9839721963883,577.3809823411486
637.2464492921299,636.4215796038924,612.3675142829186,589.2682241942655,592.5111337361244,579.0034548344796,585.5669419451611,576.0392694491167,583.0818096296209,593.597210921244
654.2945752823566,653.1604857929728,628.7151052593019,605.2014767788119,608.5093609978636,594.902599020222,601.9055535892485,592.085086608011,599.3152483517447,609.9367159165388
671.4903068733422,670.0179628281155,645.196722932571,621.2867964180737,624.651442682341,610.9511434306318,618.3973313616867,608.2849295868758,615.7030227574197,626.4184228397121
688.8510434653961,687.0109606084211,661.82928235233,637.5411513180707,640.9541842841902,627.165565720859,635.0589189980893,624.6548202312342,632.2609102098522,643.0582217198001
706.3913848916063,704.1536019995947,678.6269945158036,653.9789023549358,657.4317786327279,643.5598462958533,651.9044830939245,641.208382363128,649.002287514481,659.8695351613239
724.1236711442368,721.4577238856893,695.601879521335,670.6122990806281,674.0963013480634,660.1459358330374,668.9461687353455,657.957288409279,665.9385830877059,676.8637805313127
742.0584190861856,738.9333112015661,712.7641811020862,687.4518829854442,690.9581086165172,676.9341360787062,686.1944736418727,674.9116242191243,683.0796453665441,694.0507472940799
760.2046728323816,756.5888538778742,730.1227050768488,704.5068129437847,708.0261670227974,693.9334103932925,703.6585494234523,692.0801867829916,700.4340409017402,711.4389000107313
778.5702921869895,774.4316322537168,747.685094171138,721.7851314530707,725.308316729935,711.1516337873167,721.3464546291455,709.4707260064188,718.009298013018,729.0356314072075
797.1621808362033,792.4679484741594,765.4580488726756,739.2939805389917,742.8114867795504,728.5958021986651,739.265356665456,727.090142575894,735.8121056647226,746.8474632056927
815.9864735175693,810.7033147573998,783.4475087358778,757.039775144602,760.541870082974,746.2721980371675,757.4216982785899,744.9446490328996,753.8484727299608,764.8802112728673
835.0486863330384,829.1426052235494,801.6587984793698,775.0283457250489,778.5050655094901,764.1865268729098,775.8213340143246,763.039901070994,772.1238595330371,783.1391201488461
854.3538386912733,847.7901789526744,820.0967469483502,793.2650529425235,796.7061932125403,782.3440288294446,794.4696413933766,781.3811046064807,790.6432837533648,801.6289722497789
873.90655163638,866.6499795071647,838.7657834093638,811.7548812519967,815.1499883471108,800.7495689073756,813.3716119047368,799.9731029022073,809.41140699273,820.3541768192656
893.7111273130834,885.725615536684,857.670015814435,830.5025146140945,833.8408772690987,819.4077109118072,832.531925239673,818.8204479286666,828.4326048759901,839.3188421290229
913.7716131937699,905.0204258194674,876.8132940572151,849.5123976310704,852.7830389154171,838.3227772754257,851.9550100808914,837.9274569750851,847.711024053136,858.5268343769974
934.0918539456579,924.5375323057797,896.1992616412401,868.7887860337974,871.9804555908406,857.4988978687626,871.6450935230911,857.2982630614908,867.2506286112853,877.9818253484547
954.6755332968149,944.2798816978843,915.8313965352974,888.3357860786455,891.4369524666745,876.9400497776513,891.6062417656613,876.9368494035033,887.0552372167382,897.6873314821217
975.5262079071308,964.2502824688601,935.7130468531434,908.1573880810613,911.1562333608008,896.6500893933475,911.8423924033873,896.8470827733087,907.1285541031539,917.6467445700905
996.6473344062601,984.4514295127071,955.8474562194009,928.2574925227934,931.1419038526914,916.6327788304325,932.3573828790114,917.0327386313485,927.4741935328973,937.8633593999073
1018.0422914644262,1004.8859284716768,976.2377864160562,948.6399312812223,951.3974950400604,936.8918074161561,953.1549710385564,937.4975214467249,948.0956998826712,958.340392130711
1039.7143973991683,1025.5563135322282,996.8871358224765,969.308486471421,971.9264808888254,957.4308080098668,974.2388529936031,958.2450818352697,968.9965637966827,979.0809982999087
1061.6669242337252,1046.4650618626179,1017.7985532462437,990.2669019756581,992.7322918641937,978.2533721483493,995.6126783043431,979.279029639769,990.1802351494908,1000.0882864432144
1083.9031095723126,1067.6146056202733,1038.9750500719576,1011.5188961765919,1013.8183271047612,999.3630607669911,1017.2800612374575,1000.6029450887218,1011.6501337532796,1021.3653287501918
1106.4261650025676,1089.007341062566,1060.4196091830615,1033.0681709923786,1035.1879628326315,1020.7634133604977,1039.244590469835,1022.220387659493,1033.4096570155666,1042.91517018212
1129.2392836700212,1110.645636244431,1082.1351926467776,1054.9184186660832,1056.8445600269351,1042.4579551487886,1061.5098366243838,1044.1349031137227,1055.4621888212998,1064.740835362605
1152.3456460676148,1132.5318370859768,1104.1247477558102,1077.0733280170748,1078.7914704030154,1064.4502029163923,1084.0793584130836,1066.3500291785529,1077.8111022715016,1086.845334342171
1175.7484245841586,1154.668272121019,1126.391211777807,1099.5365886691452,1101.0320410649513,1086.7436709941303,1106.9567075673417,1088.8692999214509,1100.459765148567,1109.2316671215767
1199.450786909594,1177.0572563039252,1148.937515718062,1122.3118948130311,1123.5696181352264,1109.341872481423,1130.1454327166539,1111.69625000383,1123.4115434137973,1131.9028271917618
1223.455898889948,1199.7010939779514,1171.7665872700386,1145.4029479765804,1146.407549638287,1132.2483235247082,1153.6490823275694,1134.8344162708158,1146.6698036945281,1154.8618043272063
1247.766926621599,1222.602081273304,1194.88135327086,1168.8134592267113,1169.5491878009911,1155.4665456469138,1177.4712071988981,1158.2873407168272,1170.2379148745658,1178.1115867854169
1272.3870379701975,1245.76250771835,1218.2847412030692,1192.547150867956,1192.9978907462191,1179.000067326773,1201.6153621827439,1182.0585718615332,1194.1192499033655,1201.655162865989
1297.3194037064216,1269.1846576887872,1241.9796806695422,1216.6077574002136,1216.7570236608208,1202.8524247729997,1226.0851072492062,1206.1516658711087,1218.3171866681398,1225.4955220213128
1322.5671984610249,1292.870811380693,1265.969104341588,1240.999026753656,1240.829959699226,1227.0271631393039,1250.8840086991945,1230.5701875573654,1242.835108722652,1249.63565591865
1348.1336008285198,1316.823245487555,1290.2559485880656,1265.7247203902236,1265.2200806152528,1251.5278370487615,1276.0156396437546,1255.3177105635882,1267.6764056338764,1274.0785589212705
1374.02179398021,1341.0442336276003,1314.8431538405698,1290.788613833393,1289.930777086001,1276.3580106697186,1301.4835802877444,1280.3978177574184,1292.8444731891964,1298.8272284165905
1400.2349654924624,1365.5360466084674,1339.7336648287937,1316.1944966811925,1314.9654487766427,1301.521258043003,1327.2914181769834,1305.8141013883378,1318.3427133612502,1323.8846647911464
1426.776307229859,1390.3009525081786,1364.9304306227036,1341.9461724999019,1340.3275043214567,1327.0211628401228,1353.4427477010815,1331.5701626924374,1344.174534086538,1349.2538714325808
1453.6490152300007,1415.3412166423118,1390.436404456303,1368.0474586250193,1366.0203611396614,1352.8613181157184,1379.9411699270095,1357.669611807627,1370.3433488995165,1374.9378545420145
1480.8562891653423,1440.6591013780167,1416.2545435580055,1394.502185662814,1392.0474450736008,1379.0453261902592,1406.790292289504,1384.116067257416,1396.852576476984,1400.9396228887083
1508.4013318590044,1466.2568659189149,1442.3878087794224,1421.3141970990412,1418.4121899854895,1405.5767977193354,1433.9937281008692,1410.9131553916031,1423.7056400759702,1427.2621872848338
1536.2873488440232,1492.1367659544628,1468.8391641903636,1448.4873486581046,1445.1180372577383,1432.459351064848,1461.555096089644,1438.064509972187,1450.9059668780278,1453.9085601448069
1564.5175476752781,1518.3010532737114,1495.6115765530294,1476.02550776475,1472.16843511879,1459.6966115906694,1489.4780186434755,1465.5737710476399,1478.4569871903616,1480.881754894156
1593.095137199753,1544.7519750613728,1522.7080147889064,1503.93255238028,1499.5668379622218,1487.2922114434514,1517.766122490301,1493.444584499135,1506.3621336645956,1508.1847852784567
1622.023326377548,1571.4917740604221,1550.1314493365494,1532.2123706011291,1527.3167057078097,1515.2497885667226,1546.4230370579057,1521.6806010785967,1534.6248402104384,1535.8206645353384
1651.3053245061967,1598.5226877526886,1577.8848512903871,1560.8688598841713,1555.4215029440384,1543.5729856090302,1575.4523926671739,1550.2854753296826,1563.248541674012,1563.7924049974927
1680.944339257569,1625.8469469963225,1605.9711923838577,1589.9059271806761,1583.8846978514218,1572.2654484300065,1604.8578215115024,1579.2628649247722,1592.2366720983664,1592.1030171158757
1710.94357696319,1653.4667766269106,1634.393443200015,1619.327484667243,1612.7097619193312,1601.330826146359,1634.642954707665,1608.6164293146744,1621.592664223131,1620.755508150697
1741.3062399901164,1681.3843936857877,1663.154573597879,1649.137452020792,1641.9001680954336,1630.772769943603,1664.811422914438,1638.3498290292214,1651.3199462876537,1649.7528825991303
1772.0355276662424,1709.6020083661224,1692.2575510078473,1679.339751246166,1671.4593911846305,1660.5949309314337,1695.3668530302516,1668.4667252165161,1681.421947958082,1679.09813962744
1803.1346340030473,1738.1218210133366,1721.7053392947414,1709.938317791415,1701.3909062245032,1690.8009606019345,1726.312868753526,1698.9707756065536,1711.9020871503844,1708.794274183816
1834.6067460608995,1766.9460271692858,1751.500899257503,1740.937076707471,1731.6981855310905,1721.3945081249528,1757.6530878107255,1729.8656374559541,1742.7637842550084,1738.8442729598119
1866.455046031695,1796.0767983607375,1781.6471855900693,1772.3399637362124,1762.3847016668724,1752.3792208370965,1789.3911213045455,1761.1549618412237,1774.0104428067295,1769.2511156273254
1898.6827051676466,1825.5163154086167,1812.1471490522076,1804.150912187687,1793.4539215688496,1783.7587406816333,1821.5305743237955,1792.8423985952904,1805.6454676781284,1800.0177734580234
1931.2928870981345,1855.266734543286,1843.0037316960836,1836.3738549970099,1824.909308715103,1815.5367048942874,1854.075041636587,1824.9315826683514,1837.672243762062,1831.147207632782
1964.2887452033995,1885.330202606643,1874.2198685589765,1869.012722925814,1856.7543208004952,1847.7167433151528,1887.0281072700573,1857.4261523512905,1870.0941543246754,1862.6423690845284
1997.6734183699916,1915.7088536904653,1905.7984857261122,1902.071443091571,1888.9924087281875,1880.302477861384,1920.3933448091639,1890.3297292036943,1902.9145611706915,1894.5061962832674
2031.4500367482044,1946.4048080616622,1937.742499587661,1935.553937751076,1921.6270152702075,1913.2975229722124,1954.1743113351795,1923.6459254648828,1936.1368197893307,1926.7416182864108
2065.62171324545,1977.4201711287324,1970.054815562728,1969.4641231251885,1954.6615734620048,1946.7054747917398,1988.3745519818099,1957.3783415800945,1969.7642646348954,1959.3515372353604
2100.1915488987756,2008.757031958249,2002.7383270326636,2003.8059072224419,1988.0995059883012,1980.529927804071,2022.997592690588,1991.5305645382505,2003.8002166534932,1992.3388583247854
2135.16262179023,2040.4174637387475,2035.7959141141628,2038.583188469525,2021.9442231397954,2014.77445484187,2058.046941716949,2026.1061652467374,2038.2479782439946,2025.7064575421068
2170.537995396444,2072.403522514239,2069.230441656843,2073.799854881927,2056.199121716413,2049.442615147527,2093.526088762243,2061.1086966038697,2073.1108291963146,2059.4571957847347
2206.3207131589575,2104.717245846206,2103.044759779793,2109.4597810900495,2090.8675827072734,2084.5379507308244,2129.438501580919,2096.5416956189974,2108.3920278266614,2093.5939149465153
2242.5137976237784,2137.3606516589393,2137.2417047571853,2145.566828391771,2125.9529730924337,2120.0639847825737,2165.787623031585,2132.408677622426,2144.094811193727,2128.119435952989
2279.1202488984272,2170.3357378023443,2171.824092224524,2182.1248410323033,2161.4586400946105,2156.024219641151,2202.57687163246,2168.713134814161,2180.2223868479514,2163.0365580823445
2316.1430433399983,2203.644483920179,2206.794717524994,2219.137644374781,2197.3879109525856,2192.422136194875,2239.809637970751,2205.4585401889517,2216.7779407828616,2198.348056151428
2353.585129930265,2237.288844739378,2242.1563569474947,2256.6090489497824,2233.744092227025,2229.261191474301,2277.4892833720287,2242.6483366128,2253.76462741843,2234.056683010845
2391.4494338819695,2271.270751823194,2277.911764860162,2294.5428382422647,2270.5304682248693,2266.5448154170126,2315.61913995227,2280.2859411990216,2291.1855725128235,2270.1651632665316
2429.7388543935967,2305.5921137183823,2314.0636727342307,2332.9427798880806,2307.750298839862,2304.276410670725,2354.2025059926073,2318.3747423694967,2329.043870619598,2306.676193136557
2468.456255774143,2340.2548138347256,2350.6147876556847,2371.8126087860387,2345.406818169995,2342.45935174262,2393.242646558703,2356.9180966548765,2367.342582466872,2343.5924402540772
2507.6044717176624,2375.260710046734,2387.567790897472,2411.156040438529,2383.5032325171824,2381.096980357642,2432.7427900629546,2395.9193263101142,2406.0847324512424,2380.9165433168923
2547.186303639251,2410.6116331950843,2424.925336410753,2450.9767542932195,2422.042717599219,2420.192606266352,2472.7061258972844,2435.3817196318532,2445.273308846127,2418.651107007991
2587.204518039079,2446.3093862190626,2462.6900475420107,2491.2784051975864,2461.028418580158,2459.7495026406436,2513.135803489131,2475.308530787379,2484.911258674781,2456.7987039710792
2627.661845345017,2482.355742839891,2500.864523420268,2532.0646094332265,2500.463452596689,2499.770903509666,2554.0349284234203,2515.7029719866787,2525.0014895114923,2495.3618701343994
2668.5609778215926,2518.7524440215993,2539.4513308115374,2573.3389531561543,2540.3508978044383,2540.26001042429,2595.40656312391,2556.568215017132,2565.546865009976,2534.343104800119
2709.904568068041,2555.501205483709,2578.4529984156684,2615.1049816367854,2580.6937943648427,2581.219974769381,2637.2537221417956,2597.907388337874,2606.5502030341995,2573.7448677746115
2751.695224712671,2592.6037116087546,2617.872023910115,2657.366206558795,2621.4951459934855,2622.6539160981492,2679.579370604606,2639.723575597901,2648.0142751548997,2613.569585020681
2793.93551609647,2630.0616081823227,2657.7108678789828,2700.126092556218,2662.757915815412,2664.5648956252808,2722.386423452628,2682.0198132070072,2689.94180324236,2653.819633870611
2836.627970296507,2667.8765073289987,2697.971955118468,2743.388061052216,2704.485025105368,2706.9559403609483,2765.677741216448,2724.799087682063,2732.3354577804525,2694.4973537526553
2879.7750623780125,2706.049987320528,2738.6576707320896,2787.15549085603,2746.6793509031577,2749.830013766913,2809.456128896638,2768.064334219602,2775.1978565966747,2735.6050350373166
2923.3792181253,2744.583589599389,2779.770359510099,2831.431705901299,2789.3437241684373,2793.19004106347,2853.724334206295,2811.818433644887,2818.5315612913364,2777.1449231562888
2967.442815130732,2783.4788183186856,2821.3123241321955,2876.219984197678,2832.48092549996,2837.0388786377193,2898.4850434133177,2856.0642106252785,2862.339076149693,2819.1192159030797
3011.9681784261215,2822.737138994442,2863.285820178989,2921.5235502072146,2876.0936872212355,2881.3793412413006,2943.740880979061,2900.804429870336,2906.622846477685,2861.5300579325344
3056.9575793441827,2862.3599772736834,2905.6930642705383,2967.3455720806496,2920.1846956406243,2926.2141703611633,2989.4944068529826,2946.0418013644808,2951.3852543066414,2904.3795470662403
3102.4132333071066,2902.3487161976173,2948.536228232475,3013.6891622252647,2964.7565761026112,2971.5460609790152,3035.74811205845,2991.778967810549,2996.6286185492627,2947.6697225737626
3148.3372978773955,2942.704696703963,2991.817428024022,3060.5573729436114,3009.811896372299,3017.377638020363,3082.5044195209143,3038.018502117008,3042.355192125765,2991.4025718724524
3194.7318679170185,2983.429223203511,3035.538730871319,3107.9531921177104,3055.353168239226,3063.711458859351,3129.7656798565718,3084.762910184451,3088.567158010136,3035.5800228391045
3241.598979362415,3024.5235535985585,3079.7021534860864,3155.8795449500903,3101.38284246956,3110.5500130014275,3177.5341678604796,3132.0146323595136,3135.2666298200897,3080.203947797424
3288.940611975111,3065.988894945256,3124.309658789096,3204.3392857633057,3147.9033075630614,3157.8957236912834,3225.8120828450037,3179.776037329708,3182.4556478290056,3125.2761546839715
3336.7586738973177,3107.8264089730947,3169.363154868891,3253.3352009128557,3194.916887085821,3205.750931870754,3274.601544242992,3228.0494131183664,3230.136176146958,3170.7983932222955
3385.05500168359,3150.0372101078365,3214.864492896998,3302.87000348694,3242.4258373904986,3254.117910051446,3323.9045886600975,3276.836972723228,3278.3101026476033,3216.772344264975
3433.83136430872,3192.6223637605317,3260.8154653211686,3352.9463297079183,3290.432341453236,3302.9988525819454,3373.7231697741745,3326.1408479860393,3326.9792352433496,3263.199627165893
3483.0894593818493,3235.582888369479,3307.217800254229,3403.5667388507695,3338.9385165610147,3352.3958705241166,3424.059154234996,3375.963089051751,3376.14529876857,3310.0817886657883
3532.8309143529395,3278.91975311625,3354.0731692776276,3454.7337090897645,3387.946411889289,3402.310996462858,3474.9143180646,3426.305661638639,3425.8099344844186,3357.4203103531836
3583.057285823912,3322.633867095982,3401.3831853199254,3506.449634797894,3437.4579924947298,3452.7461769556753,3526.29034692763,3477.170441559436,3475.974697308554,3405.216597433705
3633.770044079739,3366.7260903394663,3449.1493892059443,3558.7168247583863,3487.475142850777,3503.7032701528296,3578.1888320256544,3528.5592173649407,3526.6410527470634,3453.47198617488
3684.9705837698893,3411.197227452305,3497.3732511763446,3611.5374989334045,3537.999668373068,3555.1840446577194,3630.6112670628054,3580.473683829333,3577.810374588461,3502.187733092271
3736.6602184681324,3456.048027039741,3546.0561739143695,3664.913785150788,3589.0332922234848,3607.1901773545765,3683.55904652771,3632.9154383050336,3629.4839440341175,3551.365025755546
3788.8401780251506,3501.279181085528,3595.1994894978548,3718.8477179935435,3640.577657275459,3659.723247009214,3737.033463684037,3685.885981304291,3681.6629461716016,3601.0049652647904
3841.511608458018,3546.891324047109,3644.8044603364597,3773.3412349271416,3692.6343206371034,3712.7847375496995,3791.0357072470915,3739.3867249205655,3734.348467518594,3651.108573927287
3894.675568412365,3592.8850299770556,3694.8722787906086,3828.3961728787644,3745.20474040925,3766.3760316897597,3845.5668590497066,3793.4189705896406,3787.541494688212,3701.6767911231736
3948.33302699274,3639.260813862288,3745.404053026691,3884.0142675685292,3798.2902893431474,3820.4984092535906,3900.6278918350827,3847.983907267475,3841.242911438818,3752.7104728969503
4002.4848629244016,3686.0191284672983,3796.4008156993386,3940.1971492331104,3851.892243065125,3875.153044719651,3956.2196665658003,3903.082611686382,3895.453496920083,3804.2103821706396
4057.13186455074,3733.1603622059865,3847.8635206367953,3996.946339699456,3906.0117835807,3930.341004699518,4012.3429306002063,3958.71606282146,3950.1739229780137,3856.1772045911675
4112.274716025203,3780.6848454831306,3899.793039906741,4054.2632509065847,3960.649993371003,3986.0632474552035,4068.998314089318,4014.8851290998814,4005.404751840038,3908.611527299976
4167.914020058578,3828.592841976103,3952.1901630596644,4112.1491812746335,4015.8078541403474,4042.3206167716276,4126.186328264181,4071.59056317449,4061.1464344967026,3961.5138492540345
4224.0502761484295,3876.884544895477,4005.0555958998134,4170.60531316307,4071.4862450149676,4099.11384188223,4183.907363982732,4128.832992270267,4117.39930896589,4014.884577967619
4280.683877565607,3925.56007843861,4058.3899560644086,4229.632710216153,4127.685939368245,4156.443536153441,4242.1616878503855,4186.612929069912,4174.163596053853,4068.7240249790093
4337.815107554299,3974.6195067973067,4112.193774912367,4289.232314792458,4184.4076019790455,4214.310191770046,4300.949439937361,4244.930762058997,4231.439398695817,4123.0324037520595
4395.444157645207,4024.062823095075,4166.467493416337,4349.404945433806,4241.651788928315,4272.714179127214,4360.270632873926,4303.786756341656,4289.226702064105,4177.809831340316
4453.571114649618,4073.8899480871337,4221.2114577839075,4410.15129350364,4299.418953390247,4331.655744927484,4420.125149582862,4363.181050425634,4347.525366489218,4233.056323563327
4512.195953753622,4124.100758306697,4276.425929832929,4471.471921452069,4357.709427990374,4391.13500840505,4480.512738274933,4423.113652886843,4406.335128538673,4288.771793587059
4571.318539724301,4174.694958130491,4332.1110742674155,4533.367260101979,4416.523419240243,4451.151959592958,4541.433012806943,4483.584441108537,4465.655600144253,4344.9560518377475
4630.938624855252,4225.672325202653,4388.26695360522,4595.837605041979,4475.8610177061055,4511.706458280607,4602.885452843626,4544.593159564968,4525.486264954831,4401.608803279314
4691.055851913471,4277.032461715005,4444.8935270158245,4658.883115558479,4535.722205703307,4572.798229894246,4664.869395191732,4606.139411392335,4585.826474727132,4458.72964710538
4751.669751328053,4328.774930099965,4501.99066685501,4722.503811617647,4596.106840520417,4634.426863603193,4727.384036029746,4668.222671942531,4646.675450322077,4516.31807210304
4812.779728576172,4380.899211788777,4559.55814246989,4786.699570216791,4657.01464934081,4696.591812464212,4790.428431963123,4730.842278044392,4708.03228189496,4574.373457725587
4874.385086205922,4433.404706411374,4617.595616889756,4851.4701251108745,4718.445349643582,4759.292388888292,4854.00149135731,4793.9974172567,4769.895919712962,4632.895075622577
4936.484987799785,4486.290745138842,4676.102652029707,4916.815063227965,4780.398091883887,4822.527762077343,4918.101975043903,4857.687118573185,4832.265177552999,4691.882080405566
4999.078496319253,4539.556579341819,4735.078702253157,4982.7338211941305,4842.872528261012,4886.2969594543265,4982.728497621018,4921.910280154391,4895.13873515827,4751.333513484073
5062.164535047976,4593.2013742535355,4794.523116279112,5049.225686025613,4905.86779034802,4950.59886254238,5047.879523907203,4986.665657005559,4958.515127170662,4811.24830473896
5125.741914591861,4647.224215124143,4854.435135004473,5116.289790601882,4969.382947529441,5015.432203021581,5113.553362772727,5051.9518497514655,5022.392746197319,4871.625263139243
5189.80931649494,4701.624109282318,4914.813887629347,5183.925110760709,5033.416946446121,5080.7955653341805,5179.748171050705,5117.767304875713,5086.769844165633,4932.463080528923
5254.365292757133,4756.399974258977,4975.658392918378,5252.1304669885585,5097.968592709642,5146.687383541519,5246.461955012292,5184.110373839373,5151.644529322609,4993.760332176357
5319.4082756195785,4811.550658023174,5036.967559976952,5320.90451856312,5163.036558404114,5213.105935802209,5313.692557350285,5250.97903457346,5217.0147591672285,5055.515470715119
5384.936557078188,4867.074917990777,5098.740181064329,5390.245761733309,5228.619372962641,5280.049348019833,5381.437663688059,5318.371429036697,5282.878345397159,5117.726826962703
5450.948312559978,4922.971441940675,5160.974938981635,5460.15253233379,5294.715423123922,5347.515591954702,5449.694807930951,5386.285327715124,5349.232957521801,5180.392611540286
5517.441571569159,4979.238789711513,5223.67039495157,5530.62299822046,5361.322952588277,5415.502477964097,5518.461355075938,5454.71839796066,5416.076107009831,5243.510910504925
5584.414245120655,5035.875529420786,5286.824999527951,5601.6551590993495,5428.440070721947,5484.007659771018,5587.73450939063,5523.668153343161,5483.405156132475,5307.079683816786
5651.864101796232,5092.880034295311,5350.437079240513,5673.246849988923,5496.064725519202,5553.028634093551,5657.511317212165,5593.131938508929,5551.217322040138,5371.096768425341
5719.788779324713,5150.250659861833,5414.504847491002,5745.395731507423,5564.194723538385,5622.5627312798915,5727.788660123726,5663.1069385065675,5619.5096644396,5435.559875633069
5788.185782499228,5207.985647123448,5479.026392620251,5818.09929198748,5632.827723770958,5692.607121402207,5798.563250681205,5733.59017261666,5688.279087958683,5500.466586574491
5857.052475153471,5266.083145131609,5543.999687132429,5891.354851679409,5701.961235280691,5763.1588156382495,5869.8316395749025,5804.578491640224,5757.522346924767,5565.814356939706
5926.386090766684,5324.541236500691,5609.422577746386,5965.159550458367,5771.59261802099,5834.214654534509,5941.590217062353,5876.068581524405,5827.2360448061,5631.600516643708
5996.183723339729,5383.357906071629,5675.292792983587,6039.510353115435,5841.719078788141,5905.771315505997,6013.835197839731,5948.056951064076,5897.416622016297,5697.822261996405
6066.4423273125585,5442.531051159557,5741.607934806607,6114.404052892616,5912.337675001434,5977.825316088145,6086.562631777608,6020.539975990445,5968.060365550524,5764.47666185084
6137.158717702709,5502.058480970372,5808.365485089516,6189.8372587582,5983.445310201193,6050.372999865815,6159.768412451645,6093.513845066006,6039.163417079407,5831.560659547272
6208.329578186039,5561.93791513205,5875.56279825166,6265.806402037587,6055.038727675868,6123.4105452723425,6233.448253474242,6166.974560841852,6110.721749968141,5899.071062431504
6279.951443238454,5622.166985705021,5943.197107021119,6342.307739999083,6127.1145336257805,6196.933970752656,6307.597703449326,6240.91800900386,6182.731184053133,5967.004548913822
6352.0207139378945,5682.74323391633,6011.265516345866,6419.337342818618,6199.669168681197,6270.939118552718,6382.212151551643,6315.339869380794,6255.187390496029,6035.357672553915
6424.533654729988,5743.664109756512,6079.765008989628,6496.891101535441,6272.6989140923015,6345.421664654008,6457.286814988303,6390.235652481011,6328.08588119077,6104.1268494265305
6497.486384827151,5804.92698481134,6148.692440527912,6574.964731443018,6346.199901155505,6420.377125872654,6532.816740396196,6465.600696108102,6401.422007966414,6173.308365970444
6570.874890380903,5866.529131786245,6218.044539522399,6653.55375910507,6420.168104344371,6495.800841690207,6608.796813191142,6541.430181696099,6475.190971554157,6242.898384609254
6644.695015361111,5928.467732944756,6287.817906900611,6732.653531588974,6494.599343677127,6571.687985485894,6685.2217573252165,6617.71911585006,6549.38782483141,6312.892930259306
6718.942465568296,5990.739884398003,6358.009023174455,6812.259219410755,6569.4892827115245,6648.033572143416,6762.086121199799,6694.4623509538815,6624.007454911969,6383.28789832017
6793.612809005404,6053.342592258943,6428.614234923081,6892.365803978427,6644.833430545214,6724.832440944831,6839.3842919891285,6771.654565415272,6699.044597491245,6454.079059601759
6868.7014740873165,6116.272774111188,6499.629764742853,6972.968088043429,6720.627140956711,6802.079265404764,6917.110504809813,6849.2902708033025,6774.493849578665,6525.2620515177805
6944.203752519308,6179.52725867122,6571.051713603651,7054.060697923949,6796.865607944384,6879.7685615140745,6995.2588175516985,6927.363813946364,6850.349640609249,6596.832380677368
7020.114798326279,6243.102786160334,6642.876050136809,7135.638071796251,6873.5438823771565,6957.894674084309,7073.82312940025,7005.86937699189,6926.606252491691,6668.785429777197
7096.429627042062,6306.996008441051,6715.09862140315,7217.694471275982,6950.6568563521505,7036.451782643653,7152.7971909924445,7084.800977218705,7003.257824381294,6741.116452921386
7173.143122825483,6371.20348595203,6787.71514938028,7300.223982648977,7028.199261621005,7115.43391143247,7232.1745841502,7164.152473437855,7080.298346414042,6813.820573120857
7250.250030097947,6435.721700977201,6860.721229056582,7383.220506424668,7106.165683123745,7194.83491914636,7311.948732345573,7243.917561649137,7157.721654336776,6886.892790896165
7327.744960897348,6500.547042881581,6934.112334116695,7466.677769939557,7184.550552768077,7274.648500886028,7392.1129104585225,7324.089778452555,7235.521442551237,6960.327983476785
7405.622396900949,6565.675811804549,7007.883812249585,7550.5893272969115,7263.348152718874,7354.868199771646,7472.660241434089,7404.662500119017,7313.691271601434,7034.120897861634
7483.876683919844,6631.104224900182,7082.0308887999945,7634.948550673906,7342.552615981604,7435.487400141236,7553.583687209088,7485.628951163941,7392.224545709709,7108.266160796606
7562.50204208883,6696.8284131632645,7156.5486688414585,7719.748643739178,7422.157926562841,7516.499325721987,7634.876064483271,7566.982203380256,7471.114531633476,7182.75828142655
7641.492559533919,6762.84442340346,7231.432132577453,7804.982640040633,7502.157918747038,7597.89705267895,7716.530052778074,7648.715164573445,7550.354370878091,7257.591640728653
7720.842194372395,6829.148218493994,7306.676140784522,7890.643396567012,7582.546285712329,7679.673506196597,7798.538171928897,7730.820600633473,7629.937056274157,7332.760502518503
7800.544780850629,6895.735677728311,7382.275438612058,7976.723607739212,7663.316582178711,7761.8214551936335,7880.892801743651,7813.291129539252,7709.855447079615,7408.259019069798
7880.594033404504,6962.602596321584,7458.224646955835,8063.21580203836,7744.462215900251,7844.333526572824,7963.5861965973645,7896.119255769074,7790.102277235752,7484.081217749876
7960.98353412468,7029.744689854962,7534.518271481441,8150.112338239708,7825.976441444554,7927.202205004798,8046.610457762859,7979.297208097176,7870.67015392495,7560.221012728653
8041.706745058236,7097.157597770766,7611.150707181272,8237.405419781986,7907.852389187783,8010.419824644758,8129.957554441012,8062.817270478998,7951.551547999992,7636.67221302605
8122.757021895388,7164.836877390562,7688.116227431445,8325.087089444512,7990.083041439308,8093.9785843259015,8213.619332116707,8146.6714600280875,8032.738809935261,7713.428507228649
8204.127588576892,7232.777999491669,7765.40899494686,8413.149228619315,8072.661255909646,8177.870550277276,8297.5875058491,8230.85169048656,8114.224180760301,7790.483476032058
8285.81155619928,7300.976364449269,7843.023065822828,8501.583571841862,8155.579757269707,8262.087645362355,8381.853658591077,8315.349743292134,8195.99976804241,7867.830599781393
8367.80192850097,7369.427288737459,7920.952379836876,8590.381699385078,8238.831137724941,8346.621664947568,8466.409256351988,8400.157269922493,8278.057567090611,7945.463246880961
8450.09159967377,7438.126023154717,7999.190770694874,8679.535039897763,8322.40786487213,8431.464282193463,8551.245653837095,8485.26579841355,8360.389471247901,8023.374682306397
8532.673347326936,7507.067736012959,8077.7319698539,8769.034886328493,8406.302279650876,8516.607035463287,8636.354078395172,8570.666736246298,8442.987256971357,8101.558076832575
8615.539846246042,7576.247530568621,8156.569598626538,8858.87238291532,8490.506600043658,8602.041344536117,8721.7256488485,8656.351363592497,8525.842592546745,8180.006498473333
8698.683677737574,7645.660433411819,8235.697177461372,8949.03853327424,8575.01292771142,8687.758518018976,8807.351388892064,8742.310846256903,8608.947048878485,8258.712915844428
8782.097309570623,7715.301404403375,8315.108130290691,9039.524212740555,8659.813242709373,8773.749739692343,8893.22220365115,8828.536243884704,8692.292102569034,8337.670205842316
8865.773114161508,7785.165331638119,8394.795776946801,9130.320166482923,8744.8994160328,8860.006084705103,8979.32890126962,8915.018506168943,8775.86912463973,8416.871163500507
8949.70337623991,7855.247037995342,8474.75334311467,9221.417003360646,8830.26320721862,8946.518528643668,9065.662202229627,9001.748483002422,8859.669397093077,8496.308481968797
9033.88028305598,7925.541278877457,8554.973966061478,9312.805213516265,8915.896266876098,9033.277933524823,9152.212730136785,9088.716898920637,8943.684125185871,8575.974771270492
9118.29592961374,7996.042745551911,8635.45068238547,9404.475176319787,9001.79014785614,9120.275063678466,9238.971017674527,9175.914419371871,9027.904416514093,8655.862565905738
9202.942327982535,8066.746068066384,8716.176440715539,9496.417142103726,9087.936291957903,9207.50059601676,9325.927519016019,9263.331594349884,9112.321301203858,8735.964317048418
9287.811412087036,8137.6458120451725,8797.144108837598,9588.62125322421,9174.326055610873,9294.945106295541,9413.072613063101,9350.958891261565,9196.92573976389,8816.272393116118
9372.895026371083,8208.736489145549,8878.346469288688,9681.077557854469,9260.950689662513,9382.599084455542,9500.396595850729,9438.786693015698,9281.708617068787,8896.77909058768
9458.184940099425,8280.012546846026,8959.776215698837,9773.775987078276,9347.801366604343,9470.452945583842,9587.889696252845,9526.805303871823,9366.660745950561,8977.476644645803
9543.672859218463,8351.468385043903,9041.425963729087,9866.706377087059,9434.869162630766,9558.49701710104,9675.54208579248,9615.004954708511,9451.772878569493,9058.357209310128
9629.350407849111,8423.098338272192,9123.288267759446,9959.858479120994,9522.145080063077,9646.721553684098,9763.343865103101,9703.375801798073,9537.035712288409,9139.41287658757
9715.209145597904,8494.896702048847,9205.355591205012,10053.221949581352,9609.620036521945,9735.116746513586,9851.285080847309,9791.90793784389,9622.43988043577,9220.635681390431
9801.2405726053,8566.857706284254,9287.620331002672,10146.786359178946,9697.284878934362,9823.672715805493,9939.355735118095,9880.591394845116,9707.97596685704,9302.017599340303
9887.436129669499,8638.975548389604,9370.07481868296,10240.541204861456,9785.130384182194,9912.379521175759,10027.545777552996,9969.416152704876,9793.634516685028,9383.55054566369
9973.787195981588,8711.244363704385,9452.711326939054,10334.475910851912,9873.147259230742,10001.22717122466,10115.845115734317,10058.372122290655,9879.406023343556,9465.226385212383
10060.285100180228,8783.65825594743,9535.522056020893,10428.57982617904,9961.326141724527,10090.205620267174,10204.24362362195,10147.449191741176,9965.280944240916,9547.036942021496
10146.921127999725,8856.211276675467,9618.499150028172,10522.84223933797,10049.657623730063,10179.304775130802,10292.731143935041,10236.63719230907,10051.249706269777,9628.973985295515
10233.686511922693,8928.897443089572,9701.634703819363,10617.252385714528,10138.132239191778,10268.51450473734,10381.297488512988,10325.925921652208,10137.302706842289,9711.029244737312
10320.572444622932,9001.710730848341,9784.920755987026,10711.799438987033,10226.740468575772,10357.824640087765,10469.93244891774,10415.305144880314,10223.43031566479,9793.194414881915
10407.570085342544,9074.645080419714,9868.349292828738,10806.472526624812,10315.472755735473,10447.224978716073,10558.62580276003,10504.764599930282,10309.622884022054,9875.461156206366
10494.670556276029,9147.694399412554,9951.912255629972,10901.260740264775,10404.319503663952,10536.70529385378,10647.367311141887,10594.29400324112,10395.870750754491,9957.82109348191
10581.864948168197,9220.852552631872,10035.601548381961,10996.153125954934,10493.271068027228,10626.255336765114,10736.146729025317,10683.883052156456,10482.164239467282,10040.265825109469
10669.144327188202,9294.113385636774,10119.40902983976,11091.138699308938,10582.317783979199,10715.86483999153,10824.953811887857,10773.52143430652,10568.493668425841,10122.786931469967
10756.499739278337,9367.470713098612,10203.326524344739,11186.206453045972,10671.449950507451,10805.523525724553,10913.778315139169,10863.19882263085,10654.849356416693,10205.375965684452
10843.922207804531,9440.918326151083,10287.34582556841,11281.3453557725,10760.65784440589,10895.22110964905,11002.610002607398,10952.904897118364,10741.221622751445,10288.024465903994
10931.402742378312,9514.449985513502,10371.458695572082,11376.544359248624,10849.93172330056,10984.94730400444,11091.43865121525,11042.629333511659,10827.600794292815,10370.723958576444
11018.932345217405,9588.059442276302,10455.656871087484,11471.79240654204,10939.261832017475,11074.691824835,11180.254055431722,11132.361820804466,10913.977210092513,10453.465961675662
11106.502007892286,9661.74042537078,10539.932066683985,11567.078436161604,11028.638401585573,11164.444396558041,11269.04603203986,11222.09205320606,11000.34122567019,10536.241984665217
11194.102719946806,9735.48663756406,10624.275976966519,11662.391384997372,11118.051664295923,11254.194755756422,11357.80442505975,11311.809748896108,11086.683217068816,10619.04353565836
11281.725472598087,9809.291778290455,10708.68028103939,11757.720196562414,11207.491845572253,11343.932657033238,11446.51911009667,11401.50464601274,11172.993585708096,10701.8621263071
11369.361261964705,9883.14952950352,10793.136646468225,11853.053826411588,11296.949176329505,11433.647877597694,11535.18000092794,11491.166510148812,11259.26276166291,10784.689271252813
11457.00109202581,9957.053561051809,10877.636730715414,11948.381245540955,11386.413896449047,11523.330222546325,11623.777052883754,11580.785138336549,11345.481210578497,10867.516494500316
11544.635979673885,10030.997535950411,10962.17218647432,12043.691447282701,11475.876258265216,11612.969529131351,11712.300264738136,11670.350364612219,11431.639436448628,10950.335332513887
11632.256958244427,10104.975113072163,11046.734665406428,12138.973451640162,11565.326531600422,11702.555670761909,11800.73968988242,11759.852064702985,11517.727983567716,11033.137337835822
11719.855081409849,10178.979946638981,11131.315819546171,12234.216311944254,11654.755006284493,11792.0785643354,11889.085436815985,11849.280160970131,11603.737445182433,11115.914082561256
11807.421427056592,10253.005688445639,11215.90730654625,12329.409119390286,11744.151998255653,11881.528172817667,11977.327670687606,11938.624629255908,11689.658466392224,11198.657162107334
11894.947099705414,10327.045996886944,11300.500792875446,12424.541006318701,11833.507855268592,11970.894508170883,12065.456623482958,12027.875493045543,11775.481745857858,11281.358197068192
11982.42323639043,10401.094528618438,11385.087956678432,12519.601154567239,11922.81295806303,12060.167641111122,12153.462597566682,12117.02284074272,11861.19803994484,11364.00883973514
12069.841009857282,10475.144947885103,11469.660491401206,12614.578799954752,12012.057724741473,12149.337701969358,12241.335965818773,12206.056826996712,11946.798172473733,11446.600776031488
12157.191630868652,10549.190927211217,11554.210109128038,12709.463234522384,12101.232619012031,12238.39488216801,12329.067176429164,12294.967674755873,12032.273033625424,11529.125728099087
12244.466351377952,10623.226149819311,11638.728544616253,12804.2438127547,12190.328150677862,12327.329446619406,12416.646764353158,12383.745679279906,12117.613578549808,11611.575456880626
12331.656472266679,10697.244311558685,11723.207557420465,12898.909960387218,12279.334878752632,12416.131732891237,12504.065348284725,12472.3812089887,12202.810845033275,11693.94177019659
12418.753343695827,10771.239123538984,11807.63893578036,12993.4511743412,12368.243420537166,12504.792150969028,12591.313629549488,12560.864721197137,12287.855948204486,11776.216522460298
12505.748364203399,10845.204312001546,11892.014500795896,13087.857025113757,12457.04445227086,12593.301198349289,12678.382411677234,12649.186755066943,12372.740080313923,11858.391614184811
12592.632994445601,10919.133623231519,11976.326107879884,13182.117171473374,12545.728709916064,12681.64945745581,12765.262593758263,12737.337940613255,12457.454522274453,11940.459003137665
12679.398753997755,10993.020826199856,12060.565651151985,13276.221357880957,12634.287001111814,12769.827594208396,12851.945167335303,12825.308999371813,12541.990647343424,12022.410704278516
12766.037222832232,11066.859713023725,12144.725067253745,13370.159411825804,12722.710204113133,12857.826374373508,12938.421235754187,12913.09075190112,12626.339918392525,12104.238790799825
12852.540047540428,11140.644097798608,12228.796336293983,13463.921265682826,12810.98926758672,12945.636660424278,13024.682010585791,13000.67411772297,12710.493889261435,12185.935394615522
12938.898947867157,11214.36782656736,12312.77148695157,13557.496949945878,12899.115222464323,13033.249409573196,13110.718809108866,13088.050122266142,12794.444221700134,12267.492719984675
13025.105714722577,11288.024774048876,12396.642599727129,13650.876592197212,12987.079182801284,13120.655688551487,13196.523061955157,13175.209899107189,12878.182678126384,12348.903038544424
13111.152209191023,11361.608846119292,12480.401807008511,13744.050432430702,13074.872344181276,13207.84667276984,13282.086323926642,13262.144695657109,12961.701114912303,12430.158687456133
13197.030378895759,11435.113981123557,12564.04129950247,13837.008824943152,13162.485991626309,13294.813642707973,13367.400266560042,13348.845859619449,13044.99150936045,12511.25208248684
13282.732251718737,11508.534155956191,12647.553328457288,13929.742234542278,13249.911506445587,13381.54799667106,13452.456676419395,13435.304864154155,13128.04594708851,12592.175718270586
13368.249933587129,11581.863384812652,12730.930204865226,14022.241243176974,13337.140362127526,13468.041252807654,13537.247477831665,13521.513311445457,13210.856621199286,12672.92216709198
13453.57562277265,11655.09571935955,12814.164307556748,14114.496563051975,13424.164127587577,13554.285043795033,13621.764721624433,13607.462929876332,13293.415841915717,12753.484076686873
13538.70160894219,11728.225254367793,12897.248083847126,14206.499028952492,13510.974480144985,13640.271127185684,13706.000576370674,13693.145561579238,13375.716044136152,12833.854189280311
13623.620270991061,11801.246129505047,12980.17404819775,14298.239597086793,13597.563199261047,13725.991390562182,13789.947358736488,13778.553176370453,13457.74978001284,12914.02533211864
13708.324078854306,11874.152529540537,13062.934792063275,14389.709368006927,13683.922165437643,13811.437844582137,13873.59751839861,13863.677881299993,13539.50971621756,12993.990415091406
13792.80560785253,11946.938681476604,13145.522982424416,14480.899575732343,13770.043378263625,13896.602630633677,13956.943635290725,13948.511916799607,13620.988657239082,13073.74244336845
13877.0575314103,12019.598867571505,13227.931360810631,14571.801579823805,13855.918948576722,13981.478029194772,14039.978431572663,14033.0476585805,13702.179532448015,13153.274519701317
13961.072614377224,12092.127419423003,13310.152753682567,14662.406896030272,13941.54109340303,14066.05645141221,14122.694777134579,14117.277621053934,13783.075388032088,13232.579840586724
14044.843737864701,12164.518719313306,13392.180069751224,14752.707181357078,14026.902158216784,14150.330443956627,14205.085680254786,14201.194457591162,13863.669413318206,13311.65169117022
14128.363886637257,12236.767201037157,13474.006299219565,14842.694229847388,14111.994606897964,14234.292700385502,14287.14428742376,14284.790964614525,13943.95492946494,13390.483469021976
14211.626148211517,12308.867359520551,13555.62452422486,14932.359990353727,14196.811018038987,14317.93605148894,14368.863903831283,14368.060081784268,14023.925385732475,13469.068670698685
14294.623720664602,12380.813745690377,13637.027915361354,15021.696566601531,14281.344100848439,14401.253467400416,14450.237979678146,14450.994893472736,14103.57436512167,13547.40088947864
14377.349919756301,12452.600964178702,13718.209731055593,15110.696208792211,14365.586692746885,14484.238071635595,14531.260101226742,14533.588637691719,14182.895596468261,13625.47382583444
14459.79817183099,12524.223683243248,13799.163327924627,15199.351319076468,14449.531753613199,14566.883130412241,14611.924020778457,14615.83468758502,14261.882943279246,13703.281292712418
14541.962009801347,12595.67663452346,13879.882156523992,15287.65446645289,14533.172373840014,14649.182052157288,14692.223639018739,14697.726570918918,14340.530397239032,13780.817209090954
14623.83509495211,12666.954611773228,13960.359761069978,15375.598373969564,14616.501781396804,14731.128403871813,14772.152999122665,14779.25797467672,14418.832104815096,13858.07559222714
14705.411204272019,12738.052466230227,14040.589789377806,15463.175914831256,14699.51333313105,14812.715899613715,14851.706303941137,14860.422731632276,14496.782350749869,13935.05058484694
14786.684224908147,12808.9651234643,14120.565987974844,15550.38013785468,14782.200516266135,14893.938397639453,14930.877913536307,14941.214828503873,14574.375551113675,14011.736438699063
14867.648172116678,12879.687573861323,14200.282202345526,15637.204251943256,14864.556963031962,14974.789918613495,15009.662336317611,15021.62840482558,14651.606273044434,14088.127512822788
14948.297184472958,12950.214873428753,14279.732386122145,15723.64161534479,14946.576439855591,15055.264633512803,15088.054231369602,15101.657755743867,14728.469228899496,14164.218280803252
15028.625519062156,13020.542144951607,14358.910595230149,15809.68576765407,15028.252843571612,15135.356858751802,15166.048423076292,15181.297329491439,14804.959269369232,14240.003339188723
15108.627552107497,13090.664587794827,14437.81098907008,15895.330411139083,15109.580221463631,15215.061075586978,15243.639887438037,15260.541729277496,14881.071384666262,14315.477398822808
15188.297794159233,13160.577471325028,14516.427840237178,15980.569405069848,15190.552759200593,15294.371917773347,15320.823744999867,15339.385720271694,14956.800719758603,14390.635275027716
15267.630878992035,13230.27613089659,14594.75552900313,16065.396781556772,15271.164773048606,15373.2841650491,15397.59528556086,15417.82420983443,15032.142561129049,14465.47191647194
15346.621554640446,13299.755980274533,14672.788536678749,16149.80674455558,15351.410733281444,15451.792763092284,15473.949951445611,15495.852269780215,15107.092327673698,14539.98238694253
15425.264709585836,13369.012508829876,14750.521465756443,16233.793659480962,15431.285250557017,15529.892811221036,15549.8833289991,15573.46513181735,15181.645597333469,14614.161864296519
15503.55535660759,13438.041279907797,14827.949028475015,16317.352056531316,15510.783070634601,15607.579554577842,15625.391169336885,15650.658179097449,15255.79808934755,14688.005644157216
15581.488630243937,13506.837925281823,14905.066043341623,16400.476644171933,15589.899088758295,15684.848404129083,15700.469378056721,15727.426951772255,15329.54565912608,14761.509150985075
15659.059794010393,13575.398163222657,14981.867445044914,16483.16229491212,15668.628345776928,15761.69492420927,15775.114008504908,15803.767143844701,15402.884310149882,14834.667927786024
15736.26424555212,13643.71778703531,15058.348285961249,16565.404039982353,15746.966020647513,15838.114825707686,15849.321266375202,15879.674605149237,15475.810193377278,14907.477624931867
15813.097507866329,13711.79266495579,15134.50372943928,16647.197091771195,15824.907436393343,15914.103981733388,15923.087516914662,15955.145340349756,15548.319598560336,14979.934029064982
15889.555224327849,13779.618741922222,15210.329048942083,16728.536827784133,15902.44806568566,15989.658419078176,15996.40927327858,16030.175506018992,15620.408951881152,15052.03304422621
15965.63317824798,13847.192048508155,15285.81964193061,16809.418779784388,15979.583520890736,16064.774310857598,16069.283192008923,16104.76141998497,15692.074831462725,15123.770691527203
16041.327279098778,13914.508693590722,15360.971019788878,16889.83866058628,16056.309553810359,16139.447987666064,16141.706090135887,16178.89953355904,15763.313954242596,15195.143109511113
16116.63355603074,13981.564859059708,15435.77880111124,16969.792346144113,16132.622067775068,16213.675933342998,16213.674931388334,16252.586465003227,15834.123166215766,15266.146566843745
16191.548173685735,14048.35681382856,15510.238731206953,17049.275869909077,16208.517106306472,16287.454776809878,16285.186816517107,16325.818982947489,15904.499465235194,15336.77745087364
16266.067425609664,14114.880908436277,15584.34666982737,17128.285433983237,16283.990848414951,16360.781299417016,16356.23900447627,16398.594002110956,15974.439984776393,15407.032257938252
16340.187729049478,14181.133573524563,15658.098588320418,17206.81740756031,16359.039624586041,16433.652434149022,16426.8288969544,16470.908586952995,16043.94199046992,15476.907616634262
16413.905624661427,14247.111314457334,15731.490576704859,17284.868317039967,16433.659904966295,16506.065256988888,16496.9540342737,16542.75994761217,16113.00288511726,15546.400273330257
16487.217787746944,14312.81072790949,15804.518845199971,17362.43484704458,16507.848291770133,16578.01699107897,16566.612100995462,16614.145440270684,16181.620211420704,15615.507090514022
16560.12101765794,14378.22849035579,15877.179717021421,17439.513850107898,16581.60153696779,16649.50500850333,16635.800926515316,16685.06256736566,16249.79164303304,15684.225044838571
16632.61222980407,14443.361357127946,15949.469626694581,17516.102334176307,16654.916529876133,16720.526821471263,16704.51847644387,16755.50897602467,16317.514980211063,15752.551240269531
16704.688475195377,14508.206164780728,16021.385134265605,17592.197457250993,16727.79029213419,16791.08008391231,16772.762850305506,16825.48244683536,16384.78816306299,15820.48289625791
16776.3469264185,14572.759837867048,16092.922913627925,17667.796543043296,16800.219987015826,16861.1625950402,16840.53229081183,16894.980904608146,16451.609259715515,15888.017340133587
16847.58487460148,14637.019382093706,16164.079746951018,17742.897067685124,16872.202915553728,16930.772290608693,16907.82517336869,16964.002424023012,16517.97645931774,15955.152023748407
16918.399734184328,14700.981878387647,16234.852534197518,17817.496650844696,16943.736509744915,16999.907242514837,16974.63999956445,17032.54520628274,16583.888085220457,16021.884514076804
16988.789045110912,14764.644496974237,16305.238295247238,17891.593073377953,17014.818335391723,17068.56566343328,17040.975409820123,17100.607588380873,16649.34258542931,16088.21249003762
17058.750465368474,14828.00449009803,16375.234162883833,17965.18426341087,17085.44609508924,17136.74589836453,17106.830172109396,17168.188041412934,16714.338528601915,16154.133739090244
17128.28176670382,14891.059190892422,16444.8373692409,18038.26829165092,17155.617619977336,17204.44642277182,17172.20317741305,17235.285142097553,16778.874604675122,16219.646169668515
17197.380847013483,14953.806008708001,16514.04527514272,18110.84337705413,17225.330868283396,17271.66584765737,17237.093445071816,17301.8977073867,16842.94962835124,16284.747799827579
17266.045719661764,15016.24244272468,16582.85534933936,18182.90788492614,17294.583932323523,17338.402911586796,17301.500119198674,17368.024518118775,16906.56253136748,16349.436751698611
17334.274508124516,15078.36607159375,16651.26517014249,18254.460319222777,17363.375029751056,17404.656477826706,17365.422463109684,17433.664589666612,16969.71235784128,16413.71126201615
17402.065455760978,15140.174551886368,16719.272419558332,18325.49932172878,17431.70249943154,17470.42553933955,17428.859858210566,17498.817034405827,17032.39827317674,16477.56967686348
17469.4169198498,15201.665620740725,16786.874899633203,18396.023676953177,17499.564810246964,17535.709211419777,17491.811806963513,17563.48108741548,17094.61955491134,16541.010447643366
17536.327367484344,15262.837100104643,16854.070518389166,18466.032303167667,17566.96055252763,17600.506728232995,17554.277925924387,17627.656112046407,17156.375588450846,16604.03212701387
17602.795374582103,15323.686891025935,16920.85728679926,18535.524248018206,17633.888432502295,17664.817447319423,17616.257941785236,17691.341584465445,17217.665871975852,16666.6333793993
17668.81963133603,15384.212967848976,16987.23332303508,18604.49869619465,17700.34728132661,17728.64084293033,17677.751696545743,17754.537089376016,17278.49001211648,16728.81297099399
17734.39893480365,15444.413390775331,17053.196856071736,18672.954960499595,17766.33604667205,17791.976502306057,17738.759140431368,17817.242321112517,17338.84771990887,16790.569765809432
17799.53218358681,15504.286297872091,17118.746218269676,18740.892476043417,17831.853789007953,17854.82412937688,17799.280327997407,17879.45711012,17398.738809250484,16851.902731388964
17864.218387557426,15563.829904380822,17183.879840248992,18808.310807818136,17896.899685110187,17917.18353885275,17859.31542107168,17941.18137667521,17458.163199027484,16912.81093632405
17928.45665897288,15623.042499058503,17248.596259336784,18875.209642275873,17961.47302495005,17979.05465250945,17918.864684082168,18002.415151170895,17517.12090748003,16973.293545982044
17992.24620988708,15681.92245395996,17312.894113533126,18941.588783852916,18025.5732070213,18040.43750187529,17977.928480857005,18063.158586435602,17575.612048500574,17033.349818407172
18055.58635373257,15740.4682160943,17376.772138297285,19007.448155916514,18089.19973836054,18101.332223071742,18036.507273444127,18123.411917245925,17633.636835363555,17092.97911231282
18118.476505054234,15798.678305571164,17440.229169950486,19072.787798604182,18152.3522348116,18161.73905342952,18094.60162121744,18183.17548889297,17691.195574921498,17152.18087883677
18180.91617478263,15856.551318046048,17503.264141761338,19137.607863976027,18215.030415902,18221.658332814455,18152.21217695374,18242.44975680451,17748.288665084852,17210.95465880319
18242.904967325594,15914.08592663379,17565.876082685732,19201.908614105127,18277.234102914328,18281.090499383674,18209.33968441038,18301.23525181247,17804.916594776383,17269.30008492022
18304.442584965997,15971.280877608584,17628.064117509744,19265.690421483665,18338.963220569403,18340.03608675042,18265.98497810794,18359.532613862248,17861.079941814536,17327.21688078635
18365.52882190109,16028.134985371016,17689.82746456529,19328.953764016584,18400.217792046966,18398.495723584827,18322.148979703474,18417.342581043737,17916.77936985524,17384.704856934633
18426.16356098886,16084.647142248607,17751.165433174123,19391.699222050745,18460.99793617421,18456.47013064821,18377.83269564209,18474.66596245154,17972.015626333363,17441.76390728557
18486.34677665776,16140.816311040468,17812.077425423893,19453.9274790005,18521.30386920829,18513.96011811452,18433.037215978744,18531.50366665726,18026.789541987266,17498.394014052752
18546.07853111852,16196.641524624534,17872.562932359895,19515.63931687578,18581.135900355846,18570.966584132068,18487.763711544903,18587.85668743699,18081.1020276536,17554.595241645773
18605.358971814225,16252.121883319627,17932.621531610366,19576.835613426236,18640.494428799335,18627.49051250033,18542.013432107087,18643.726110709475,18134.954072189175,17610.367734736126
18664.18832995061,16307.256560800357,17992.252889526237,19637.517341567713,18699.37994477975,18683.532970293512,18595.78770402431,18699.113097954927,18188.34674125312,17665.71171817171
18722.566920939233,16362.044798093317,18051.45675682055,19697.68556587401,18757.793025690244,18739.09510582379,18649.087928049572,18754.018888823062,18241.28117480276,17720.62749637243
18780.49514076083,16416.48590175284,18110.232966955926,19757.341440368255,18815.73433387333,18794.178146485792,18701.91557758766,18808.444801784273,18293.758585457108,17775.11545010657
18837.973463453876,16470.57924560735,18168.581437039422,19816.486206258618,18873.20461563373,18848.78339678692,18754.27219675994,18862.39223025461,18345.78025631897,17829.176033824806
18895.002442149915,16524.324270945443,18226.502164426696,19875.121189578444,18930.20469903241,18902.912236056156,18806.1593971785,18915.862641091684,18397.34753889149,17882.809777437607
18951.582705533445,16577.720483545967,18283.995225585888,19933.24779901731,18986.73549157291,18956.566116098988,18857.57885681188,18968.85757577796,18448.46185152527,17936.017282389683
19007.71495613532,16630.767449985346,18341.06077528011,19990.867523642504,19042.79797842712,19009.74655969815,18908.532319052978,19021.37863532612,18499.124677919433,17988.79922017378
19063.39996914112,16683.464803674156,18397.699044467394,20047.98192994636,19098.39322064022,19062.455158343335,18959.021587845462,19073.427493806164,18549.337563732763,18041.156331057384
19118.63859083542,16735.812239245875,18453.910338994687,20104.592660231152,19153.52235306274,19114.69356944299,19009.048527495182,19125.005894121765,18599.102115724694,18093.089423059526
19173.431736537204,16787.80951210507,18509.69503834665,20160.701431049783,19208.1865825293,19166.46351531568,19058.61506179563,19176.11563745409,18648.420001105984,18144.599369690535
19227.780388975378,16839.456436645727,18565.053593648787,20216.310028855663,19262.38718560628,19217.766781143517,19107.723169718593,19226.758586970274,18697.29294298615,18195.68710837418
19281.685596749918,16890.752888860217,18619.98652644877,20271.420309147463,19316.12550698861,19268.605211598064,19156.374884031407,19276.936664998004,18745.722720009187,18246.35363924253
19335.14847252788,16941.698802555933,18674.494427472728,20326.03419577214,19369.402958068054,19318.98071030433,19204.57229077166,19326.65185062139,18793.711165285655,18296.60002328823
19388.170191855585,16992.294167844128,18728.577954465927,20380.153675316757,19422.22101378712,19368.89523815177,19252.317526979437,19375.906177395078,18841.260163958952,18346.42738106948
19440.751990726232,17042.5390318074,18782.237831139188,20433.78079693231,19474.58121156899,19418.350809277057,19299.612776584494,19424.701732573092,18888.37165003948,18395.836891076735
19492.895164294325,17092.433497721457,18835.47484570154,20486.917671280713,19526.48515049085,19467.3494909645,19346.46027086847,19473.040654947086,18935.04760638117,18444.829787761224
19544.60106563134,17141.977723144526,18888.289849022476,20539.566466633296,19577.93448711782,19515.893402399313,19392.862288059918,19520.925131991855,18981.290064245888,18493.407360363202
19595.87110401991,17191.17191782401,18940.68375336805,20591.72940642329,19628.930935101525,19563.984709995337,19438.82114680247,19568.357397347514,19027.101097400948,18541.57095243332
19646.706742383732,17240.016345666794,18992.657530833276,20643.40876910235,19679.4762641829,19611.625627694084,19484.339207573503,19615.339731959666,19072.482823288992,18589.3219580714
19697.10949660654,17288.511321727554,19044.212212366074,20694.606886007026,19729.57229675636,19658.818416205406,19529.41887302009,19661.874464233846,19117.43740299543,18636.661821861795
19747.0809350496,17336.657211453974,19095.348885466952,20745.326136468466,19779.220906392693,19705.56537770542,19574.062581267906,19707.96395849329,19161.96703583702,18683.592037606424
19796.622674176564,17384.454429503872,19146.068693140358,20795.568948555585,19828.424017366444,19751.86885649048,19618.272806717683,19753.610622308835,19206.07395914757,18730.11414691168
19845.736378853886,17431.90343987214,19196.372832888952,20845.3377986431,19877.183602180838,19797.731238711138,19662.052059907433,19798.816900626516,19249.76044813043,18776.229736050038
19894.423761535025,17479.004753971618,19246.26255429631,20894.635204381048,19925.501678686218,19843.154946511917,19705.402884421994,19843.58527235402,19293.028814046855,18821.940435915298
19942.686579341964,17525.75892960628,19295.739158164022,20943.46372622117,19973.380310188626,19888.142438981577,19748.32785347473,19887.91826065357,19335.88139968217,18867.247922183607
19990.52663227367,17572.166570381647,19344.803995504553,20991.825968022808,20020.821604042427,19932.696212355026,19790.829571132002,19931.81841258967,19378.32058061006,18912.153910282253
20037.945762990144,17618.22832467993,19393.45846532138,21039.72456924021,20067.82770734811,19976.818793702594,19832.9106717869,19975.28831506525,19420.34876581517,18956.66015599992
20084.945856082908,17663.944884527653,19441.704013311617,21087.162206546785,20114.40080759052,20020.512742187497,19874.573813591815,20018.330584219635,19461.968390185815,19000.768454555346
20131.528833434644,17709.316984711542,19489.54213111014,21134.14159365993,20160.5431322628,20063.780649297994,19915.821680603767,20060.9478585282,19503.181917082835,19044.48063968301
20177.696655095002,17754.345401721377,19536.974354627542,21180.665477039285,20206.25694332333,20106.625132996476,19956.65698414057,20103.14281650897,19543.99183835266,19087.79857927141
20223.451319552947,17799.030952822035,19584.002261900085,21226.736633499975,20251.544538260896,20149.048838470924,19997.08245420766,20144.91814542988,19584.400669665378,19130.72417641829
20268.79485836625,17843.37449522302,19630.627472790507,21272.35787132914,20296.408250571312,20191.054438522067,20037.10084265378,20186.276575761938,19624.41094941168,19173.259369836192
20313.729336832206,17887.376925156794,19676.85164817248,21317.532028567686,20340.85044336329,20232.644628652597,20076.714923042273,20227.220842885632,19664.02523947981,19215.406128570376
20358.256853562154,17931.039176421036,19722.67648637516,21362.26196744725,20384.873510894864,20273.82212679775,20115.927486540488,20267.753718312073,19703.24612439506,19257.166452482616
20402.379538780144,17974.362219840415,19768.10372354715,21406.550576446552,20428.479878385733,20314.589674486197,20154.74134011406,20307.87798637196,19742.07620567863,19298.542371811003
20446.09955067822,18017.347062809575,19813.135133429165,21450.400770609085,20471.671997875714,20354.95003196506,20193.159307884365,20347.59645014232,19780.518104013114,19339.535946852226
20489.419076427796,18059.99474744538,19857.772523103136,21493.815483733713,20514.452347247283,20394.905977320923,20231.184230115763,20386.91193648583,19818.57446074716,19380.14926261001
20532.34033278847,18102.306349859773,19902.01773363797,21536.797671117365,20556.82343085725,20434.460307041747,20268.818957676503,20425.827278258665,19856.247929601395,19420.38443072171
20574.86555959438,18144.282979521395,19945.87263982339,21579.350310766393,20598.787777136233,20473.615836087338,20306.066354449948,20464.345337550272,19893.541180089367,19460.243589895734
20616.997022048323,18185.925779183875,19989.339146670718,21621.476395408838,20640.34793547801,20512.375390605615,20342.929298451094,20502.46897266146,19930.456897349202,19499.728901008006
20658.73701057008,18227.235921853568,20032.41918904257,21663.178934775897,20681.506477514336,20550.741811170767,20379.41067402518,20540.201072964242,19966.997778837278,19538.842547021282
20700.087837249885,18268.214611363965,20075.11473158212,21704.460955988892,20722.26599618777,20588.717954623753,20415.51337511928,20577.54452798914,20003.166532144794,19577.58673311314
20741.05183442251,18308.863081631356,20117.427766651126,21745.325499632138,20762.629100989747,20626.30668575882,20451.240305932813,20614.502240824688,20038.965876488037,19615.963686995558
20781.63135539738,18349.182595740567,20159.360312222514,21785.775617572002,20802.598419678558,20663.510879599264,20486.594375670702,20651.07712627579,20074.398542752853,19653.975652706617
20821.8287742232,18389.17444370691,20200.914412392667,21825.814374671187,20842.176598527847,20700.33342176957,20521.578498687315,20687.272104222313,20109.467267294087,19691.624893296525
20861.646480294192,18428.839942826882,20242.09213651084,21865.44484756203,20881.366296401764,20736.777207578987,20556.1955955769,20723.090100024718,20144.17479467536,19728.913691147434
20901.08688042675,18468.180437778374,20282.895575585557,21904.670119315593,20920.170186755495,20772.845136135762,20590.448591555807,20758.5340490473,20178.52387915577,19765.844343806813
20940.152399894963,18507.197297685965,20323.326843270803,21943.49328198831,20958.59095922581,20808.540113309115,20624.34041248422,20793.606889121096,20212.51727757889,19802.419163153296
20978.845476254115,18545.89191601439,20363.388075985757,21981.917437348413,20996.63131176542,20843.865054030473,20657.87398712583,20828.311559731155,20246.157751952134,19838.64047605968
21017.16856111267,18584.26571017889,20403.08142822433,22019.945689546916,21034.29395390259,20878.822872862667,20691.05224779202,20862.651011003683,20279.448069631246,19874.510625246076
21055.124120112032,18622.32012193928,20442.40907392659,22057.581148212328,21071.581606026375,20913.41648856566,20723.87812390598,20896.628189147952,20312.39100131825,19910.031962602134
21092.71463141701,18660.056613324297,20481.373206868644,22094.82692981018,21108.49699926223,20947.64882366672,20756.354544964805,20930.246045059666,20344.989318025804,19945.20685233767
21129.94258225375,18697.476668152107,20519.9760362428,22131.686150626094,21145.042869057354,20981.522802576914,20788.484442457266,20963.50753064201,20377.245793006852,19980.037671102713
21166.810470564666,18734.58179147179,20558.219787468046,22168.161929022805,21181.22195859626,21015.04134788303,20820.270742205903,20996.415597440446,20409.163202495136,20014.52680476645
21203.320806002233,18771.37350850887,20596.106702326353,22204.257386113582,21217.037020538133,21048.20738264721,20851.71636744394,21028.973194990365,20440.7443194642,20048.676646816002
21239.47610349785,18807.85336225406,20633.63903657089,22239.975642575933,21252.490810047657,21081.023832224226,20882.82423827969,21061.183272249073,20471.991916644016,20082.489599459946
21275.278886134154,18844.022914291876,20670.819058495683,22275.319816783714,21287.58608590427,21113.4936160081,20913.597274081447,21093.048774935298,20502.90876807272,20115.96807493084
21310.731685380757,18879.883745377592,20707.64904974515,22310.293026964588,21322.32561116525,21145.619651697467,20944.03838413728,21124.57264511914,20533.49764274196,20149.114488583262
21345.837037721158,18915.43745169018,20744.131304335984,22344.898390157614,21356.712154645757,21177.404855595643,20974.150473284542,21155.75782032668,20563.761306424945,20181.931262332553
21380.597483771995,18950.685645460595,20780.26812556456,22379.139016834197,21390.74848263126,21208.852139411112,21003.93644190173,21186.607235000334,20593.702521376836,20214.420824584493
21415.015569306008,18985.62995465668,20816.061827275265,22413.018013947247,21424.43736349309,21239.96440853604,21033.39918446908,21217.123816576695,20623.324049964922,20246.585607945202
21449.093845239215,19020.27202357761,20851.514733970245,22446.538486693647,21457.78156787,21270.744563838678,21062.541584427086,21247.310485835977,20652.628644119093,20278.428046950507
21482.834862855045,19054.61350846068,20886.629176572256,22479.703533066124,21490.783865504618,21301.195502675633,21091.366518035058,21277.17015971508,20681.61905163982,20309.950579525783
21516.241176073643,19088.65607948404,20921.40749396041,22512.516242827925,21523.447023105735,21331.32011233895,21119.87685639397,21306.70574530681,20710.298014981163,20341.15564860895
21549.315343358947,19122.401420437403,20955.852033836403,22544.9796991002,21555.77380604419,21361.121273628116,21148.075458765485,21335.920142340372,20738.668273001895,20372.04569528317
21582.05992047778,19155.851227473486,20989.96514786352,22577.096983193544,21587.766980711775,21390.60186174076,21175.965174060333,21364.81624361167,20766.732552569523,20402.623162322165
21614.477463806274,19189.00720692127,21023.749193510444,22608.871161476898,21619.429305997215,21419.76474199072,21203.548841483265,21393.396931516443,20794.493574138975,20432.89049393151
21646.570529140907,19221.871076288153,21057.20653415944,22640.30529306591,21650.763537961484,21448.612770071108,21230.829293182644,21421.66507938223,20821.95405169709,20462.850134329023
21678.341675397678,19254.44456520293,21090.339536533684,22671.4024282542,21681.772429363627,21477.148793141132,21257.809345698544,21449.623551080236,20849.11669129679,20492.504524980104
21709.79345439404,19286.729411161625,21123.150570117014,22702.165610826134,21712.458728943042,21505.375650101058,21284.49180514898,21477.27519928319,20875.98418684423,20521.85610628064
21740.92841701369,19318.72736085126,21155.642008344286,22732.597868886878,21742.82517710091,21533.29616675012,21310.879466570947,21504.6228659208,20902.55922347767,20550.907319370803
21771.749111577068,19350.440169804453,21187.816226977047,22762.702220833125,21772.87450866933,21560.913158596308,21336.975114257864,21531.66938204707,20928.844478871964,20579.66059954439
21802.25808670847,19381.86960300393,21219.67560142531,22792.481675171803,21802.60945483654,21588.22943230707,21362.78151652174,21558.41756595055,20954.842618662762,20608.11837973184
21832.457881879775,19413.017430700987,21251.22250826643,22821.939228881267,21832.032736604597,21615.247780464248,21388.301429326275,21584.870224412545,20980.556296592124,20636.28309041119
21862.351033527942,19443.88543053294,21282.45932623677,22851.077863666902,21861.14706737357,21641.97098359978,21413.537597259736,21611.03015224937,21005.98815542806,20664.15715852935
21891.940073944657,19474.475387648374,21313.38843353249,22879.900548934864,21889.955153039846,21668.40181063257,21438.492750154204,21636.90012934002,21031.14082995434,20691.743003998043
21921.227532381054,19504.7890928893,21344.012205217216,22908.410243832215,21918.459692795033,21694.54301847545,21463.16960229343,21662.482922396393,21056.016938912544,20719.04304223333
21950.21592811978,19534.828340998116,21374.333015493587,22936.609891136664,21946.663373630112,21720.397348774342,21487.570853813362,21687.781286378246,21080.61908962803,20746.059684636974
21978.90777522684,19564.594931881024,21404.353239287444,22964.502418929394,21974.56887371243,21745.96753002412,21511.69919358998,21712.797961593576,21104.949877062434,20772.79533758567
22007.30558219658,19594.090671119462,21434.0752480391,22992.09074109042,22002.178863117624,21771.25627925091,21535.557291442772,21737.535672017577,21129.011886037508,20799.252397823893
22035.411851396188,19623.317368375083,21463.501408322798,23019.377760216128,22029.49600055758,21796.26629644649,21559.14780287084,21761.997127335897,21152.80768433766,20825.433256197353
22063.229074668754,19652.276834640616,21492.634083893412,23046.366359116517,22056.52293300704,21821.000267704374,21582.47336822773,21786.185025696952,21176.339827240885,20851.340297959574
22090.759736639793,19680.970884430873,21521.475637455667,23073.059406186647,22083.262296799614,21845.46086523313,21605.5366140298,21810.102046834134,21199.61085711766,20876.97590197329
22118.006315222447,19709.401336029885,21550.0284256394,23099.45975474643,22109.71671920725,21869.65074635839,21628.34014779583,21833.75085488376,21222.62330362333,20902.342435653813
22144.971279493864,19737.570010429976,21578.29479916968,23125.570243708884,22135.88881260256,21893.572551716323,21650.88656157369,21857.134098471106,21245.37967940818,20927.44225919515
22171.657087429656,19765.47872781445,21606.27710398606,23151.393692323618,22161.7811779532,21917.228906826076,21673.178432176566,21880.254413430794,21267.882483350648,20952.277725540327
22198.066188092173,19793.129310337463,21633.977683227848,23176.9329039747,22187.39640484743,21940.622423211542,21695.218319895233,21903.11441545542,21290.134201137982,20976.85117984161
22224.201022998364,19820.52358200095,21661.39887177006,23202.190666856244,22212.73707038477,21963.75569413436,21717.0087666272,21925.71670487529,21312.137303189844,21001.164954803437
22250.064022289316,19847.663368181413,21688.54299766013,23227.169751490615,22237.80573699891,21986.63129713086,21738.552297689963,21948.063865770622,21333.89424338639,21025.22137452985
22275.657604642318,19874.550491806047,21715.41238236931,23251.87290951664,22262.604954174283,22009.251794380772,21759.851423380205,21970.15846707974,21355.407460671515,21049.022754391513
22300.98417836066,19901.186776233193,21742.0093432099,23276.302875338442,22287.13726028368,22031.619731087674,21780.908634738575,21992.003058132817,21376.679380680813,21072.571400693603
22326.046143518666,19927.57404491632,21768.33618716496,23300.46236830253,22311.405177150467,22053.737634908666,21801.72640540853,22013.60017178805,21397.71241139629,21095.869606517575
22350.845886464005,19953.714121409386,21794.395213546806,23324.354086878648,22335.41121313358,22075.608017034123,21822.30719176693,22034.952324519334,21418.50894493327,21118.919655099096
22375.385782007692,19979.60882539522,21820.188713551048,23347.98071180578,22359.157862855784,22097.233372820712,21842.653434414424,22056.06201583959,21439.071357607732,21141.72381974419
22399.668193287736,20005.2599755584,21845.71897323599,23371.344905807655,22382.647607477465,22118.616178692017,21862.767553716072,22076.931725905117,21459.4020119169,21164.284363667088
22423.695474580603,20030.66938914525,21870.988266314554,23394.449315173624,22405.882911577355,22139.758894112536,21882.651952820794,22097.56391762255,21479.50325132429,21186.603536035265
22447.469964398293,20055.838882389908,21895.99885820144,23417.296564788026,22428.86622531101,22160.66396222764,21902.30901757801,22117.961037702746,21499.377403698243,21208.683575176074
22470.993989790928,20080.77026627741,21920.753004903236,23439.889261532713,22451.59998529533,22181.33380779121,21921.741116428195,22138.125514048203,21519.026780804634,21230.526708540227
22494.26986524271,20105.465349550108,21945.252955198874,23462.229994267436,22474.08661177171,22201.77083760065,21940.950598171134,22158.05975577188,21538.453679201695,21252.135152702882
22517.29989487065,20129.92593815398,21969.500945797718,23484.32133350838,22496.328509283085,22221.977441141218,21959.939793851536,22177.76615411577,21557.66037668947,21273.511109391005
22540.086366732052,20154.15383606269,21993.49920402784,23506.165828972134,22518.328067210292,22241.95599081347,21978.711017551967,22197.2470843915,21576.64913491701,21294.656768735473
22562.631556593118,20178.15084072781,22017.249947677537,23527.766011700962,22540.087660648736,22261.70883985288,21997.26656428571,22216.504901304892,21595.422199513163,21315.574309143227
22584.937727187484,20201.918746275413,22040.7553835003,23549.12439503759,22561.609646990888,22281.238323791084,22015.608710327095,22235.541941713833,21613.9817995509,21336.265897427787
22607.007129508173,20225.45934281435,22064.017707597268,23570.243472045622,22582.89636817122,22300.54676128971,22033.73971379669,22254.36052429071,21632.330145866526,21356.733685070096
22628.841998410528,20248.7744175864,22087.039105438576,23591.12571594933,22603.950150973564,22319.63645177992,22051.66181604308,22272.96295098261,21650.46943267881,21376.97981127911
22650.444555704682,20271.865750260677,22109.821751181942,23611.773580777597,22624.773305883344,22338.509676663543,22069.377238135152,22291.351503168742,21668.401838373124,21397.00640282868
22671.81700985849,20294.735116200354,22132.36780752935,23632.18950305113,22645.36812633204,22357.168699595513,22086.888183245916,22309.528444374137,21686.129523525153,21416.8155742868
22692.961556387287,20317.384285664164,22154.679426151797,23652.375897532536,22665.736889684216,22375.615766396375,22104.19683643513,22327.496020038532,21703.654631162488,21436.409424571462
22713.88037471428,20339.81502518463,22176.758746888452,23672.335160088543,22685.881858383254,22393.853103819325,22121.30536512188,22345.25645791884,21720.979287316986,21455.790039764972
22734.575630600433,20362.029092889683,22198.607897374568,23692.069667219603,22705.8052766506,22411.882920597993,22138.21591703493,22362.811965815996,21738.105602466057,21474.95949294301
22755.04947626341,20384.028241705444,22220.22899383628,23711.581776737592,22725.509372601635,22429.707408259008,22154.930621859297,22380.16473343339,21755.035668140103,21493.91984448119
22775.304049889142,20405.81421850204,22241.62414047539,23730.8738258746,22744.99635818851,22447.328738909833,22171.4515915888,22397.316932687485,21771.77155911659,21512.67313888893
22795.34147375463,20427.38876563903,22262.795428637073,23749.94813272742,22764.268429123436,22464.749066693184,22187.780919705194,22414.27071700978,21788.315333110746,21531.221407395577
22815.163855968378,20448.753616374524,22283.74493775385,23768.8069962605,22783.32776340637,22481.970527926427,22203.92068078466,22431.028220522254,21804.669031766512,21549.56666778295
22834.77329097864,20469.910497970588,22304.474735031854,23787.452695469416,22802.176522549922,22498.995240759476,22219.8729312645,22447.59155912356,21820.834678069903,21567.71092475532
