  0.0,  0.0,  0.0,  0.0,  0.0,  0.0,  0.0,  0.0,  0.0
0.015140292049438937,0.014138055420354657,0.015055121574228437,0.014959941809732851,0.014520693738679057,0.014508097903807088,0.014371524045181102,0.014584864370770272,0.014151277557135217
0.031262604029438604,0.02919439690109158,0.03105104188902943,0.030877842072783965,0.02997459035988037,0.029957531665652178,0.029670924080264713,0.030116888579405945,0.029235302405369906
0.0480602924288795,0.0448785681494784,0.047686662759183325,0.047449298906718,0.046061611673381346,0.04604675668046918,0.04560565001288885,0.04629800866686047,0.044957352380985936
0.06540604790426076,0.061069675683386615,0.06484377416490063,0.06455347559674511,0.0626603363791515,0.06265284830195365,0.06205650699407131,0.06300453676519333,0.0611936245551736
0.08328277229314676,0.07775079307562913,0.08251468753746255,0.08218062812442617,0.07975755604899512,0.07976131282822722,0.07901011234417929,0.08021977688847134,0.07792520612032636
0.101741047908776,0.09496878400468792,0.1007584571275098,0.10038819178553485,0.09740561316742717,0.09742351418615691,0.09651769909630312,0.09799272438146098,0.09519764970529285
0.1208732406242754,0.11280994035810059,0.11967468585670946,0.1192744619473073,0.11569683083905709,0.11573111496522462,0.11467025069423528,0.11641301252875474,0.11309646922640867
0.14079797339461356,0.13138543270190892,0.13938811520266237,0.1389630811534552,0.13474842846316457,0.13480097155684775,0.1335837294144291,0.1355959475884393,0.13173250688476235
0.1616510490340686,0.15082283637326171,0.1600398130892347,0.1595941476356315,0.15469385723171802,0.1547664395906583,0.15339053004157308,0.15567379423228297,0.15123340870864216
0.18358037300256155,0.17126141155095972,0.18178238822096082,0.18131937023972075,0.17567805716507848,0.17577260164583958,0.17423476431945,0.1767909248439882,0.17173887304056296
0.20674335618013306,0.19284970372998417,0.20477766090000066,0.20429969531565076,0.19785510995520156,0.1979738957236959,0.1962699033908394,0.19910135827421124,0.19339823123408817
0.23130585425320194,0.2157445791562443,0.22919583201382007,0.2287044429833291,0.22138735575659754,0.22153321388420372,0.2196578722004829,0.2227677770034449,0.21636947153352679
0.2574420623149899,0.24011115204975897,0.2552155694148295,0.25471136847634146,0.24644540865372405,0.24662190573432574,0.24456904238486846,0.24796146364198948,0.24081916122285515
0.2853350083572182,0.26612327224923477,0.28302466212401833,0.2825072962817083,0.27320873009638913,0.2734203455241204,0.2711827876149492,0.27486281571940163,0.26692293496855457
0.31517742924237524,0.29396437293321676,0.3128210339413363,0.3122891166393663,0.30186655672503265,0.3021188586209,0.2996883991902707,0.30366223247320867,0.29486634864641476
0.3471728988802273,0.3238285584163912,0.34481399370307736,0.3442650202162271,0.33261906226111493,0.3329188864634184,0.3302862415778896,0.33456125014057275,0.3248459785595518
0.38153713435346626,0.3559218640720096,0.3792256545080247,0.37865590220874934,0.36567868674078985,0.36603432278101367,0.3631890803948853,0.3677738558919282,0.3570706981394256
0.4184994370978365,0.3904636494372006,0.41629248406500485,0.4156968973014188,0.4012715954061269,0.40169298306168477,0.39862354457710103,0.40352794038063833,0.39176309322146796
0.45830424848816137,0.4276881061740456,0.45626696971946923,0.4556390284954417,0.4396392504436143,0.44013819022776957,0.43683170528355725,0.4420668701775734,0.42916099768958527
0.5012128118751177,0.46784587422584495,0.4994193934218095,0.4987509646659125,0.4810400901979879,0.4816304710254131,0.47807276573715907,0.4836511733706725,0.4695191429647802
0.5475049412454922,0.5112057671268952,0.5460397196844559,0.5453208895734512,0.5257513181077168,0.5264493653433916,0.5226248639195454,0.5285603395419982,0.5131109225598953
0.5974809021202178,0.5580566122366295,0.5964396035451046,0.5956584890674399,0.5740708075231453,0.5748953546231023,0.5707869943389572,0.5770947399808408,0.5602302773793177
0.651463412592195,0.6087092142419349,0.6509545307662377,0.6500970684938359,0.626319133649824,0.6272919207795875,0.6228810593265727,0.629577677782649,0.6111937114281517
0.7097997783458269,0.6634984559886121,0.7099461021463165,0.7089958118448884,0.682841743578389,0.6839877466078539,0.6792540624090528,0.6863575809721622,0.6663424504805121
0.77286417223696,0.7227855458853092,0.7738044785943048,0.7727421991944469,0.7440112799678622,0.7453590736453263,0.7402804570096593,0.7478103504211498,0.7260447558201509
0.8410600734735797,0.7869604299841013,0.8429509999713978,0.841754595158019,0.8102300705123058,0.8118122296975655,0.8063646664547528,0.8143418797465765,0.790698409441202
0.9148228845164315,0.8564443823717501,0.9178410002442099,0.9164850302125707,0.8819328044563868,0.8837863475075906,0.8779437914418475,0.8863907620788561,0.8607333858523922
0.9946227383988157,0.9316927917704665,0.9989668328821485,0.9974221896738208,0.9595894092140578,0.9617562885851872,0.9554905252662533,0.9644312041618293,0.9366147307329833
1.0809675280182949,1.0131981659808662,1.086861151140316,1.085094666705353,1.0437081495042813,1.0462358139755519,1.039516291953437,1.0489761840017913,1.018845671538469
1.1740452236630383,1.101174089636388,1.1817518790651822,1.179740550729473,1.1345023958751272,1.1374418000495998,1.1302593416512607,1.1402641120936603,1.1076675170434576
1.2740575614468483,1.1958498857422508,1.2838844834264804,1.2816162553908255,1.2322013094998339,1.2356071237174955,1.2279758424398346,1.238551230906569,1.2033394162076392
1.3815914378474634,1.2978000920438637,1.3938809253893087,1.3913403315684643,1.3373969347158152,1.3413304783578701,1.3332653900338494,1.344438546875993,1.306452073090949
1.497274418681871,1.4076405687651006,1.512407621548843,1.5095756342458917,1.4507236565392794,1.4552536198709451,1.4467711415661806,1.458570710453279,1.4176395854252783
1.6217786767756865,1.5260324275017485,1.6401797469436856,1.6370335861108458,1.572862260052742,1.5780654906930236,1.5691839592998686,1.5816401503950404,1.5375835282390473
1.7558250727721592,1.6536861376121879,1.7779657205649784,1.7744786220796493,1.7045441642802548,1.7105065253685767,1.7012467475348756,1.71439140113093,1.6670172401045669
1.9001874519410267,1.7913658786623103,1.9265919297264276,1.9227328885815156,1.8465558980586314,1.8533732056700907,1.8437590475397525,1.857625692112646,1.8067303801622168
2.0556971835614175,1.9398941579478104,2.0869477830370493,2.0826812372829044,1.9997438708867714,2.007522919860965,1.99758194271619,2.012205835469187,1.9575737740125447
2.223248025745179,2.1001567674790906,2.259991058262127,2.2552765476805714,2.165019445379499,2.1738791315563146,2.163643286856648,2.1790614458998157,2.1204646275920953
2.403801290984191,2.2731080906038104,2.446753687364943,2.4415454555933516,2.3433643930219734,2.353436941565248,2.3429433241219018,2.3591945656368924,2.296392118100489
2.5983914007271416,2.4597767922925247,2.6483478985517,2.642594475001485,2.535836748828094,2.5472690619281986,2.536560729541671,2.5536856868895175,2.486423396620407
2.808131831861419,2.661271960381098,2.8659729052350524,2.85961658118082,2.7435770823531587,2.756532213733083,2.7456590924377355,2.763700231734301,2.6917100761047115
3.0342213658062684,2.8787895164502477,3.1009219640247427,3.093898220597504,2.967815272190559,2.982474043922872,2.97149391379742,2.990495449945688,2.9134950201188943
3.277951221322011,3.1136196334698947,3.354590044116801,3.3468269837927034,3.2098775716317838,3.2264403432606423,3.215419939668649,3.2354280128361195,3.153120189174067
3.540712061629683,3.3671539822816503,3.6284820722658244,3.6198997966472515,3.4711948112535644,3.48988341999317,3.4788995918460506,3.499962058277386,3.412034328751149
3.8240020467088662,3.640894081597222,3.924221793032084,3.9147315848697906,3.753310381953975,3.7743702679758444,3.7635113251922414,3.7856777797796997,3.691801834919141
4.129435277632248,3.9364600996928827,4.243561302331617,4.233064839223091,4.057889459713864,4.081591991240329,4.070959133319111,4.094280866553698,3.9941121036084604
4.458750914567464,4.255600337692137,4.5883913261394,4.5767797821795835,4.386728716320032,4.413373736396263,4.403082643412719,4.427612559394399,4.32078960707464
4.813822958319761,4.600201425662918,4.960752272578073,4.947905304786015,4.741766780263513,4.771685395179082,4.761867986549251,4.787660464993378,4.673804765615236
5.196670798360887,4.972299364031875,5.362846144366637,5.348630861753785,5.125095481002126,5.1586531036310035,5.149459433557982,5.176570344628818,5.055285694479387
5.609470459719971,5.374091360177597,5.797049361439823,5.781319110610834,5.53897210376344,5.576571796319779,5.568172200722566,5.596658621150696,5.467530831011747
6.0545669428967495,5.807948597970501,6.265926572996801,6.248519632208801,5.985832347983001,6.027918465320521,6.020505877024671,6.050425981480624,5.913022561184686
6.53448713282922,6.276429984607276,6.7722455422143275,6.752983681372694,6.468304445377582,6.515366622414785,6.509159137192671,6.5405720017098385,6.394441902847033
7.051954064141545,6.782296954967492,7.318993103255387,7.297680059734332,6.989224330988883,7.0418018389479125,7.03704552164175,7.070010893345206,6.9146843279470085
7.60990158496716,7.328529408126649,7.909392437392627,7.885812200380347,7.551651949895838,7.610338455882294,7.60731043100453,7.641888461101748,7.476876810632559
8.211491514838487,7.918342861335592,8.546921615056581,8.520836554338587,8.158888818200131,8.224337583609937,8.223349446246417,8.259600361169156,8.084396191250345
8.860130256267361,8.555206885292536,9.235333546681886,9.20648238026407,8.814496912665863,8.887426464775517,8.888827977475712,8.926811765804057,8.740888927753927
9.559487959571321,9.242865043840988,9.978677451665558,9.946773049525522,9.522319009943066,9.60351933641452,9.607702533929702,9.647478539302796,9.45029248954011
10.313518677212913,9.985356179527907,10.781321963688967,10.746048873811565,10.286500560959597,10.376839865467012,10.384243508958477,10.425869953492754,10.216858167246935
11.126482028675566,10.78703742939778,11.647979856905035,11.608991736094122,11.111513144799906,11.211945211259023,11.223059753535464,11.266593170863674,11.045175806265052
12.002966154040733,11.652608909698506,12.583734869217494,12.540651570212773,12.00217978702848,12.113751998329116,12.12912486333731,12.17461954512704,11.940200346731316
12.947913349124073,12.587140256377177,13.594070415149528,13.546474378813333,12.963702038250137,13.087564150048225,13.107805704516938,13.15531314112258,12.90728027748731
13.966646246599632,13.596099172160606,14.684900152882488,14.632333804909488,14.001689188372435,14.13910283258063,14.164892731211946,14.214460873248711,13.952188504907173
15.064896764169175,14.685381955182992,15.86260110534144,15.804562595797725,15.122189483776951,15.274538538551365,15.306632789307859,15.358305255625458,15.081155117034527
16.24883678151278,15.861346420951008,17.13404917477259,17.06998838898561,16.331723707900668,16.500525634629053,16.53976436181933,16.593579505768883,16.30090287624141
17.525111243603394,17.130847128840884,18.50665711714855,18.435971281716892,17.637321142660234,17.82423914624212,17.87155446161831,17.927545022322608,17.618685197292876
18.9008733981299,18.501273355284308,19.98841524679807,19.910444045583223,19.04655884637424,19.253415341081574,19.309841023181605,19.368031819673746,19.042327128818393
20.3838226523769,19.98058846938713,21.587935123923664,21.501955425400187,20.567601805301248,20.79639284150696,20.86307398682756,20.923481694884362,20.580267908439026
21.982244846562867,21.577375516610836,23.314496182824914,23.219716535446796,22.20924794946123,22.462158956805307,22.540362718993375,22.602994492546806,22.24161004876118
23.705055638632878,23.300881352730958,25.178095668110856,25.07364998406474,23.98097533690559,24.26039819734005,24.351525510154598,24.41637760749094,24.036167206484663
25.561846541987506,25.161067206187504,27.189501970004418,27.074442768444236,25.89299262383024,26.201544185701398,26.307142530219252,26.374199070634997,25.97451877570241
27.562934223793437,27.16866150921646,29.360311578771565,29.233602713940748,27.956293286902117,28.29683540868965,28.418612308389342,28.48784324168956,28.06806705294884
29.719412778330064,29.33521628298845,31.703009722029236,31.563518508914353,30.182713143759607,30.558374415802874,30.69821256914294,30.7695725799056,30.329098254582327
32.04320995856479,31.673167305697152,34.23103529916877,34.077523709759305,32.58499165689376,32.99919088050243,33.1591641220138,33.23259095259945,32.770847726147494
34.54714650430692,34.19589850871659,36.958848155557135,36.789964999813954,35.17683734082434,35.6333089084189,35.81569975462018,35.891112196659634,35.407569595396275
37.14761014113866,36.81804527847639,39.79166434229189,39.60726823985253,37.86932410434439,38.36968343898627,38.57546328461695,38.65276781606155,38.147644600831235
39.75538778289066,39.448228697785076,42.62827693843194,42.429487481112176,40.56733921510366,41.11085417383124,41.33958939347674,41.41864791545083,40.892782223806485
42.375398332108496,42.09138097980998,45.47409062807878,45.26197923714172,43.27588113570878,43.86181687421739,44.11314800113557,44.19376343763021,43.647865164204006
45.012319661929745,44.752222613171746,48.334235337838926,48.1098246876607,45.999716147208225,46.627340304512074,46.90097341109773,46.98290083154139,46.417575166983596
47.67061997239293,47.43529034548304,51.213600573399575,50.977864306703786,48.743407947253374,49.41199508012614,49.707693881720616,49.79065053782128,49.20641905113418
50.3545816801122,50.14495844995027,54.116861697278935,53.87072436829838,51.51134014120113,52.22017549354453,52.5377541226269,52.621428492815646,52.01874824711296
53.06832117476782,52.88545633607264,57.04850174315838,56.79283894357289,54.30773485967173,55.05611754168737,55.39543393113169,55.4794938758381,54.85877488023431
55.81580603071743,55.66088395123644,60.01283046991951,59.748469101810684,57.13666902443464,57.923914667635245,58.28486448320497,58.368964606686035,57.730585816752274
58.60087046095225,58.47522568239645,63.014001495776114,62.74172016184181,60.00208900668372,60.8275319530942,61.21004302028629,61.29383132416585,60.6381553564504
61.427229428315485,61.332363125854876,66.05602795433381,65.7765574394397,62.907824063740826,63.77081914123388,64.17484631647865,64.25797022061859,63.58535691940087
64.29849165029762,64.23608693024947,69.14279692410881,68.85682074681101,65.85759877012993,66.75752270042966,67.18304314227626,67.26515494078363,66.57597391795801
67.21817164860349,67.19010784278483,72.27808279371808,71.98623780811019,68.85504457975468,69.79129706073326,70.23830585978108,70.31906767295494,69.61370992851128
70.18970094941338,70.19806704030206,75.46555967492318,75.16843670701441,71.90371061377162,72.87571511311108,73.34422124307582,73.4233095204402,72.70219824139727
73.21643852057038,73.26354583201727,78.70881295264205,78.4069574558948,75.00707374188912,76.01427804097128,76.50430059379245,76.58141021961994,75.8450108450096
76.30168047155661,76.39007472870932,82.01135004599813,81.70526276760985,78.16854800244883,79.21042450977765,79.72198921564201,79.79683725941308,79.04566689480649
79.44866915970366,79.58114201217778,85.37661044454767,85.06674808303656,81.3914934461174,82.46753932292026,83.00067528796424,83.07300444617776,82.3076406992503
82.66060167833787,82.8402018396714,88.8079750661212,88.494750923829,84.6792244941447,85.78896158690559,86.3436981937266,86.4132799562372,85.6343692610908
85.9406378368047,86.17068176131814,92.30877500580885,91.99255961307199,88.0350176287399,89.17799228554837,89.75435633254578,89.82099391659595,89.02925940900394
89.2919075134556,89.57598990837559,95.88229973249051,95.56342142508322,91.46211873786027,92.63790148036978,93.23591447181674,93.2994455371676,92.49569454029364
92.71751770281729,93.05952178021752,99.53180467803874,99.21055018300824,94.96375005758782,96.17193510580466,96.79161061584291,96.85190984687034,96.03704100641939
96.22055902942412,96.62466656843043,103.26051833865868,102.93713343183957,98.54311648599074,99.7833212889266,100.42466260175044,100.48164398947827,99.65665416325585
99.8041117651991,100.27481313832101,107.07164908560367,106.74633893320372,102.20341173078691,103.47527629543629,104.13827405996976,104.19189333348919,103.35788411224084
103.47125174637357,104.01335586878594,110.9683913689805,110.64132097499512,105.94782410418524,107.2510103184482,107.93564019740322,107.98589696911934,107.14408117720384
107.2250557381735,107.84370001134145,114.95393165423835,114.62522624515009,109.7795419034058,111.11373277950477,111.81995331660433,111.86689306903244,111.01860095332128
111.06860652495854,111.76926681602457,119.03145385274794,118.7011992857729,113.70175848756837,115.06665736859206,115.7944079060073,115.83812403611356,114.98480931727313
115.00499771087402,115.79349840296256,123.20414477826134,122.87238751278794,117.71767711250737,119.1130069004124,119.86220541170007,119.90284126333859,119.04608712226887
119.03733825879286,119.91986242525454,127.47519816480413,127.14194611688748,121.83051545303354,123.25601771904115,124.02655886273244,124.06430959773516,123.20583461545027
123.16875663562756,124.15185610961373,131.84782011323392,131.51304252507478,126.04350965193261,127.49894373838828,128.2906971404352,128.3258117031193,127.46747567076937
127.4024049462743,128.49301126308825,136.32523314907385,135.98886068463992,130.3599194270203,131.84506144292135,132.65786914913937,132.69065208111033,131.83446187297028
131.74146321693846,132.94689756255576,140.91068013254147,140.57260515399915,134.7830305201495,136.2976726961233,137.1313477535012,137.16216105752392,136.31027640180773
136.18914198915402,137.5171263476238,145.60742819515727,145.2675037271294,139.3161591506937,140.86010874188537,141.71443257487581,141.7436984649576,140.89843693969752
140.74868640609319,142.2073544862566,150.41877204273817,150.07681291155197,143.9626554370778,145.53573375868996,146.41045418428638,146.43865645850306,145.6025010182519
145.42337936138125,147.0212877488113,155.34803749324348,155.00382076347285,148.72590621982232,150.32794810441234,151.2227790140097,151.2504632040095,150.42606785151392
150.2165443205186,151.96268405239002,160.39858422464903,160.0518482535544,153.60933907423777,155.24019141162168,156.1548092172565,156.18258791315034,155.3727816910473
155.13154865521454,157.03535666307945,165.57381093218206,165.2242538133856,158.61642434686692,160.2759455862627,161.20998758515023,161.2385408069874,160.44633521013952
160.17180584428527,162.24317709725835,170.87715490564696,170.52443573089366,163.75067851380388,165.43873759405705,166.39179982671237,166.42187747661325,165.65047241770736
165.3407788454033,167.59007834680864,176.31209637873823,175.9558346377616,169.0156667407133,170.73214246788532,171.70377748358968,171.73620135989242,170.98899144970642
170.64198162480483,173.0800568352674,181.88216079286894,181.5219361074201,174.41500500422308,176.159785003523,177.14950040044994,177.18516655900797,176.46574711327222
176.07898184047193,178.7171753686028,187.59092131446508,187.22627272320557,179.95236296695273,181.72534291332641,182.73259849112117,182.77248027067205,182.0846536397649
181.65540323711642,184.50556529276398,193.44200096047274,193.07242641241945,185.63146524562495,187.4325482827146,188.4567552218041,188.50190415986205,187.84968694381115
187.37492695558294,190.4494295453132,199.4390740818217,199.06403029770786,191.45609673442746,193.28519147341822,194.32570845328559,194.37725863019716,193.76488760502133
193.24129676817196,196.55304653436195,205.58586956115275,205.20476980482715,197.43010054231664,199.28712245346682,200.34325312219445,200.40242283270462,199.83436150061473
199.25831609737446,202.8207675191449,211.8861713253399,211.4983888306665,203.55738193278097,205.44225101382057,206.51324306417192,206.58133764680233,206.0622830220069
205.42985269660977,209.25702238713507,218.34382066052152,217.9486827389789,209.84190999478898,211.75455052745076,212.83959308188423,212.91800663150946,212.45289698203766
211.75983977617202,215.8663204742715,224.96271768499759,224.5595080429167,216.2877192216045,218.22805917734738,219.32627931791558,219.41650178741668,219.01052156943172
218.2522774637256,222.6532522306867,231.74682277349459,231.33478077655457,222.8989111685589,224.86688149175706,225.97734257105856,226.08095743110854,225.73954890992178
224.91123443610718,229.6224912419003,238.70015817748077,238.2784762625212,229.67965589483362,231.67518991327807,232.79688801297758,232.91557896725007,232.64444603293697
231.74084913208344,236.77879533873062,245.82680877330893,245.39463213520213,236.63419330844187,238.65722614015286,239.78908824621286,239.92464074437797,239.72975780977694
238.74533103473448,244.127007428565,253.13092286844005,252.68734787906664,243.76683441092368,245.81730252430208,246.95818183232998,247.1124885968435,247.0001079654185
245.92896183313496,251.6720608462842,260.61671376029744,260.16078959432184,251.08196257990346,253.15980324483112,254.3084781555408,254.4835421482655,254.46020056169408
253.29609647047496,259.4189726299176,268.2884606063832,267.81918770619654,258.5840345516543,260.6891853803046,261.8443571443369,262.0422929422247,262.1148211223671
260.8511641228865,267.37285172732925,276.1505110061769,275.6668369267175,266.27758131144157,268.40997986749335,269.57026904395866,269.7933077503588,269.96883785326986
268.5986691025919,275.5388969753717,284.20727733520755,283.7080982499877,274.1672091212512,276.3267925401903,277.49073482681365,277.74122892311414,278.0272026674904
276.5431915043419,283.92239627351097,292.4632405699848,291.9473994493916,282.2576000196424,284.4443047020156,285.61034833746675,285.8907752225597,286.2949521070849
284.6893873566282,292.5287322615669,300.9229498571704,300.389235283119,290.5535125452948,292.76727389423,293.93377633233916,294.2467424907712,294.77720814332247
293.04199183808254,301.36338054874807,309.5910228115614,309.03816775742433,299.0597823532085,301.3005345955751,302.4657589320698,302.81400424962425,303.4791788542827
301.60581440653704,310.4319058807093,318.4721456943043,317.8988262627277,307.78132219444143,310.04899812425555,311.211109775772,311.59751216182264,312.4061589813794
310.38574420792213,319.73996126120454,327.57107346822056,326.9759081051774,316.72312215011874,319.01765305434594,320.1747174085905,320.602296368755,321.5635302859077
319.38674693377243,329.29331632236205,336.8926297259172,336.2741774394069,325.8902505530173,328.2115651184549,329.3615430959727,329.8334657193719,330.9567619063633
328.61386748063495,339.09779836765705,346.4417064754098,345.79846504479053,335.2878534185989,337.63588038220286,338.7766224295204,339.29620782936604,340.5914104554448
338.07222874718235,349.1593500697372,356.2232637963134,355.55366811654216,344.92115385892686,347.29581970738695,348.42506391806523,348.9957890426204,350.47311999725684
347.7670301078832,359.48399908664805,366.24232935960094,365.5447504825685,354.7954522838877,357.19668216332434,358.3120498257762,358.93755419997206,360.60762187397705
357.7035486851696,370.0778652936389,376.503997823596,375.77674154561254,364.91612597078796,367.3438437606211,368.44283531430403,369.1269263857912,371.00073429531426
367.88713838388554,380.94715909287737,387.0134300043808,386.2547388703687,375.28862818687264,377.74275692850665,378.82275162009205,379.5694063503581,381.65836210777843
378.32322918582815,392.0981791886385,397.77585199930417,396.98389895545233,385.9184878060845,388.3989497553605,389.4571963057863,390.2705718976199,392.5864957037827
389.01732639099555,403.5373119519247,408.7965540833112,407.96944274828763,396.81130790638895,399.3180251999014,400.35162730200983,401.2360771407361,403.7912106389965
399.9750096360958,415.2710312986503,420.08088945057875,419.2166527193833,407.9727649362355,410.50566003539444,411.5116199370252,412.4716513982384,415.2786661821585
411.2019317587974,427.30589735247656,431.6342730717203,430.73087220435247,419.4086076283577,421.9676039491079,422.9427465556688,423.98309805148745,427.0551041076675
422.7038174874468,439.6485514894333,443.46217948148194,442.51750188468804,431.12465481475215,433.70967742281874,434.6506932017042,435.7762932874411,439.12684778553114
434.4864619498118,452.3057144226589,455.5701411351395,454.58199936283347,443.12679488069836,445.7377707163782,446.64119888828543,447.8571846772327,451.5002995069181
446.55572899400124,465.2841854085134,467.963746618391,466.9298778718379,455.4209827151882,458.05784119472065,458.9200654517417,460.231789493745,464.18193974840807
458.9175493001869,478.59084049956505,480.648639503828,479.56670175947625,468.0132386296753,470.6759120577541,471.4931574171185,472.9061921017111,477.1783242029653
471.577918305734,492.2326256605895,493.63051484686815,492.4980863360824,480.9096450660333,483.5980743949661,484.3663978255423,485.8865425790558,490.4960814782843
484.5428939900772,506.2165564446012,506.9151161565217,505.7296935105987,494.1163448534762,496.83047590244877,497.54576552309925,499.1790539548109,504.141911222373
497.818594290563,520.5497128190849,520.5082336928742,519.2672324831424,507.6395384476541,510.37932434050083,511.03729346706143,512.7899998482327,518.1225805584204
511.41119444567033,535.2392370716938,534.4157011376632,533.1164537061204,521.4854807081315,524.2508836667804,524.8470655116255,526.7257118870493,532.4449208348005
525.3269239634174,550.2923290765773,548.643392409583,547.2831476441492,535.6604777748796,538.4514713253221,538.9812132782364,540.9925761967105,547.1158249882752
539.5720634068126,565.7162393657376,563.1972182154002,561.773138273669,550.1708836401805,552.9874531839663,553.4459127775993,555.5970305003914,562.1422444301406
554.1529409102486,581.5182664233753,578.0831224645543,576.5922811692086,565.0230963952466,567.865240808244,568.2473807966153,570.5455605264949,577.5311827156636
569.0759290210972,597.7057508259098,593.307078254924,591.7464642362694,580.2235541484301,583.091288578842,583.3918706342478,585.8446954216539,593.2896922805476
584.3474402570395,614.2860693878864,608.8750838270691,607.2415938987326,595.7787303591601,598.6720882129736,598.8856690224143,601.501005363186,609.424870121744
599.9739225849693,631.266629345408,624.7931581955083,623.0835992150933,611.6951309700381,614.614165010312,614.7350905954971,617.521094847779,625.9438537768345
615.9618555119397,648.654861854991,641.0673364772468,639.278424051646,627.9792882130436,630.9240734136921,630.9464746146173,633.911600751527,642.8538161015574
632.3177455721673,666.4582152158403,657.703665111545,655.8320222158678,644.6377552874342,647.6083906528945,647.5261778988182,650.679184705476,660.1619583789354
649.0481201658255,684.6841477115782,674.7081963525496,672.7503530409484,661.6771016391557,664.673715291526,664.4805713284472,667.8305304486731,677.8755038272311
666.1595222672496,703.3401199417059,692.0869830790612,690.0393757045019,679.1039068563572,682.1266575220307,681.8160345793003,685.3723360631778,696.0016948263045
683.658508205111,722.4335869255256,709.8460732278261,707.7050439501039,696.9247554425035,699.9738352319127,699.5389481105888,703.3113099198813,714.547781326294
701.5516357500744,741.9719896618587,727.9915038832152,725.7533001127721,715.1462288683065,718.2218669205674,717.6556906148415,721.6541634599304,733.5210178963689
719.8454631653378,761.9627463067256,746.5292949086158,744.1900690584155,733.7749006079599,736.877366137146,736.1726286940159,740.4076049003851,752.9286546341742
738.5465399996918,782.4132429676781,765.4654423691804,763.0212509155269,752.817328403702,755.946933242316,755.0961131144157,759.5783334102842,772.7779304759927
757.661399613641,803.3308240650352,784.8059115051393,782.2527203136065,772.2800471758138,775.4371519394886,774.4324701630675,779.1730299488133,793.0760641944638
777.1965559753038,824.7227822132787,804.556633311969,801.8902944024369,792.169561198648,795.3545767227797,794.1879943928873,799.1983528569499,813.830246136872
797.1584899740835,846.5963477565524,824.7234800426253,821.9397762116957,812.4923363066362,815.7057286546453,814.3689419932564,819.6609266497576,835.047629606121
817.5536492820828,868.9586774030164,845.31229294989,842.4068951818895,833.2547922155034,836.4970865941048,834.9815219852309,840.5673372021846,856.7353216912443
838.3884313318653,891.8168433953059,866.3288373314217,863.2973254757169,854.4632924874237,857.7350782643598,856.0318895636199,861.9241203105889,878.9003741223785
859.6691819286151,915.1778252563238,887.778812822826,884.6166742159536,876.1241372236232,879.4260729586233,877.5261357682299,883.7377565126054,901.5497713810247
881.4021836803416,939.0484891906186,909.6678436778147,906.3704719955884,898.2435529771044,901.5763709497436,899.4702803901157,906.0146577598541,924.6904225179377
903.5936504476974,963.4355807534369,932.0014673725195,928.5641661965178,920.8276836103504,924.1921929886481,921.8702606446678,928.7611629408125,948.3291494782045
926.2497021790439,988.345714229087,954.7851288330361,951.2031082550048,943.8825797360098,947.279674048049,944.7319232057107,951.9835227106846,972.4726758582708
949.3763870297912,1013.7853555564777,978.0241665180308,974.2925464402288,967.4141893710644,970.8448506098125,968.0610141083195,975.6878951685574,997.127615712891
972.9796390612158,1039.760810258725,1001.7238038962187,997.8376177955777,991.428347121693,994.8936533086636,991.8631686876213,999.880329767444,1022.3004613847046
997.0652847297368,1066.2782086604946,1025.8891416975314,1021.8433387347543,1015.9307635227922,1019.4318914454363,1016.1439017268691,1024.5667623540803,1047.9975761035207
1021.6390284438063,1093.343492022947,1050.525149027891,1046.3145940556533,1040.92701397875,1044.4652478290982,1040.9085968188,1049.752998768477,1074.2251703083355
1046.7064411600988,1120.9623984704251,1075.6366507707191,1071.2561275597873,1066.422527454421,1069.9992633202303,1066.1624951891022,1075.4447090000863,1100.9892979948665
1072.2729535872008,1149.1404464033412,1101.2283179442466,1096.6725317518567,1092.4225749967577,1096.0393282454709,1091.910685078182,1101.6474104915121,1128.2958432429286
1098.343837853483,1177.8829209209819,1127.304657089481,1122.5682385281646,1118.9322578078445,1122.590667999979,1118.158090422701,1128.36646158782,1156.1505040756
1124.924197369538,1207.1948579248794,1153.8700006080146,1148.9475037059187,1145.9564948257685,1149.6583330551643,1144.9094599539544,1155.6070444521579,1184.5587779835257
1152.0189622229268,1237.08102687652,1180.928490561247,1175.814405818292,1173.5000125191211,1177.2471877202172,1172.1693541564696,1183.3741579110401,1213.5259529822563
1179.6328693797627,1267.5459179819563,1208.4840777985235,1203.1728277281757,1201.567330421155,1205.361896287285,1199.9421359697144,1211.6726001579336,1243.057085305409
1207.770453180076,1298.5937275709002,1236.540501704265,1231.026450396753,1230.1627488669503,1234.0069110915776,1228.2319552637537,1240.5069608688425,1273.1569929288303
1236.436034814751,1330.228338733313,1265.1012849181147,1259.3787389884383,1259.2903367436215,1263.18645993822,1257.0427409583676,1269.8816040758925,1303.8302348256764
1265.6337048066202,1362.4533058980226,1294.1697191994172,1288.232930455843,1288.953918707178,1292.9045335359817,1286.3781844523564,1299.8006593304206,1335.0811023963474
1295.3673155427184,1395.2718300794581,1323.7488501806597,1317.5920211136845,1319.1570603635107,1323.1648722551752,1316.2417314990003,1330.2680049889298,1366.9136018605932
1325.6404663310552,1428.6867633896402,1353.8414695089634,1347.4587664894466,1349.9030603844624,1353.970953648197,1346.6365663913025,1361.2872584893707,1399.331438784525
1356.4564897604648,1462.7005774622041,1384.4501092803698,1377.8356596579192,1381.1949338369245,1385.3259794280757,1377.5656024636558,1392.8617603769083,1432.3380074742813
1387.8184408884297,1497.315351347474,1415.5770231948115,1408.724923103991,1413.0354000464315,1417.2328625244913,1409.0314677393487,1424.9945634874875,1465.9363596818287
1419.7290866320602,1532.5327525141108,1447.2241763817576,1440.1284970055888,1445.4268656150073,1449.6942141511247,1441.0364939970193,1457.6884180044415,1500.129213821756
1452.1908886324527,1568.354039154195,1479.3932322247306,1472.04803292383,1478.3714221881953,1482.7123307696963,1473.582703958708,1490.9457596176105,1534.9189259519048
1485.2059955582806,1604.7800180592596,1512.085555789243,1504.4848758446094,1511.8708181310378,1516.2891801562887,1506.6717990859197,1524.7686958222225,1570.3074776491012
1518.7762143124244,1641.811045548185,1545.3021778818136,1537.4400578625439,1545.9264648107132,1550.426393853073,1540.305148190713,1559.158993061707,1606.2964623640632
1552.9030221021371,1679.447010729882,1579.0438114264734,1570.9142888751358,1580.5394039842085,1585.1252479186478,1574.4837749550425,1594.1180646196194,1642.887069898462
1587.5875407701635,1717.6873252893872,1613.3108156117942,1604.90797990621,1615.710316760865,1620.386653947036,1609.2083471516662,1629.646956679827,1680.0800733459732
1622.830526267495,1756.530907133365,1648.1032010329598,1639.4210472309767,1651.4394913452884,1656.211148421879,1644.4791642735222,1665.7463382014782,1717.8758153080785
1658.6323575722945,1795.9761625130805,1683.4206143910556,1674.4532820699428,1687.7268237994303,1692.5988776551685,1680.2961481404468,1702.4164858607198,1756.2742258304847
1694.9930243095735,1836.0209789480032,1719.26233523055,1710.0039570372535,1724.5718071088695,1729.5495880132637,1716.6588306515127,1739.6572762467179,1795.2746535482488
1731.912116850012,1876.6627176810885,1755.6272571430948,1746.0720093440902,1761.9735145207899,1767.0626169532852,1753.5663447075074,1777.4681697224619,1834.8761639719296
1769.3888154618717,1917.8981971247536,1792.5138897638103,1782.6560031299402,1799.9305926009424,1805.1368783137584,1791.0174139927844,1815.8482052311235,1875.077218511159
1807.4218800961926,1959.7236854170508,1829.9203413757423,1819.7541157619264,1838.4412567022216,1843.7708549215915,1829.0103427025779,1854.7959831552976,1915.8758121930305
1846.009640474711,2002.1348926807302,1867.8443215691345,1857.3641199391488,1877.5032578703617,1882.9625885999692,1867.5430089051765,1894.3096630135974,1957.2694476760107
1885.1499869260165,2045.126961470112,1906.283121391507,1895.483392684461,1917.1139154340703,1922.7096712899345,1906.6128528525576,1934.3869454080073,1999.2551077516457
1924.8403616108008,2088.694459518221,1945.2336129746855,1934.108886095373,1957.2700728247564,1963.0092359155196,1946.2168732436012,1975.025072885798,2041.8292644981198
1965.0777505677568,2132.8313760363135,1984.6922210832095,1973.23713958407,1997.9681134082266,2003.8579487702805,1986.3516164271741,2016.2208110820218,2084.987851916923
2005.8586766842773,2177.5311160479914,2024.6549656643274,2012.8642838645012,2039.2039331707247,2045.2520030678438,2027.0131728601395,2057.97045298779,2128.7262647283796
2047.1791927513077,2222.786496334384,2065.117423394163,2052.9860542575193,2080.9729436597245,2087.187111353036,2068.197170159635,2100.269799434544,2173.0393332353206
2089.0348756044796,2268.5897445378428,2106.074734173439,2093.5976021557426,2123.2700772579306,2129.6585012401574,2109.898767260896,2143.1141669507374,2217.921369567694
2131.4208209938142,2314.9324973181874,2147.5215720247597,2134.693873434146,2166.089771461053,2172.6609099218854,2152.112653590784,2186.4983677814466,2263.3661791520753
2174.3316392816987,2361.8058008566773,2189.452191294118,2176.269226174674,2209.425968262155,2216.1885804158796,2194.833040370472,2230.4167214517056,2309.3667715500674
2217.761451988262,2409.2001129374125,2231.8603874138344,2218.3176219631323,2253.2721131231183,2260.235258532547,2238.053664532356,2274.863034553824,2355.915947714609
2261.703889232625,2457.1053050496157,2274.7395065182322,2260.832588934672,2297.621151875667,2304.7941908015323,2281.7677811860854,2319.830616074108,2403.005712862373
2306.1520881095635,2505.5106680549925,2318.082445169501,2303.8071974449763,2342.4655311878983,2349.858123345824,2325.968167683192,2365.3122572109964,2450.6275722115092
2351.0986920133228,2554.4049175234377,2361.8816474785212,2347.234088932493,2387.7971985993076,2395.4193017500647,2370.6471214346316,2411.3002504562583,2498.7724702406945
2396.535851087251,2603.7762000036723,2406.129116394753,2391.105472107475,2433.6076049412286,2441.4694719523127,2415.7964607787244,2457.7863697363764,2547.430784876702
2442.4552233442528,2653.612103429096,2450.8163993094713,2435.4131247457058,2479.8877057837403,2487.9998821367067,2461.4075310292023,2504.7618931647803,2596.5923463036825
2488.847977282835,2703.899666730571,2495.9346114828622,2480.1483874532605,2526.6279670359827,2535.0012856976314,2507.471201004817,2552.2175838279218,2646.2464381254076
2535.704794296535,2754.6253898505074,2541.474428827181,2525.3021709735144,2573.818367528716,2582.4639452545503,2553.9778756570427,2600.1437160450887,2696.381787071036
2583.01587475676,2805.7752478566126,2587.4260954813094,2570.86495258946,2621.4484065643896,2630.3776378954867,2600.917493515595,2648.5300571517682,2746.9865773728784
2630.770942497067,2857.334706379228,2633.7794299632073,2616.8268128717705,2669.5071114345956,2678.7316612880763,2648.2795393400675,2697.365896988803,2798.048473311267
2678.959250654467,2909.288736645399,2680.523832685192,2663.1774627063305,2717.983042115102,2727.5148411368605,2696.0530478049845,2746.640031228431,2849.554675838598
2727.5695920044855,2961.6218314662174,2727.64829409056,2709.9060348751004,2766.8643058333996,2776.7155397263823,2744.2266123972977,2796.3407931346437,2901.491667638619
2776.5903062810658,3014.3180259926467,2775.1414034636487,2757.001530836393,2816.1385606918893,2826.321665164911,2792.78839841469,2846.456039968785,2953.8457431964107
2826.0092883271977,3067.360909424716,2822.991359492076,2804.4523970988885,2865.7930358498843,2876.3206825246334,2841.7261466613363,2896.9731854916304,3006.602511479733
2875.8139947327613,3120.7336607841653,2871.1859812863995,2852.2467477392447,2915.814536341466,2926.6996221919944,2891.027194153585,2947.879190351671,3059.7471743337346
2925.9914699717933,3174.4190592651616,2919.7127209901682,2900.372342900509,2966.18945986606,2977.4450984561536,2940.6784754085575,2999.1605948539514,3113.2644749616215
2976.528350039484,3228.399509647447,2968.5586719042412,2948.81659053029,3016.9038107677734,3028.5433230866856,2990.666548403578,3050.8035135431883,3167.1387210340886
3027.410875088055,3282.657064939122,3017.7105886869813,2997.5665707004014,3067.9432144323564,3079.9801167098703,3040.9775959581584,3102.793667897496,3221.353808218315
3078.624906432569,3337.1734569689493,3067.1548989944463,3046.609033022175,3119.2929367911875,3131.7409260529025,3091.597454437329,3155.116385235715,3275.8932408361898
3130.1559425531736,3391.9301212535765,3116.8777154618874,3095.9304203857823,3170.937899471741,3183.8108246405013,3142.511617280536,3207.756630998635,3330.740147216024
3181.9891357601705,3446.908216204304,3166.8648575437596,3145.516876226755,3222.8626983574404,3236.174562968902,3193.705263700818,3260.6990120066584,3385.8773033693187
3234.109309754699,3502.0886592280704,3217.101865291678,3195.354284816973,3275.051624412464,3288.816579042892,3245.1632663498317,3313.927808062271,3441.287155550904
3286.5009780045316,3557.452145260719,3267.5740119938487,3245.4282731872486,3327.4886854977667,3341.720952711199,3296.870218620525,3367.4269794326615,3496.9518437135966
3339.1483611254585,3612.9791933145934,3318.266333087595,3295.7241976602163,3380.1576052669843,3394.8715604357267,3348.8104465450597,3421.1801976027864,3552.853225767431
3392.035413059726,3668.6501511220954,3369.1636358393566,3346.2272323549046,3433.041879348115,3448.2519660980906,3400.968034575797,3475.1708567204914,3608.9729025598426
3445.1458360192664,3724.445247277591,3420.2505209181045,3396.922321914316,3486.1247774500857,3501.8455030712526,3453.326841614276,3529.3821033776744,3665.2922435052583
3498.463104305507,3780.344608844405,3471.5114135424965,3447.7942300107175,3539.3893657941667,3555.6352926926634,3505.870525431166,3583.7968516650176,3721.7924127851547
3551.970485688555,3836.3282852023094,3522.930526476885,3498.8275540058153,3592.8185318212245,3609.6042562517346,3558.582561921826,3638.397811879745,3778.454396037371
3605.6510447986384,3892.376296858495,3574.491992323694,3550.0067457916057,3646.3950113152955,3663.7351460064892,3611.4462683665815,3693.1675087558106,3835.2590272454936
3659.4877055998422,3948.468653223639,3626.1797756228357,3601.3161315913703,3700.1014084130397,3718.010552864254,3664.444825328477,3748.088309043397,3892.1870165852283
3713.463246382029,4004.5853785281815,3677.977744871406,3652.7399174314687,3753.920219296206,3772.4129458211946,3717.5612987957647,3803.1424423864905,3949.2189779736814
3767.5603255445767,4060.7065492285874,3729.869686754256,3704.2622372588185,3807.8338575116877,3826.9246957372698,3770.7786640057893,3858.312027785594,4006.335456799882
3821.7615092017013,4116.812315003526,3781.839323857716,3755.8671538606386,3861.824678023725,3881.5280934918746,3824.0798268250364,3913.5790965142296,4063.5169570734397
3876.049295920952,4172.882953938213,3833.870338471797,3807.538686705874,3915.8749988349223,3936.2053734238334,3877.4476484940824,3968.9256175228757,4120.7439710221215
3930.406139657881,4228.898844273939,3885.9463900221426,3859.2608263244424,3969.967121702953,3990.9387418767324,3930.864966873977,4024.333521742995,4177.997005418636
3984.8144709751496,4284.840553646366,3938.0511394912996,3911.017561348591,4024.083370423031,4045.710399208567,3984.3146208303633,4079.7847265075343,4235.256608953386
4039.2567221500585,4340.68883311858,3990.1682708995995,3962.7929002159026,4078.206100098628,4100.502563675741,4037.779472207477,4135.2611605776265,4292.503398970567
4093.715349799012,4396.424646490052,4042.281512294968,4014.5708846531834,4132.317723287397,4155.297493036987,4091.2424284497856,4190.744787663345,4349.718089737059
4148.1728588880205,4452.0292015999075,4094.3746544644127,4066.3356133169555,4186.400761756133,4210.077511669644,4144.6864660025085,4246.217631508922,4406.881519808449
4202.6118245413745,4507.483966118322,4146.431572374264,4118.071262064742,4240.437799451642,4264.82503313773,4198.094650275772,4301.661798607725,4463.974675091211
4257.014917850804,4562.770701127449,4198.4362468096915,4169.76210491978,4294.4115845710685,4319.5225814593,4251.45016043644,4357.059502697578,4520.978715745172
4311.364925978161,4617.871483685764,4250.37278202434,4221.392523893434,4348.305005815704,4374.152814924602,4304.73630656616,4412.393086767344,4577.875000760588
4365.644773613709,4672.768721808412,4302.225425647866,4272.9470422004015,4402.101124689014,4428.698547873652,4357.936555367372,4467.645046353022,4634.645111977403
4419.837544585289,4727.445173557028,4353.978587669239,4324.410335297195,4455.783195957687,4483.142770959563,4411.0345445750745,4522.798050921663,4691.270877318196
4473.926501916211,4781.883971471221,4405.616858473977,4375.767244212149,4509.334690626794,4537.468673996973,4464.014109071676,4577.834965420519,4747.73439223813
4527.895110691055,4836.068639268952,4457.125026127956,4427.00280159854,4562.739302392899,4591.659663659602,4516.859292975439,4632.738871101404,4804.018038943542
4581.727054367721,4889.983105183152,4508.488093150411,4478.102242658459,4615.98099028286,4645.699384091896,4569.55437517492,4687.493084850754,4860.10452088543
4635.406254846523,4943.6117189142915,4559.691296833733,4529.051021156283,4669.043982023167,4699.571735122772,4622.083879190208,4742.081179491911,4915.976853876582
4688.916889983357,4996.93927742896,4610.720118647393,4579.834829318438,4721.912783461796,4753.260891495503,4674.4325979303185,4796.48700050737,4971.618416773861
4742.243412134098,5049.951020336658,4661.56030346135,4630.439607646507,4774.572209744745,4806.751316886452,4726.585601698797,4850.694685830222,5027.012943782558
4795.370562144544,5102.632649569152,4712.197874105199,4680.851559723627,4827.0073945341455,4860.027784696637,4778.528261202618,4904.688679659853,5082.144553456407
4848.283386038924,5154.970339265238,4762.6191389108635,4731.057169859535,4879.203799223924,4913.075385969969,4830.246254462554,4958.45375172553,5136.9977509890505
4900.967248530172,5206.950747297836,4812.810708713564,4781.043209384761,4931.147237524147,4965.879551105355,4881.72558719258,5011.9750079919195,5191.557466387766
4953.4078531503355,5258.561019808974,4862.759517438206,4830.796737948487,4982.823879340085,5018.42605423228,4932.952599181944,5065.237909353952,5245.809053562147
5005.59124471126,5309.788800072888,4912.452819893604,4880.305184738432,5034.220267330276,5070.701035192216,4983.913981356402,5118.228279127387,5299.738295620452
5057.503828006111,5360.622233625476,4961.878204781854,4929.556217807812,5085.323326481964,5122.691019427647,5034.596782161284,5170.932321079028,5353.3314206315745
5109.132377513839,5411.049972246685,5011.023607490296,4978.537892888309,5136.120368364129,5174.38289918135,5084.988420665359,5223.336623683681,5406.575113232175
5160.464044841339,5461.061180654446,5059.8773168000125,5027.2385899299725,5186.599105798834,5225.763966749134,5135.076693544387,5275.428177412628,5459.456522137691
5211.486370399954,5510.645532953897,5108.42798344436,5075.647038580245,5236.747658802077,5276.821916488736,5184.84978360048,5327.1943758071075,5511.96326386916
5262.187295743905,5559.793212219676,5156.66462662529,5123.752325687836,5286.554561405979,5327.544850905685,5234.296267958505,5378.623031926916,5564.08343124816
5312.555160680517,5608.494916022712,5204.576640005529,5171.5438962830995,5336.008767377252,5377.921290490491,5283.405121450546,5429.702376395502,5615.805605320906
5362.578716628241,5656.741851310923,5252.153797494709,5219.011560016172,5385.099655014738,5427.940175005937,5332.165726566997,5480.421072859853,5667.118848627206
5412.24712959361,5704.5257543741645,5299.38625737804,5266.145506910929,5433.817033290743,5477.590872184874,5380.567871285755,5530.76821323696,5718.012709511776
5461.5499854412565,5751.838847325949,5346.264564219929,5312.9363006207295,5482.1511386457205,5526.863187210494,5428.601761221994,5580.733332034294,5768.477227716655
5510.477293351927,5798.673860498236,5392.779646910007,5359.37487556289,5530.092642595362,5575.747347899436,5476.258011632131,5630.306399046544,5818.502933312668
5559.01948734042,5845.0240232250235,5438.9228447818305,5405.452550107697,5577.632646176829,5624.234021695845,5523.527661854448,5679.477832425542,5868.080847986486
5607.167430142272,5890.8830572965835,5484.6858766103305,5451.161024649214,5624.762693835649,5672.314312196178,5570.402162588104,5728.2384890957965,5917.202481059039
5654.912411795432,5936.245171805735,5530.060859045953,5496.492382281549,5671.474770820359,5719.979759960683,5616.873390331513,5776.579676475945,5965.859829871133
5702.246152298767,5981.1050543260335,5575.040303543198,5541.439089082171,5717.761282212906,5767.222344378731,5662.9336328459185,5824.493140932848,6014.04537611238
5749.160799571043,6025.457864930696,5619.617115135864,5585.993993483152,5763.61507043798,5814.034475325832,5708.575601579674,5871.971078038792,6061.752082137256
5795.6489258798965,6069.299227728565,5663.78459102254,5630.150325267176,5809.029407038673,5860.408997373599,5753.792416660613,5919.00611942521,6108.9733870397795
5841.703534151265,6112.625220586203,5707.536418436652,5673.90169374413,5853.997989421125,5906.339181185402,5798.577616797073,5965.591341461944,6155.703202001215
5887.31803859168,6155.432367536596,5750.866672592532,5717.242085423641,5898.514937412586,5951.818730416304,5842.9251442236055,6011.720250866604,6201.935899771933
5932.486276261569,6197.717630288028,5793.76981168814,5760.1658611310895,5942.574787847875,5996.841781229028,5886.829351999652,6057.386791730887,6247.666311212704
5977.202493885368,6239.478393106089,5836.24067584856,5802.66772993517,5986.172489785717,6041.4028716351095,5930.284989213532,6102.585330211422,6292.889716981877
6021.46135724982,6280.712457040365,5878.274479636273,5844.742858499432,6029.303399221104,6085.4969589939765,5973.287205658334,6147.31065987034,6337.601856545301
6065.257940122026,6321.418020091527,5919.866809598734,5886.386642052242,6071.9632726855525,6129.119408171725,6015.8315375508755,6191.557985754399,6381.798891145003
6108.587712336896,6361.593702787089,5961.013618981962,5927.59492081497,6114.148260001112,6172.265985778281,6057.9139096237495,6235.322928037968,6425.477410748979
6151.446528152719,6401.23846734147,6001.711220289182,5968.363868202939,6155.854897853457,6214.932852610556,6099.530621556323,6278.601505790174,6468.6344245512355
6193.830627946851,6440.351667345289,6041.956279917551,6008.690000638736,6197.0801027858815,6257.1165571313595,6140.678347587533,6321.390138920118,6511.267349516593
6235.736652601007,6478.933011503184,6081.745813071592,6048.570176767517,6237.8211541063865,6298.81402771605,6181.3541237859745,6363.685631914249,6553.374002996791
6277.161589018072,6516.982555931123,6121.077175345721,6088.001584754151,6278.075726564179,6340.022551226944,6221.555345355843,6405.485174105811,6594.952588885427
6318.102798012229,6554.500692712451,6159.948056365464,6126.9817461554685,6317.841804325204,6380.739833062712,6261.279754801211,6446.786323628841,6636.00169066122
6358.557993541405,6591.488132088109,6198.3564733297,6165.508501482555,6357.117744597965,6420.963856828177,6300.525437160239,6487.5870060653615,6676.520259011854
6398.52523418493,6627.9458951322395,6236.300761292751,6203.58002141442,6395.9022370459625,6460.6930004236165,6339.290809050295,6527.885498821572,6716.5076000723875
6438.002928276031,6663.875317326818,6273.779567243805,6241.194758947137,6434.194299262691,6499.925964366305,6377.574612121727,6567.680428233178,6755.963367237794
6476.989812762262,6699.278002248005,6310.791840445567,6278.351427778653,6471.993258846976,6538.661775022218,6415.3759029066505,6606.970754535673,6794.887549128234
6515.484951887919,6734.155833921301,6347.336825721654,6315.04921840332,6509.298763922797,6576.899792598617,6452.694044831469,6645.7557675245935,6833.280455724707
6553.487708085172,6768.510959854825,6383.414055199318,6351.287328854955,6546.110754234314,6614.63968071939,6489.5286987332165,6684.035072263511,6871.1427098882305
6590.997737572219,6802.345780239439,6419.023335789759,6387.065413729591,6582.429472886155,6651.88139328172,6525.87981381037,6721.808583407734,6908.475233388282
6628.015050983864,6835.662931690305,6454.164741323782,6422.38334722875,6618.255433301177,6688.625199023435,6561.747618617862,6759.076511763865,6945.279247566654
6664.539857820391,6868.465280723786,6488.838626397004,6457.241263988995,6653.589417276407,6724.871617642374,6597.132611367209,6795.83935747264,6981.556239421799
6700.572695625444,6900.755907148616,6523.04557910321,6491.639548927603,6688.432466269945,6760.621456318805,6632.035551167256,6832.0978975432745,7017.3079681326
6736.114352342499,6932.538109314029,6556.786435337852,6525.578828424784,6722.785888307959,6795.875774409746,6666.457448106472,6867.853177242651,7052.536445954103
6771.16587517084,6963.815362230165,6590.06226260059,6559.059959409138,6756.651211817003,6830.63588931605,6700.3995544700165,6903.106499353007,7087.2439342262005
6805.7285541317115,6994.591335192827,6622.874374711439,6592.084023847916,6790.030205918093,6864.9033566273,6733.863355057669,6937.85941492691,7121.432930922254
6839.803922124193,7024.869867763518,6655.224276690067,6624.652337788884,6822.924858668391,6898.679971706766,6766.850558083428,6972.113712951039,7155.106152363132
6873.393723869427,7054.654962665443,6687.113695882861,6656.76640476409,6855.3373723524855,6931.967749091,6799.363086110724,7005.871410716141,7188.26652816927
6906.499935753576,7083.950776630489,6718.544556487192,6688.427934892552,6887.270155059777,6964.768909973609,6831.403066511715,7039.134743868136,7220.9171904692175
6939.124746799555,7112.761616398653,6749.518970473249,6719.638832207172,6918.72580752618,6997.085881296909,6862.972823148093,7071.906156694808,7253.061462570424
6971.270541778999,7141.091912591124,6780.039246567503,6750.401182457513,6949.7071055785855,7028.9212842716315,6894.074866483015,7104.188292696969,7284.702849445476
7002.939891303007,7168.946223250272,6810.107862282512,6780.717248301159,6980.217024392487,7060.277926275766,6924.711885970007,7135.983984761151,7315.845027505769
7034.135547682966,7196.329222406348,6839.727457478476,6810.589460986659,7010.258673144807,7091.1587881859605,6954.886739979705,7167.296246494788,7346.491835119803
7064.8604371736565,7223.245691362645,6868.900843860963,6840.02038355844,7039.835338176368,7121.567018113188,6984.602448823722,7198.128262341619,7376.647262369647
7095.117650149381,7249.700508464084,6897.6309672951875,6869.012837993547,7068.9504492403785,7151.5059241981635,7013.862184663224,7228.483379267538,7406.315441019373
7124.910430764702,7275.698642200513,6925.920927352278,6897.569634441805,7097.607577932156,7180.978960460494,7042.669265075631,7258.3650976073095,7435.5006350973945
7154.242170752939,7301.245143681885,6953.773956026526,6925.69382282364,7125.810429968049,7209.9897236588395,7071.027143113619,7287.777062234655,7464.20724179141
7183.116400045019,7326.345138583883,6981.193412236193,6953.388556343919,7153.562832224509,7238.54194216636,7098.939401307497,7316.723054706819,7492.439765991981
7211.536780237937,7351.003818210301,7008.182781669406,6980.657112084562,7180.868728624207,7266.639469366504,7126.4097420419,7345.206984116732,7520.202822320631
7239.507094130595,7375.226434205333,7034.745656891378,7007.502882958829,7207.732171355214,7294.28627512054,7153.441981875719,7373.232879859979,7547.501125895591
7267.031239402219,7399.018290521748,7060.885738617453,7033.929368776675,7234.1573144503145,7321.486437763138,7180.04004239945,7400.804883290039,7574.339482533532
7294.113220889705,7422.3847376067015,7086.606827098684,7059.940173897154,7260.148405597117,7348.244136796745,7206.2079447478645,7427.927239959601,7600.722780505021
7320.75714277737,7445.331164865052,7111.912815818885,7085.538997651138,7285.709780006375,7374.563646178316,7231.949801093673,7454.604292832217,7626.655991088052
7346.967207751276,7467.862997423789,7136.807683352232,7110.729626764527,7310.845851577615,7400.449331331549,7257.269809225625,7480.840473979117,7652.1441470451255
7372.7476998078,7489.985687839735,7161.295488765133,7135.515931616925,7335.561107964212,7425.905632798295,7282.172244824113,7506.6402986357125,7677.192349844781
7398.102982525994,7511.704710057986,7185.380362943939,7159.9018583794405,7359.860104634844,7450.937065654797,7306.661455978518,7532.008357661678,7701.805751982996
7423.0374934480005,7533.025555120072,7209.066511177647,7183.891423281875,7383.7474565385655,7475.548213072291,7330.741856378178,7556.949311064121,7725.989560518688
7447.5557359937175,7553.953725913683,7232.35819078313,7207.488713257207,7407.227833734317,7499.743718444084,7354.417919647067,7581.467882309731,7749.74902007022
7471.662274428966,7574.494731412444,7255.259721366488,7230.697867004023,7430.305955668198,7523.528279213657,7377.694173569584,7605.5688504409745,7773.089415314576
7495.361728469254,7594.654085070537,7277.775471737614,7253.523084345971,7452.986584439955,7546.906646596544,7400.575194127616,7629.257046444573,7796.0160622210005
7518.658765596252,7614.437298660625,7299.909856858717,7275.968607513574,7475.274520062199,7569.883609684976,7423.065600865079,7652.537344947506,7818.534302580329
7541.558097208226,7633.849874325117,7321.66733189232,7298.038728944617,7497.174595899021,7592.4639998880475,7445.17005052184,7675.414661283139,7840.649499195042
7564.064473532261,7652.897302370051,7343.052387295203,7319.737774297911,7518.691672012388,7614.652678821098,7466.893233625048,7697.893943741733,7862.367031218602
7586.182676926204,7671.5850639775135,7364.069543799393,7341.07010915871,7539.83063376256,7636.454537504745,7488.239867625237,7719.980170574943,7883.692288844057
7607.917518235856,7689.918619711864,7384.723348817099,7362.04012395058,7560.596382069323,7657.874490130738,7509.2146947850815,7741.678343343917,7904.630668340902
7629.273832449347,7707.903410130059,7405.018373820629,7382.652240472213,7580.993832908578,7678.917468305805,7529.822474803109,7762.993483440625,7925.187567729854
7650.2564726891205,7725.54485084205,7424.959204672318,7402.910896039778,7601.0279121520225,7699.588420300381,7550.067983716574,7783.930626814251,7945.368382918538
7670.870306897644,7742.848330183,7444.5504437749205,7422.820547840767,7620.703551184035,7719.892302156973,7569.956006625689,7804.494819818609,7965.1785045708975
7691.1202140999385,7759.81920622602,7463.796701056772,7442.385667080286,7640.02568344888,7739.834075462991,7589.491336930474,7824.691115983725,7984.623312143587
7711.011079439024,7776.462804153007,7482.702594129519,7461.610734514945,7658.999240597344,7759.418705264822,7608.6787696182,7844.524569805757,8003.70817461227
7730.547790821337,7792.784413469687,7501.272742866999,7480.500236836293,7677.629149246555,7778.651154506582,7627.523101024438,7864.000235104816,8022.438443172177
7749.73523496076,7808.7892862769495,7519.511764761084,7499.058664334787,7695.920327177762,7797.5363810963245,7646.029120915882,7883.123160901294,8040.819445431576
7768.578294525167,7824.482635143973,7537.424276411984,7517.290506714451,7713.877680306972,7816.07933453811,7664.201614453511,7901.898386379462,8058.856486771145
7787.081844168224,7839.869630269875,7555.014885665514,7535.2002499483515,7731.50609987453,7834.284952534556,7682.0453545263945,7920.330941376024,8076.55485069396
7805.250748587626,7854.9553978615995,7572.288189763967,7552.792373976636,7748.810459376103,7852.15815801723,7699.5651012120525,7938.4258380062065,8093.919789289952
7823.08985832476,7869.745017934313,7589.2487733936,7570.071349614602,7765.795611967878,7869.703856822645,7716.765599943556,7956.188073918023,8110.956524719316
7840.604007695353,7884.243524260981,7605.90120638384,7587.0416356068245,7782.466387700626,7886.926934598572,7733.651574996971,7973.622623073172,8127.670244949096
7857.798010874905,7898.45590150629,7622.250040453215,7603.707677140197,7798.827593216653,7903.832254057225,7750.227732907387,7990.734439246041,8144.066102756151
7874.676661342979,7912.387084105432,7638.299807032276,7620.07390194616,7814.884006617255,7920.424652858942,7766.498753349169,8007.528448230907,8160.149211734608
7891.2447277317115,7926.041955110863,7654.055015000766,7636.144718655865,7830.640374120356,7936.708940500212,7782.469293243218,8024.0095492059645,8175.924646933194
7907.506952320591,7939.425345697479,7669.520148574584,7651.9245151969335,7846.101410851934,7952.689897677972,7798.14397966389,8040.182610931694,8191.3974411766785
7923.468049299183,7952.542033032809,7684.6996650389065,7667.417655873281,7861.271800808358,7968.3722731688595,7813.527410671118,8056.052469267965,8206.57258452708
7939.132701159773,7965.396738677115,7699.597993381749,7682.628479810589,7876.156190686693,7983.7607822127975,7828.624153301616,8071.623927245516,8221.455022124072
7954.5055602757975,7977.994130047761,7714.219532846336,7697.5612994837065,7890.759191228335,7998.860104580785,7843.438739610817,8086.901750015197,8236.049652652666
7969.591242159009,7990.338818345722,7728.568649926405,7712.220398164925,7905.085374089692,8013.674883593869,7857.975668990448,8101.89066726985,8250.361327289087
7984.394328735383,8002.435357889297,7742.649677969523,7726.610029854077,7919.13927112171,8028.209724467997,7872.239401631792,8116.595367025163,8264.394848139129
7998.9193625810185,8014.288245759825,7756.466914314545,7740.734416242236,7932.925372871514,8042.469191386034,7886.234362588794,8131.020499007147,8278.154967374763
8013.170849637128,8025.9019211524055,7770.024621171702,7754.597744057639,7946.448127505784,8056.457806513338,7899.964935418449,8145.170668649402,8291.646386344171
8027.153253698675,8037.280765026569,7783.327022709698,7768.20416732293,7959.71193902553,8070.180051570482,7913.435464367644,8159.0504394989175,8304.873754211414
8040.8709979650885,8048.429099776068,7796.378304323144,7781.557804298328,7972.721167471353,8083.640363596256,7926.650252352977,8172.664329962348,8317.841667700312
8054.3284630537,8059.351188804069,7809.182611495118,7794.662736068156,7985.480127174888,8096.843135373185,7939.613558622358,8186.016812737227,8330.554669910549
8067.52998638839,8070.0512364886035,7821.744049071807,7807.523005757654,7997.993086375049,8109.792713708979,7952.329600559457,8199.11231463986,8343.017249801647
8080.479860096352,8080.533388395204,7834.066679949352,7820.142617466032,8010.264265781501,8122.493399141111,7964.8025491970275,8211.955213914345,8355.233841728375
8093.182332436525,8090.801730551439,7846.154524457867,7832.525535653462,8022.297837137874,8134.949444904487,7977.0365325094135,8224.549841944985,8367.208824613086
8105.641603960094,8100.860290876697,7858.011559646963,7844.675683566473,8034.097924866081,8147.165056256441,7989.0356307234115,8236.900479553067,8378.946521912747
8117.861831224686,8110.713035976424,7869.641718521094,7856.596944734478,8045.668604123899,8159.14438984514,8000.803878627505,8249.011359590711,8390.451201009835
8129.847120989586,8120.363872810729,7881.048889387859,7868.293160376775,8057.013900384805,8170.891553161294,8012.345263845784,8260.886663140016,8401.727072954724
8141.601531113092,8129.81665149761,7892.236915443006,7879.768126318098,8068.137789102125,8182.410603899827,8023.663725800083,8272.530521811968,8412.778292397765
8153.129071269614,8139.075162272767,7903.209594096166,7891.0255974077045,8079.044195483616,8193.705549590315,8034.763157048146,8283.947015326356,8423.608957145461
8164.433702797709,8148.1431366749175,7913.970676733013,7902.069285045085,8089.736994192199,8204.78034780202,8045.647400344062,8295.140172124413,8434.223108293634
8175.519337995454,8157.024247717249,7924.52386824729,7912.902855920429,8100.2200087834335,8215.638905919472,8056.320251306885,8306.113969068032,8444.624730005971
8186.389839104286,8165.722110296113,7934.872826771447,7923.529932441561,8110.497011407982,8226.28507918918,8066.7854551884875,8316.872330361104,8454.817749589163
8197.049018379,8174.24028129473,7945.0211632379505,7933.9540921612515,8120.571723689383,8236.722671354102,8077.046708969953,8327.419128751611,8464.806037527713
8207.50063791083,8182.5822602119715,7954.972441524416,7944.178867533743,8130.447815698102,8246.95543575463,8087.107660073594,8337.758183607091,8474.593407531593
8217.748409461767,8190.7514893987645,7964.730177886877,7954.207745873114,8140.128906159911,8256.987074083108,8096.971906181627,8347.89326282301,8484.18361665842
8227.795994376265,8198.7513544118,7974.297841349911,7964.044168889595,8149.618562469983,8266.82123652038,8106.642996172507,8357.828080698135,8493.580365473032
8237.647003502205,8206.585184509237,7983.678853251366,7973.691532853724,8158.920300564474,8276.461521783873,8116.1244284520235,8367.566299904622,8502.787298282365
8247.30499701015,8214.256253094098,7992.876587145707,7983.153188267225,8168.037585201515,8285.911477089221,8125.419653017448,8377.111529865198,8511.808003361011
8256.773484825142,8221.767778169225,8001.894370848138,7992.4324400002815,8176.973830348393,8295.174598327094,8134.532069385618,8386.467327937427,8520.646013218198
8266.055926098203,8229.122922331115,8010.735482433938,8001.532558288887,8185.732399197512,8304.254330144675,8143.4650284191475,8395.637199129544,8529.30480489278
8275.155730870369,8236.324794835684,8019.403149880774,8010.45672335111,8194.316604393276,8313.154066076699,8152.22183144958,8404.624596032385,8537.787800305809
8284.076258498082,8243.376450905853,8027.9005586864,8019.208135754731,8202.729708274328,8321.877148733325,8160.805730635775,8413.432919666006,8546.098366587834
8292.820815534476,8250.2808924489,8036.230845270488,8027.789907065247,8210.974919318933,8330.426870010917,8169.21992964442,8422.065518741967,8554.239816472937
8301.392662077178,8257.041069365645,8044.397098957448,8036.205113744353,8219.05540008842,8338.806471267411,8177.467582865017,8430.525691044735,8562.215408734304
8309.795007544166,8263.659876727746,8052.402362277295,8044.456787212542,8226.974262318236,8347.019143452982,8185.55179695618,8438.81668248423,8570.028348577927
8318.03101189793,8270.140159324892,8060.249631011038,8052.547913972232,8234.73456814746,8355.068028110329,8193.47562971756,8446.941688639336,8577.681788101607
8326.103786060658,8276.484712235844,8067.9418546640545,8060.481437358168,8242.33933074747,8362.9562170276,8201.242091612998,8454.90385392453,8585.178826779556
8334.016392112419,8282.696279490454,8075.481936677211,8068.260252511188,8249.79151447463,8370.686753315693,8208.854145250632,8462.70627282661,8592.522511956799
8341.771843746905,8288.7775553154,8082.872734635623,8075.887213542344,8257.094035535942,8378.262631313406,8216.314706039675,8470.351989805718,8599.71583925588
8349.3731064852,8294.731184757768,8090.117060656392,8083.3651299337,8264.249762145873,8385.68679327756,8223.626642729807,8477.843999754768,8606.761753245644
8356.823098310419,8300.559764569563,8097.217681711602,8090.696762334518,8271.261515051814,8392.962137333107,8230.792777216762,8485.18524863703,8613.663147784111
8364.124688929513,8306.26584347031,8104.177319848853,8097.884832309678,8278.132067967766,8400.091512854257,8237.81588571134,8492.378633474824,8620.422866760311
8371.28070231918,8311.851923066304,8110.998652914955,8104.932018467522,8284.864147782335,8407.077721727184,8244.698698284139,8499.427003353729,8627.04370446238
8378.293914777987,8317.320458484939,8117.684314409469,8111.840955805289,8291.460435466315,8413.923519118205,8251.44390008251,8506.33315924857,8633.528406301426
8385.167057164088,8322.67385872697,8124.2368947183595,8118.614236391036,8297.923566044043,8420.631613727915,8258.054131149194,8513.099855140585,8639.87966925118
8391.90281459274,8327.914495299536,8130.6589403210255,8125.2544104934805,8304.25612978257,8427.2046683472,8264.531987184966,8519.729797881724,8646.10014252617
8398.503828048499,8333.044664874795,8136.9529556041225,8131.763986473153,8310.460672156754,8433.645300432849,8270.880020014903,8526.225648192361,8652.192428082839
8404.972691565954,8338.066664859547,8143.121403821458,8138.145430972705,8316.539694848103,8439.956082326475,8277.100737777944,8532.590020832835,8658.159081277343
8411.311957112574,8342.982719898533,8149.166704755758,8144.401170416917,8322.495655288603,8446.139542134735,8283.196605824058,8538.825485254363,8664.002611397133
8417.524132774517,8347.795019404597,8155.091232930465,8150.533590276951,8328.330968504759,8452.198163890973,8289.1700467078,8544.934566145264,8669.725482319376
8423.611677918037,8352.505710907384,8160.897327755279,8156.545035814912,8334.048006735233,8458.134391872925,8295.023441154824,8550.919743806495,8675.330113060043
8429.577014559294,8357.1169000371,8166.587285889565,8162.437812546714,8339.649095600418,8463.95061295471,8300.759128155092,8556.783454908064,8680.818878427712
8435.42252177071,8361.630652250571,8172.163364250261,8168.214186202364,8345.136525215714,8469.649193091307,8306.379405709691,8562.528092766901,8686.194109593633
8441.150536489095,8366.048992577522,8177.6277818683075,8173.876386169129,8350.51254246715,8475.232442321078,8311.886531284868,8568.156008157937,8691.45809472879
8446.763357664191,8370.373907666923,8182.982710339766,8179.426602556723,8355.779366217252,8480.70263277895,8317.282722217884,8573.669509606734,8696.613079595862
8452.2632286728,8374.607343570504,8188.230294633024,8184.8669833346685,8360.939125822373,8486.061995940068,8322.570156416497,8579.070864156492,8701.661268168162
8457.652374529267,8378.751207495532,8193.372634329433,8190.199642321926,8365.9939843546,8491.312723158888,8327.750972655693,8584.362297760605,8706.604823235986
8462.932966533128,8382.807371586041,8198.411793358975,8195.426657217105,8370.946017679007,8496.456966217354,8332.827271313938,8589.545995928456,8711.445867013479
8468.107140404389,8386.777670125177,8203.349798528525,8200.550068398805,8375.79727586462,8501.496837447707,8337.801114705708,8594.624104259716,8716.186481750838
8473.17699331891,8390.663900790294,8208.188640031796,8205.571879913636,8380.549771035874,8506.434411382865,8342.674527724637,8599.598728974805,8720.82871033234
8478.144584199537,8394.467825853428,8212.9302704692,8210.494060255236,8385.205478680346,8511.271724310265,8347.449498327696,8604.471937522483,8725.374556890412
8483.011933770278,8398.19117224406,8217.576607174704,8215.318543131412,8389.76633583886,8516.010770646126,8352.127978034045,8609.245759083355,8729.8259873932
8487.78102618474,8401.835632583616,8222.129534388674,8220.04722717945,8394.234242459663,8520.653513570725,8356.711882495147,8613.922185172796,8734.184930259222
8492.453809769408,8405.402865570188,8226.590898429738,8224.681977128586,8398.611066465262,8525.201877839454,8361.203091969202,8618.503170167543,8738.453276932441
8497.032195241902,8408.894496558602,8230.962519967066,8229.224624228602,8402.898638927565,8529.657768820347,8365.603451872641,8622.990631869652,8742.632882495429
8501.518058466352,8412.312118147547,8235.246176040295,8233.676966543082,8407.098756239344,8534.02299159588,8369.91477328993,8627.386452069286,8746.725566232173
8505.913241083445,8415.657293111595,8239.443614177706,8238.040768948398,8411.213182025876,8538.299411832217,8374.138833483743,8631.692477075225,8750.733112236536
8510.219551198124,8418.931543716368,8243.556549225075,8242.317763687874,8415.243646001109,8542.48879892273,8378.27737642274,8635.910518282333,8754.657269964018
8514.438758111957,8422.136374330486,8247.586662269543,8246.509652991337,8419.191842163058,8546.592903422592,8382.33211329283,8640.042352710212,8758.499754832708
8518.572604730065,8425.273250383912,8251.535605535115,8250.618107657876,8423.059433826114,8550.613443069842,8386.304722984936,8644.089723531695,8762.262248764444
8522.622796899273,8428.34360959008,8255.404999342229,8254.64476557967,8426.848052630241,8554.55210334238,8390.19685265586,8648.054340651302,8765.94640077657
8526.591009447042,8431.348860188997,8259.19643622021,8258.59123345951,8430.559299427452,8558.410536264211,8394.010118147546,8651.937881174415,8769.553827512076
8530.478883843996,8434.29038148858,8262.911466294183,8262.459091586185,8434.194746886827,8562.190362670006,8397.746104594473,8655.741990031049,8773.086113821042
8534.288032819255,8437.169524976358,8266.55162793679,8266.249889035515,8437.755924712263,8565.893172945243,8401.406366818803,8659.468280387699,8776.544813268763
8538.020037014652,8439.987614646452,8270.11841875653,8269.965146344111,8441.244351034042,8569.520526011893,8404.992429892136,8663.118334299834,8779.931448728941
8541.676446902195,8442.745945335184,8273.613310611552,8273.60635683834,8444.661502852467,8573.073950612617,8408.505789609104,8666.69370309807,8783.247512892287
8545.258784904505,8445.445786995673,8277.037747243032,8277.174979200807,8448.008831101935,8576.554946606098,8411.947912927231,8670.19590801705,8786.494468762332
8548.768541064372,8448.08838298213,8280.393144409409,8280.67245430563,8451.287760146188,8579.96498470567,8415.320238549813,8673.62644066235,8789.673750283713
8552.207178151184,8450.674950774146,8283.680890304193,8284.100189711191,8454.499684096072,8583.305505859595,8418.624177253185,8676.986763434252,8792.78676268884
8555.576128723764,8453.206682714397,8286.902346217188,8287.459567826629,8457.645970381363,8586.577924089508,8421.861112534592,8680.278310223563,8795.834883227999
8558.876800250535,8455.68474625209,8290.058848167442,8290.751944657124,8460.727959862625,8589.783625635871,8425.032400890614,8683.502486643487,8798.819461425375
8562.110572086503,8458.110284729393,8293.15170615323,8293.978650279128,8463.746964895447,8592.923969601563,8428.139372446367,8686.660670767922,8801.741819826719
8565.278799144553,8460.484417569865,8296.182202252226,8297.140989366751,8466.704274762358,8596.00028905494,8431.183331364997,8689.754213476353,8804.603254290989
8568.382799556286,8462.80824087208,8299.151594734896,8300.240242201186,8469.601152151357,8599.013889483482,8434.165556139851,8692.784438887618,8807.405034584028
8571.423880818971,8465.082827895114,8302.06111840485,8303.277664672194,8472.43883527544,8601.966050814071,8437.087300357254,8695.752645037155,8810.148404847872
8574.403314871193,8467.30922915044,8304.911983267702,8306.254486296715,8475.21853502777,8604.858027507145,8439.949792847336,8698.660104034463,8812.834583997235
8577.322351414155,8469.48847351182,8307.705375302849,8309.17191455274,8477.941441917957,8607.691050075595,8442.754238212327,8701.508062856292,8815.464766331615
8580.182215348552,8471.621568212235,8310.4424574589,8312.031133837136,8480.608720581942,8610.466324427553,8445.50181741319,8704.29774357241,8818.040121792992
8582.98410715042,8473.709499353641,8313.124369415655,8314.83330544433,8483.221513016535,8613.18503152252,8448.193687829193,8707.03034382036,8820.561796659671
8585.729203677525,8475.753232030609,8315.752228722009,8317.579567864545,8485.780938107107,8615.848329890243,8450.830984116916,8709.70703741405,8823.030913725299
8588.418659416466,8477.753711079999,8318.32713035926,8320.271037743223,8488.288092280121,8618.45735473086,8453.414818344427,8712.328974483826,8825.448573001268
8591.053605074108,8479.711861587692,8320.850148001444,8322.908809702827,8490.74404994171,8621.01321853904,8455.946280361451,8714.897282252507,8827.815851947895
8593.635147696437,8481.628589029842,8323.322333887914,8325.493957388582,8493.149864267558,8623.517011434444,8458.426438494096,8717.413065196966,8830.133805992427
8596.164374355227,8483.504779743529,8325.744719204355,8328.027533267676,8495.506567023043,8625.969802078496,8460.856339593689,8719.877405542293,8832.403468966206
8598.642349714404,8485.34130130938,8328.118314818934,8330.510569276556,8497.815168903888,8628.37263784494,8463.237009661787,8722.291363794953,8834.625853414178
8601.070117133822,8487.139002936561,8330.444111045344,8332.944077138694,8500.076659412898,8630.726542574423,8465.569454234294,8724.655978879291,8836.801951170864
8603.448699274228,8488.898715827807,8332.72307923608,8335.329048620153,8502.292008903933,8633.03252171131,8467.854658499618,8726.972268879974,8838.932733543583
8605.77909808949,8490.621253544576,8334.956171427246,8337.66645609253,8504.462168219652,8635.291560390444,8470.093588086715,8729.241231127375,8841.019151952521
8608.062295696482,8492.30741237519,8337.144319871973,8339.957252904178,8506.588070550604,8637.504623685645,8472.287189108507,8731.463842758892,8843.06213806514
8610.29925444106,8493.957971646829,8339.288436171422,8342.202372961894,8508.670622663323,8639.672656782406,8474.436388584933,8733.641061187314,8845.06260440572
8612.49091725811,8495.573694122975,8341.389416898484,8344.402732949256,8510.710723693994,8641.796586093851,8476.542095015846,8735.77382407919,8847.021444552294
8614.638208193346,8497.155326314647,8343.448139151684,8346.559230432793,8512.709247462202,8643.877318877612,8478.605198345878,8737.863050283875,8848.939533597042
8616.74203266357,8498.703598814458,8345.465462843837,8348.672746693439,8514.667051752293,8645.915744309212,8480.626570718878,8739.909639848029,8850.817728581358
8618.80327788336,8500.21922662056,8347.442229980896,8350.744144460714,8516.584976817107,8647.912733092593,8482.607066592042,8741.914474252659,8852.656868569502
8620.822812786477,8501.702909468175,8349.379266134416,8352.774268675714,8518.463845723272,8649.869138618287,8484.547522965899,8743.878417232756,8854.457775411334
8622.801489309088,8503.155332132685,8351.277379632003,8354.763948428825,8520.304464503852,8651.785796604756,8486.44876011638,8745.802314695247,8856.221253756088
8624.740141717444,8504.577164750197,8353.137362846244,8356.713995151282,8522.107623028021,8653.663525855769,8488.311581554295,8747.686995171181,8857.948091454855
8626.639587692584,8505.969063100853,8354.959992149013,8358.625205736433,8523.874094911067,8655.503128232951,8490.13677432299,8749.53327038903,8859.639060108288
8628.500628163376,8507.331668917657,8356.746027976893,8360.498360586655,8525.60463778909,8657.305389561281,8491.92510974158,8751.341935175387,8861.294914982816
8630.324048003049,8508.665610199174,8358.496215435729,8362.334224454335,8527.29999310047,8659.07107936634,8493.677343250054,8753.113768181061,8862.916395792312
8632.110616149055,8509.971501467724,8360.211285382491,8364.13354693017,8528.96088746872,8660.800951717287,8495.394214800603,8754.84953207,8864.504226716435
8633.861086028384,8511.249944016783,8361.891950300427,8365.897062597898,8530.588032936745,8662.495745066688,8497.076449514074,8756.54997358338,8866.059116704473
8635.576194689575,8512.501526300122,8363.538913353179,8367.625491316023,8532.182126671856,8664.15618255635,8498.724757496584,8758.215824326542,8867.581760034727
8637.256664955454,8513.726824085372,8365.15286006802,8369.3195418006,8533.74385139734,8665.782972325482,8500.339834327933,8759.84780071167,8869.072836257363
8638.903205132638,8514.926400770724,8366.734462855728,8370.97989591009,8535.273875732366,8667.376807682374,8501.922361565506,8761.44660425771,8870.533010805386
8640.516508929228,8516.100807635721,8368.284380326113,8372.607240512303,8536.772854539833,8668.938368507335,8503.473006590975,8763.01292219976,8871.96293514459
8642.09725579673,8517.250584048634,8369.803257612684,8374.20223647733,8538.241429166304,8670.468320359538,8504.992423179927,8764.547427377289,8873.363246934467
8643.64611133953,8518.376257844051,8371.29172720286,8375.765534362477,8539.68022765303,8671.967314993406,8506.481251850106,8766.050778765219,8874.734570616
8645.163727581476,8519.478345445717,8372.7504082321,8377.297771746504,8541.089865060034,8673.435990769252,8507.940119731878,8767.523621800177,8876.077517351801
8646.650743198994,8520.557352322458,8374.17990656287,8378.799573360939,8542.470943709555,8674.874972874175,8509.369641231067,8768.966588292615,8877.392685501758
8648.107783806297,8521.613772915067,8375.580816673988,8380.271551171856,8543.82405338324,8676.284873589539,8510.770418221531,8770.380297195252,8878.680660882477
8649.535462220838,8522.648090584442,8376.953720541762,8381.714305489673,8545.14977173098,8677.666292531798,8512.143039923405,8771.765354534577,8879.942016810994
8650.93437866635,8523.66077884589,8378.299188167917,8383.128424442059,8546.448664207832,8679.0198169396,8513.488083682292,8773.122353596758,8881.177314693876
8652.305121636751,8524.652300805032,8379.617777985668,8384.51448336855,8547.72128479445,8680.346021887366,8514.806114984181,8774.451875604385,8882.387103964753
8653.648265420541,8525.623109553744,8380.910036966741,8385.873045886985,8548.968176041015,8681.645470631782,8516.097687374235,8775.754489603058,8883.571922477247
8654.964375613195,8526.573648384545,8382.176500932044,8387.204665582105,8550.18986907243,8682.918714388798,8517.3633433101,8777.030752595632,8884.73229685615
8656.254004251343,8527.504351039614,8383.41769428617,8388.509884161576,8551.386884358411,8684.16629348373,8518.603614015523,8778.281210321054,8885.86874239567
8657.517692375679,8528.415641880503,8384.634131339648,8389.789232536787,8552.559731044948,8685.38873674695,8519.819019509596,8779.506397037827,8886.981763621603
8658.755970119639,8529.30793607486,8385.826315286076,8391.04323073695,8553.708907724382,8686.586561991884,8521.010069378804,8780.706835638826,8888.071854478558
8659.969356693751,8530.181639831791,8386.994739379214,8392.272388458852,8554.834902201987,8687.7602764516,8522.177262621837,8781.883038467508,8889.139498169383
8661.15836060505,8531.03715057919,8388.13988658054,8393.47720482705,8555.938192928175,8688.910377057993,8523.32108772868,8783.03550706238,8890.18516793691
8662.323479967725,8531.874857132949,8389.262229708522,8394.65816922317,8557.019248141785,8690.037349956716,8524.442023365336,8784.164732284444,8891.209326974396
8663.465202645762,8532.695139893374,8390.362232344269,8395.81576093028,8558.078526256762,8691.141671511563,8525.540538222838,8785.271195065683,8892.212428423185
8664.584005660128,8533.498371046828,8391.44034828468,8396.950449564705,8559.116476177862,8692.223807988074,8526.617091139886,8786.355366189367,8893.194916087015
8665.680357309018,8534.284914714555,8392.49702197069,8398.062695402967,8560.13353741363,8693.284215569402,8527.67213170882,8787.41770640435,8894.157224287424
8666.754715868696,8535.0551271534,8393.532688806446,8399.152948749015,8561.130140357134,8694.323341687541,8528.706100121872,8788.458667128118,8895.099777965588
8667.807530122931,8535.80935677752,8394.547775091993,8400.22165167115,8562.10670639347,8695.341624202389,8529.719427342263,8789.478690246207,8896.02299327153
8668.839239688152,8536.54794464582,8395.54269856497,8401.2692368304,8563.063648129522,8696.339491794617,8530.712535628796,8790.478208214548,8896.927277431276
8669.850275064371,8537.271224329144,8396.517868245814,8402.29612814158,8564.001369639313,8697.317364284041,8531.685838380894,8791.45764472743,8897.813028913779
8670.84105792817,8537.97952220671,8397.473684895867,8403.302741014508,8564.920266255605,8698.275652828757,8532.639740364282,8792.417414526044,8898.68063791942
8671.812001104661,8538.673157567833,8398.410540969955,8404.289482356075,8565.820725493753,8699.214759808789,8533.57463814414,8793.357923482166,8899.530486239457
8672.76350898928,8539.352442771795,8399.328820792385,8405.256750864359,8566.703126485616,8700.135079269803,8534.4909199371,8794.279569252692,8900.362947504113
8673.695977801697,8540.017683574511,8400.228900429574,8406.204937304772,8567.567840507327,8701.03699725271,8535.388965893677,8795.18274108284,8901.17838755949
8674.60979536079,8540.669179157496,8401.111148572787,8407.134424576618,8568.415231126766,8701.920891424114,8536.269148432968,8796.067819878383,8901.977164322438
8675.505341762582,8541.30722169114,8401.975926388812,8408.045587257253,8569.245654656916,8702.787131982515,8537.131832107458,8796.93517884014,8902.759628126414
8676.382989096153,8541.93209717519,8402.823587525565,8408.938792354238,8570.059459428763,8703.636080991495,8537.977373943191,8797.78518326878,8903.526121959454
8677.24310178902,8542.544085789355,8403.654478362234,8409.81440004762,8570.856986752859,8704.46809334223,8538.806123673103,8798.618190631265,8904.276981335071
8678.086036771707,8543.143461475249,8404.468938103493,8410.672762930122,8571.638570744586,8705.283516231899,8539.618423616508,8799.434551162185,8905.012534739062
