  0.0,  0.0,  0.0,  0.0,  0.0,  0.0,  0.0,  0.0,  0.0,  0.0,  0.0
0.01397843108257564,0.014542065327841903,0.014551810913585796,0.014172898833700844,0.013970630226305132,0.014061949608275535,0.013264324879673947,0.012884241310432164,0.012241480030781984,0.01171829998696138,0.012237785606410171
0.028253442511740057,0.02936062482962462,0.02942980899181888,0.028701420067365795,0.028293690578901055,0.02844935334498653,0.026847160752811267,0.026066583432720822,0.024801501381649105,0.023742305814095886,0.02480452693586109
0.04300991189366124,0.04466984749992087,0.044819672736435834,0.0437534920821175,0.04314305979269899,0.043343586161121994,0.04092182384393657,0.039713112973513896,0.037822877239019344,0.03620785394727423,0.03783398839482935
0.05853225301366691,0.06078061423743279,0.06100939716608699,0.05960191173366381,0.0587904723293427,0.05902265502025604,0.05575622338181202,0.054083479981812524,0.05154388260961438,0.0493455055825633,0.05155868539306323
0.07516554513248853,0.0780628725497945,0.07834957356145145,0.07658437379043823,0.07556913721663158,0.07582494168146023,0.07167739340376941,0.0694954943350233,0.06626281029070295,0.06344509834687027,0.06627292490711598
0.09329638936293971,0.09692756773056271,0.09723356056664648,0.0950832304532398,0.09385535148325704,0.0941310307312227,0.08905388494467971,0.08630754581195718,0.08232006487467786,0.07883793408097728,0.08231397157811116
0.11334607038376782,0.11782079715285965,0.11809013644933355,0.11551768926778323,0.11406157188456151,0.11435701971017087,0.1082894424260079,0.10491224304889434,0.10009134173116262,0.09589004906507419,0.10005464268447824
0.13577135089104816,0.14122555246531782,0.1413839295231079,0.1383438112886228,0.13663674616837576,0.13695508155853472,0.12982378557010926,0.12573709183517737,0.11998780684993801,0.1150024502790413,0.11990310218560585
0.1610700545747269,0.167668233014441,0.16762074136077448,0.16405945415547202,0.16207129875183907,0.16241866259056817,0.15413793060367584,0.14924965466529627,0.14246077163288784,0.13661580881358143,0.14230725998080865
0.1897897807231251,0.19772829943024972,0.19735606652128898,0.19321247340342618,0.19090522263857057,0.19129076638581177,0.1817625435564138,0.17596569316756777,0.16800938744276694,0.16121814297827114,0.1677622470148829
0.22253885188270944,0.2320501955552416,0.231205876533913,0.22641124860024758,0.22373841786529108,0.22417446755021106,0.21328850293162266,0.2064594771343446,0.19719055244844705,0.18935469512639003,0.1968201254405824
0.2599990773078984,0.2713571497031233,0.26985922296131104,0.26433708310873866,0.26124286158602056,0.261745246382426,0.2493792888889952,0.241375880801397,0.2306306485701199,0.22163963084308497,0.2301014292220394
0.3029402215089073,0.3164667746790524,0.31409252576743263,0.3077583362915979,0.304176484122347,0.304765025570472,0.2907851008041187,0.28144416869137906,0.2690390064976815,0.2587694688449308,0.2683084181037718
0.3522362650631463,0.36830858587318216,0.3647856142151249,0.3575463484237466,0.35339881508457255,0.354097979914202,0.33835879167949695,0.32749355770942473,0.3132231785857924,0.3015383305049757,0.31224011294651005
0.40888367879507337,0.4279436931889286,0.4229397231456298,0.41469335558160786,0.40988859434789404,0.4107283205313954,0.3930738369623825,0.38047076925260487,0.36410622645001045,0.35085522441266026,0.36280930914124143
0.47402202768463275,0.49658702080706374,0.48969774307290265,0.480332689120543,0.47476363678361416,0.47578035023603477,0.4560446504864957,0.4414598772931889,0.422746326829478,0.40776367747500336,0.4210618618174784
0.5489573025219464,0.5756324945102376,0.5663671031294243,0.5557616369022057,0.5493033193700173,0.5505411638886363,0.528549638491161,0.5117048385472845,0.49035907469678575,0.47346410218913465,0.4881986128016465
0.6351884433947723,0.6666817069125788,0.6544457300524854,0.6424674094438015,0.6349741251974841,0.6364864358725433,0.6120574539114033,0.5926351570777987,0.5683429407675484,0.5493393646794975,0.5656004032722968
0.7344375928550178,0.771576652041755,0.7556515978227745,0.7421567275300383,0.7334587512505364,0.7353098080671072,0.7082569859125966,0.6858952100494276,0.6583083942482963,0.6369840794770648,0.6548566737835074
0.8486846884145705,0.8924371922016197,0.8719564468169443,0.8567896139330081,0.8466893445347107,0.8489564638312985,0.8190916986743115,0.7933778301049694,0.7621113385663081,0.7382382889762278,0.7577982807767403
0.9802071094816074,1.0317040564781275,1.0056243616514071,0.9886180842743522,0.9768855658218265,0.9796615629036165,0.9467990246775663,0.9172628558260185,0.8818914837446539,0.8552261742401328,0.8765351426267032
1.1316251442805598,1.1921881891374189,1.1592559240669602,1.1402304610961642,1.1265981634884341,1.129994251487773,1.0939555737208275,1.060061394344542,1.0201165198340032,0.9904006755231332,1.0134995536272866
1.3059542192689606,1.3771275067671276,1.3358388478971253,1.3146022284019145,1.2987589849216672,1.3029082449400056,1.2635291738888892,1.224666739905568,1.1796329608957643,1.1465949220122236,1.1714960181715006
1.506664912024395,1.5902521708626263,1.5388060546715927,1.5151543978654904,1.4967383594976824,1.5017997899902218,1.4589386553389234,1.4144129514555042,1.3637247163829733,1.327081555487284,1.3537586328728315
1.737751937770819,1.8358596955116182,1.7721023202977073,1.745820532577528,1.7244109868315611,1.7305742830531174,1.6841226631544295,1.6331422749129372,1.5761805869087713,1.5356411820502394,1.5640171838854922
2.0038134763923896,2.118901392689796,2.040260781109423,2.0111237356006697,1.986231607946309,1.9937227992996769,1.9436188731807507,1.8852827665952787,1.8213720646433165,1.7766413762765065,1.8065733035943392
2.3101424025858295,2.445081877940304,2.348490770607224,2.3162650979682486,2.2873219255190635,2.296410000056568,2.2426551456814323,2.1759376735477667,2.1043430072046148,2.055127853895123,2.08638821385237
2.6628311793533603,2.8209735907437605,2.7027786521040875,2.66722529565555,2.633570433763454,2.644575142546484,2.587254461655597,2.5109883248128253,2.4309130086719506,2.3769297128152447,2.409183830488745
3.068892511041577,3.2541486231180325,3.110003615184004,3.0708814990645914,3.0317471658615247,3.0450481216200296,2.9843557352711643,2.8972126630461563,2.8077965783420273,2.748781058771513,2.781559405250949
3.534905557774291,3.751919801162237,3.5767441498155317,3.533771673442919,3.4881353765398027,3.50412353237226,3.4406094943878793,3.341057433339585,3.241300585507852,3.176811631737886,3.2093534542512083
4.068500840409522,4.322771227178694,4.110611057302522,4.063462469944168,4.010012596023236,4.029098659658698,3.96372645419447,3.8500017891795606,3.7387486928541653,3.6681571001752253,3.6993577426870665
4.67999251158133,4.9779235630954,4.721710151392491,4.670058380101259,4.607283764745318,4.629965077170025,4.563966863759328,4.434064440192709,4.310068940256389,4.232754494907147,4.2612257461160175
5.381134590578355,5.730188216311699,5.421550246102381,5.3650725456960995,5.291220929036092,5.318091686307936,5.2530447072852375,5.104683892296737,4.966605151191867,4.881956041631066,4.905957121760524
6.18535235567901,6.594223186877832,6.2232647873705105,6.161649874150445,6.0746813329088365,6.1064455736673935,6.044360730180187,5.874946844305477,5.721346172112686,5.628762133824971,5.646118416810944
7.108002223348844,7.586821149278182,7.141860798994263,7.07481792403795,6.972351988859479,7.009839494323726,6.953265053155642,6.75984558932657,6.589184611509341,6.488083901514264,6.496090870947637
8.166665511294928,8.727235804152038,8.194500198344793,8.121770664951175,8.001025752378487,8.045211107432664,7.997354825982711,7.776569765343752,7.58721046534143,7.477040984290582,7.472350547337162
9.381481842103586,10.037552919583138,9.400818884841899,9.322190576781674,9.17991423294444,9.231939382574627,9.196812751454353,8.94483821582574,8.735045432675333,8.615300485793677,8.593786372966193
10.775528401789892,11.54311311684163,10.783289416652853,10.698615006065872,10.531003286115807,10.592204094871184,10.574792782230604,10.287277105824733,10.05522435737198,9.925463677643489,9.882062085631246
12.375252010286395,13.27299385252485,12.367633794363321,12.276853258161854,12.079457474798694,12.151394552327101,12.157860183290275,11.829851369455998,11.573630515043757,11.43350768211814,11.362028759539768
14.210961351857911,15.260560092336428,14.183293561745403,14.086461924826416,13.854080633556343,13.93857529272024,13.976493689340046,13.602357235077712,13.319993651076281,13.169290198894505,13.06219544216512
16.317388317679196,17.54409165192497,16.263964562526226,16.161286503600266,15.887839638472673,15.987016173782692,16.06565816887611,15.638984175132236,15.328457879920371,15.167126378099864,15.015265957618627
18.734327563016617,20.167499395508955,18.6482070731837,18.54007753629352,18.218462138366714,18.33479517541684,18.465458834910024,17.978955863253287,17.638230860377504,17.466447572072905,17.25875076762371
21.507364298825678,23.181141113474055,21.380138036425464,21.267193894188033,20.889114578718633,21.025486074837463,21.221885315608546,20.667261926076023,20.294324168161236,20.11255337207397,19.835665693962362
24.68870285296495,26.6427503709591,24.51021934304647,24.39339979774975,23.949174278318683,24.10893763716858,24.38766012049572,23.755489239882515,23.34839727666458,23.157468998911703,22.795325264441825
28.338107831653083,30.61849242837981,28.096152327450582,27.976772286533524,27.45510569904212,27.64216001683794,28.023202985887707,27.302769335822994,26.859718139767768,26.660921587474302,26.194246993150017
32.5239719283106,35.18416289847635,32.20389185160324,32.08373006089707,31.471453909094286,31.690329636877653,32.19772557284176,31.376853394292525,30.896255102729754,30.691449987754986,30.097177477961427
37.32452589749097,40.42654543472301,36.90879512698427,36.79019874739918,36.071969820730374,36.32792666804097,36.99047298006326,36.0553312595397,35.53591521651805,35.32766390127971,34.57825593364619
42.829205581894556,46.44494705020961,42.29691891332346,42.18292825847341,41.34088138478502,41.64002047424784,42.49212674777673,41.42700994644659,40.86794674618908,40.65966908434369,39.72233046124062
49.14019392608433,53.35292801204176,48.46648234963443,48.36097863060499,47.3743267190643,47.723718859020266,48.80638794578214,47.59346921255928,46.99452132588485,46.790676073498666,45.62644350140967
56.374154804825544,61.28024669925264,55.52951216536911,55.437391567533524,54.28196622268608,54.68979767645922,56.051757672935196,54.67081124717212,54.03251560950568,53.838810123055374,52.40150345386742
64.66417611996971,70.37503681650159,63.61368672800496,63.54106501778456,62.188789705521444,62.66452767609407,64.36353214182353,62.79162186412898,62.11550876446709,61.939139532612,60.17415914421599
74.16193890905379,80.80623431388949,72.86439600210296,72.81884784326084,71.23713521186633,71.79171479345285,73.89602924523041,72.10715948020052,71.39601252839559,71.24593868242235,69.088893418272
85.04012735905553,92.76626891489039,83.44703270490163,83.43787018703304,81.588934691286,82.23496909079935,84.82506084194415,82.78978644083541,82.0479486918724,81.93519854873034,79.31034999339772
97.49509173659183,106.47403029966722,95.54952769456084,95.58812300624135,93.42819921067309,94.18021493129156,97.35066168326668,95.03565165445596,94.26938406703296,94.2073931387408,91.02590480564513
111.74977086276606,122.17811149501969,109.38513882127707,109.48529605883297,106.96375295900829,107.83845134694404,111.70007989967134,109.06763407773323,108.28552699051892,108.2905045036421,104.44848793377568
128.0568737788749,140.16032323119376,125.19549608449076,125.3738750599774,122.43221880114794,123.44876298116245,128.13102558260385,125.13853643803051,124.35197991790665,124.44329796142341,119.81965321483574
146.7023089739975,160.73945890528483,143.25389746031402,143.5304977184425,140.1012499584983,141.2815806862168,146.9351616988959,143.5345197000075,142.7582335224409,142.95882162903644,137.41288609273812
168.00883516022964,184.2752692449063,163.86883707456764,164.2675404048325,160.27298991343002,161.64216412741652,168.44180497355194,164.5787436515114,163.8313620265026,164.16809318478295,157.53711722693322
192.33988605170265,211.17258069939115,187.38773020257992,187.93690580505793,183.28772612258447,184.87427734424983,193.02178123855464,188.63515883710357,187.93986440371486,188.44390110729955,180.54039684096375
220.10349956397914,241.88545946264034,214.20077855947503,214.93394921315166,209.527681314238,211.36399591431933,221.09135290238578,216.11236800526737,215.49756027508522,216.20461992591237,206.81365397026826
251.7562412586385,276.92127814137064,244.74488945872088,245.70145286467462,239.42085906029456,241.54355738330474,253.1160945113734,247.46743324493892,246.96741047379274,247.917895106216,236.79443030606834
287.806973729408,316.844489779319,279.5075239825552,280.7335202557971,273.44482033268537,275.8951306709787,289.6145492975436,283.2094670346589,282.86508285585717,284.10399616885655,270.97043555176447
328.82027215806136,362.27985224629515,319.0303078609214,320.5792150863548,312.1302280693663,314.9543330026939,331.1614389865696,323.9027790950193,323.76202438001036,325.33858431604034,309.8827185053883
375.41921491898756,413.914765365874,363.9121759981182,365.8457076547941,356.06393657749163,359.3132656219559,378.3901338415566,370.1692839008855,370.28772804799337,372.25454129656157,354.12818161265614
428.28722180086504,472.5003002636104,414.81176843790934,417.200641165806,405.89134680922973,409.6227871763339,431.99401059772475,422.6898079236057,423.1308055220609,425.5424530431005,404.36110445522155
488.1685048632668,538.8504113000399,472.44869964989584,475.3733119844765,462.3176598953796,466.59363366008415,492.7262339451531,482.2038350135598,483.0383749561994,485.94922758689063,461.29323199343855
555.8666309383761,613.8387059630916,537.6032744849801,541.1542316870346,526.1076075148007,530.9959637072902,561.3974272995614,549.5071505017867,550.8132068250771,554.2742432621519,525.691939856459
632.2406129979539,698.3921046160528,611.1140904929578,615.3925015874147,598.083113141174,603.6567819371804,638.8705743097314,625.4467536425149,627.3079593259345,631.362356103012,598.3758673995465
718.19784349501,793.4805843332559,693.8729556502586,698.9903764621083,679.1183207594344,685.4546286579214,726.0524909261362,710.9123462154971,713.4157945720353,718.0930344311819,680.2073627486329
814.6831687006061,900.1022818254307,786.8163943660809,792.8943286977847,770.1312844918695,777.3108811810741,823.8810805629726,806.8236841848108,810.0566364181482,815.3648882622621,772.0810453822681
922.6633451473488,1019.2631488820953,890.913102097136,898.0818711414329,872.0716809690141,880.1769544686083,933.3077243464802,914.1130708453127,918.158340734868,924.0749441039457,874.9077599893121
1043.1063054078395,1151.950626093291,1007.1465802462297,1015.5434842961569,985.9038143601999,995.0167349227686,1055.2741374472744,1033.7024118107945,1038.6322824865654,1045.0921847289114,989.5933889589961
1176.9546358414334,1299.1009580923142,1136.4924562498538,1146.2590234692102,1112.5843904649375,1122.7836810309916,1190.6833580374139,1166.4744554011859,1172.3429614175498,1179.2251992768815,1117.0120268394444
1325.093133716481,1461.5602796228104,1279.8900138857916,1291.16825012262,1253.0346512204997,1264.3922369364223,1340.3647895718423,1313.2382043491243,1320.0717689087758,1327.1842567841713,1257.973456978756
1476.1202221187896,1626.7280883708036,1426.3958438234945,1439.4109827689795,1396.7497746331042,1409.2041072565214,1493.1814999912158,1463.1038528589982,1471.008070451238,1478.1842633163064,1402.14249709162
1619.0145268210904,1782.5729946318356,1565.36376335195,1580.3946004276697,1533.4783553630386,1546.8705043682037,1638.401718369108,1605.5805212961159,1614.722291419957,1621.8790836699468,1539.4924074595742
1755.003674029234,1930.50805929435,1697.973477843118,1715.2595687150101,1664.328549289009,1678.5373543542596,1777.2221429317058,1741.8397507320824,1752.3362957197592,1759.3935556676788,1671.0897927783108
1885.1257000751134,2071.721196720886,1825.219751236456,1844.9703901771557,1790.2362117052917,1805.1708541036276,1910.6502593256728,1872.8688818088456,1884.801554645439,1891.6814841797745,1797.8413338328728
2010.257213128098,2207.2096939633952,1947.9402765879395,1970.3415067408096,1911.9904474097816,1927.5843451487008,2039.5325677146552,1999.4982860893588,2012.923272580208,2019.5497603829808,1920.5162450421024
2131.137275901869,2337.8093582360975,2066.8392221922495,2092.059262612445,2030.255253990901,2046.4610483577078,2164.578517751969,2122.424491622336,2137.381022218965,2143.6790248145144,2039.7654863493935
2248.3877439598336,2464.2192179218036,2182.5072168170173,2210.7006182872456,2145.587941230149,2162.373383517798,2286.3808823618174,2242.2298966594353,2258.7464638491692,2264.6414330972384,2156.1382689509664
2362.5306138008755,2587.0224837344404,2295.4383451848335,2326.7491286665636,2258.454836740769,2275.799417249149,2405.4331258574807,2359.3995993351855,2377.4985834803138,2382.91595072414,2270.0962600926077
2474.002828501908,2706.704343456467,2406.0446118630393,2440.608596200942,2369.2446876408912,2387.1368764377853,2522.144217435949,2474.3357725409473,2494.0368040357803,2498.9015261616937,2382.025815432459
2583.168915468534,2823.6670698067537,2514.6682545380236,2552.6147413122485,2478.280100038413,2496.715091659733,2636.851268460633,2587.3699447847434,2608.6922688596974,2612.928438531865,2492.2485159181438
2690.331773815952,2938.2428461989666,2621.592227720027,2663.0451798183517,2585.8273049563027,2604.8051780220803,2749.8303141603787,2698.773493210497,2721.7375537821717,2725.268073770855,2601.0302455055134
2795.741882522264,3050.7046554205945,2727.0491300920285,2772.1279544363015,2692.104497537971,2711.6287159848926,2861.3055144339705,2808.7666114543536,2833.3950285388246,2836.14134909098,2708.5890142284557
2899.605161307018,3161.27552422165,2831.2288089373615,2880.0488320283084,2797.2889603297795,2817.3651556555687,2971.4570077397784,2917.525977177599,2943.844058296182,2945.7259760030856,2815.1017026624213
3002.089682870517,3270.1363722432397,2934.2848369818184,2986.9575479616988,2901.52314840952,2922.158133676781,3080.4276176518624,3025.1913088599845,3053.227209931494,3054.1627230737786,2920.709878859189
3103.33140398124,3377.4326790261366,3036.34003568745,3092.973149741243,3004.9198940686965,3026.1208683723644,3188.328584002641,3131.870980578364,3161.6556022014315,3161.5608242571334,3025.5248205989337
3203.439064094422,3483.2801467858762,3137.4911824691853,3198.18857715959,3107.5668570849202,3129.340767474936,3295.2444626628403,3237.6468290758703,3269.213525920294,3268.002648486207,3129.6318534237544
3302.4983698497763,3587.769512297422,3237.813028089825,3302.674585723079,3209.530335426138,3231.883368532076,3401.237317973066,3342.5782759752574,3375.962432921257,3373.5477383820867,3233.0941024463027
3400.5755741609137,3690.9706375689575,3337.3617270142163,3406.4831137354795,3310.85853021608,3333.7957115428726,3506.3503134304738,3446.7058653006825,3481.9443869517027,3478.2363062503273,3335.955741076901
3497.72053857317,3792.9359889584525,3436.1777652300298,3509.6501734034737,3411.584345136762,3435.1092271269135,3610.6107897184997,3550.0543012358285,3587.185051567316,3582.0922615654563,3438.2448069859947
3593.9693516503685,3893.703587753893,3534.2884675075684,3612.198334877663,3511.7277914009037,3535.842215866613,3714.0329045092403,3652.6350623767457,3691.6962791077176,3685.125839648653,3539.97564790414
3689.346576108791,3993.299533744461,3631.7101321722544,3714.1388649574124,3611.298043180841,3636.0019626504877,3816.619890012326,3754.448641874428,3795.4783593048815,3787.335874705147,3641.1510325658073
3783.8671587654717,4091.740145696528,3728.4498969874735,3815.4735624263158,3710.2952452557565,3735.586601287728,3918.3660327370426,3855.4865158801003,3898.521968052602,3888.711812164906,3741.764040423669
3877.538116804724,4189.033793056349,3824.5072748282378,3916.196367655735,3808.712008574289,3834.586648084509,4019.258314236651,3955.73277944811,4000.8098851105274,3989.235397903846,3841.799631194714
3970.359906254678,4285.182422888318,3919.875526626366,4016.2947063864776,3906.5347515606295,3932.9863810618854,4119.277873092231,4055.1656129208786,4102.318449763685,4088.8822035653316,3941.236077925754
4062.3276609541285,4380.182897562414,4014.5428165620115,4115.750690818794,4003.7448364763004,4030.7650072449246,4218.401244516528,4153.758525018785,4203.018866464322,4187.622930074835,4040.0461943282744
4153.432228641652,4474.028109662851,4108.49320787639,4214.542144900214,4100.319555843453,4127.897674551188,4316.601431826456,4251.481432052664,4302.878328634392,4285.424549977675,4138.198414912573
4243.661067539711,4566.707935630713,4201.707520693967,4312.643489537326,4196.232986363135,4224.356347222079,4413.848827896905,4348.301591783289,4401.860998287251,4382.251301000109,4235.657740538103
4332.999009628209,4658.210043513842,4294.164068558012,4410.026513289271,4291.456727018045,4320.11056378985,4510.112010158865,4444.184408559123,4499.928864284581,4478.065550717679,4332.386568670879
4421.428921184237,4748.520576452758,4385.83929193914,4506.661041059522,4385.960542483699,4415.128091964269,4605.358423351808,4539.094131647453,4597.042489536807,4572.828551810584,4428.3454207061295
4508.932266444213,4837.624731969274,4476.708307900524,4602.515513089163,4479.712916350109,4509.375502050747,4699.5549641556845,4632.994456808918,4693.161660676137,4666.501090920746,4523.493582924517
4595.489589799389,4925.507247512208,4566.745374088424,4697.557486241603,4572.6815325659345,4602.81865378271,4792.668490554834,4725.8490403221,4788.245955606568,4759.04405466748,4617.789664439542
4681.080931790586,5012.152808584934,4655.924294540222,4791.754074668152,4664.833693220385,4695.42312528244,4884.666242615331,4817.621944467931,4882.255233321501,4850.418915766114,4711.192089068193
4765.68617713637,5097.546389636511,4744.218765346888,4885.07232012521,4756.136679244985,4787.154581601945,4975.51621097797,4908.278016246701,4975.150054791091,4940.588149196269,4803.659524034968
4849.285355480799,5181.673535911973,4831.602670554188,4977.479521600872,4846.558061493845,4877.979092416101,5065.187444584953,4997.783209162475,5066.892048823515,5029.5155863657255,4895.15125361763
4931.8588946912105,5264.520595424125,4918.050335217019,5068.943515712553,4936.065972145377,4967.863405732105,5153.650308536138,5086.104854705809,5157.44422454891,5117.166717479816,4985.627504360031
5013.387833680632,5346.074904789874,5003.536739459423,5159.432917795783,5024.629331598934,5056.775181930146,5240.87669901718,5173.211888402793,5246.771220431474,5203.508935275598,5075.049724440234
5093.853999821282,5426.324943623955,5088.03770104332,5248.917327568036,5112.21804714439,5144.683193446742,5326.840217450129,5259.075037147233,5334.8395520916965,5288.511742609768,5163.380824461816
5173.240157922278,5505.260447459273,5171.530027153987,5337.36750540476,5198.803179953654,5231.557493317906,5411.516318579355,5343.666969782684,5421.617762418141,5372.146915490838,5250.585381643183
5251.530130395207,5582.872499629488,5253.99164144702,5424.755522806486,5284.357085644548,5317.369556383507,5494.882398560874,5426.962416673015,5507.076590697314,5454.388631307293,5336.629810755139
5328.708896889388,5659.1535949380395,5335.401687457749,5511.054872190802,5368.853529532954,5402.092395914445,5576.917887452086,5508.938260602634,5591.189075304066,5535.213564629454,5421.482507134546
5404.762645402685,5734.097683537226,5415.740613359681,5596.240567381663,5452.267785839713,5485.700658676632,5657.6043424938125,5589.57360275192,5673.930637623534,5614.600953520937,5505.1139611188555
5479.678874643236,5807.700195607976,5494.990243150911,5680.289248658684,5534.576711965503,5568.1707017567405,5736.92543870874,5668.849815313797,5755.27914106967,5692.532653760403,5587.496847603299
5553.446414054776,5879.9580508752115,5573.1338161028125,5763.179231676707,5615.758811605656,5649.480650611519,5814.867003742677,5746.750537543093,5835.214926251294,5768.993114259124,5668.606085283839
5626.055441677556,5950.869656566258,5650.156022878713,5844.890539098804,5695.794264222961,5729.61042360303,5891.417021619256,5823.261706460329,5913.720885764993,5843.969418592014,5748.418909032957
5697.497512408351,6020.4348870183,5726.043042980913,5925.404949289807,5774.664985386448,5808.541761993211,5966.565618754385,5898.371536947716,5990.782383851414,5917.451231414971,5826.91487323565
5767.765560102887,6088.655061165689,5800.7825474542315,6004.706010954075,5852.354599894283,5886.258295464219,6040.305037269197,5972.070474976574,6066.3872686464165,5989.430772418466,5904.075874259333
5836.853894042511,6155.532908457242,5874.363703409527,6082.779053796501,5928.848460895555,5962.745482034299,6112.629594049129,6044.351209123379,6140.525843816546,6059.902731830257,5979.886147969097
5904.758184046548,6221.072526587812,5946.777188592972,6159.611183940571,6004.133694656364,6037.990620312126,6183.5356363438505,6115.208617641331,6213.19082143034,6128.864319103646,6054.332253170722
5971.475440391781,6285.27933508567,6018.015138818448,6235.19126851493,6078.199172222913,6111.982836987185,6253.02148543112,6184.639655645262,6284.377263747518,6196.315062053605,6127.403042354623
6037.0039890331755,6348.160024682902,6088.071155566406,6309.509920037859,6151.035443770394,6184.713060317197,6321.0873721895205,6252.643331611955,6354.082516945673,6262.2567506337655,6199.089619519871
6101.343439794934,6409.722501127729,6156.940273484815,6382.559468113803,6222.634738539773,6256.1739865206055,6387.735367655125,6319.220628710531,6422.306136467807,6326.693374853883,6269.385292924739
6164.494648734625,6469.97582653272,6224.618929393602,6454.333924544821,6292.990937559503,6326.360040925827,6452.969308944537,6384.374423876764,6489.049804728,6389.630992090115,6338.285517388715
6226.45967926195,6528.9301600661,6291.104926499918,6524.8289432866395,6362.099528775452,6395.267333380221,6516.794726269928,6448.109416141484,6554.317241582559,6451.077629049953,6405.787832725302
6287.241758963838,6586.596692377558,6356.397394948704,6594.041776385138,6429.957565126237,6462.893610374248,6579.218743950143,6510.432017737039,6618.114089813579,6511.043208177209,6471.8917833627165
6346.845235956409,6642.987582761122,6420.496749009035,6661.971227398353,6496.563616528545,6529.238196786033,6640.250002767855,6571.350278553615,6680.447936705492,6569.539417355705,6536.598853162752
6405.275520498946,6698.115909669441,6483.404641482583,6728.617597433218,6561.917720157086,6594.301943519188,6699.898593712555,6630.873806946885,6741.327979755752,6626.579575202753,6599.91237590409
6462.5390418703,6751.995579150327,6545.1239158196495,6793.982609281591,6626.021324210854,6658.087163919426,6758.175963862907,6689.013660406326,6800.76514679183,6682.178544577484,6661.8374357152425
6518.643195482209,6804.641278121824,6605.658562154917,6858.069378904707,6688.877226823522,6720.597580820719,6815.09480220056,6745.78225497192,6858.77189003042,6736.352612444329,6722.3808047719485
6573.596327548579,6856.06841495671,6665.0136495543375,6920.882352184895,6750.489514728513,6781.838243047893,6870.668979672869,6801.193277136605,6915.36212358237,6789.11937772048,6781.55086408052
6627.407611247467,6906.293060257341,6723.195282075958,6982.427243930958,6810.863512559452,6841.81547121311,6924.913455042984,6855.261588907837,6970.551080019644,6840.497641679963,6839.357472485666
6680.087042251162,6955.331877031673,6780.210555683665,7042.710895138345,6870.005739177861,6900.536801155195,6977.844189800687,6908.003138081222,7024.355234497167,6890.507299225928,6895.811903819518
6731.64538936161,7003.202058748062,6836.067512027419,7101.741470004916,6927.923816707255,6958.010899441012,7029.478067128996,6959.43486861842,7076.792198595248,6939.169234562277,6950.926736580444
6782.09411405506,7049.921282469741,6890.775049501452,7159.527940384698,6984.62640669579,7014.247503474877,7079.8328018878665,7009.5746259436055,7127.88061993351,6986.505211542817,7004.715769865064
6831.445338956928,7095.5076491910295,6944.342897640992,7216.080445730604,7040.123164060036,7069.257353814137,7128.926864857977,7058.4410759027305,7177.640086841506,7032.53777747524,7057.193947635984
6879.711798102474,7139.9796298577,6996.781563094933,7271.410021768746,7094.424668826376,7123.052130693604,7176.779414994475,7106.053635397799,7226.09103536683,7077.2901771626875,7108.3772550506255
6926.906776992402,7183.3560158929085,7048.102262400302,7325.528593597107,7147.542364267605,7175.644379055348,7223.410210607319,7152.432368190661,7273.254651956833,7120.7862411922,7158.282620938551
6973.044071032198,7225.6558704512345,7098.316876588624,7378.448906798343,7199.48850097124,7227.047446139008,7268.839540934416,7197.597917473133,7319.152788537246,7163.050309313932,7206.927847782252
7018.137941544126,7266.898479111536,7147.4379098029685,7430.184445806868,7250.276066991967,7277.275425426355,7313.088157172403,7241.571432093711,7363.807889706368,7204.107143834829,7254.331520119761
7062.203073401491,7307.10330660034,7195.478442302995,7480.749394596517,7299.91873595311,7326.343102872874,7356.177212742405,7284.374494003468,7407.242890353573,7243.981851449336,7300.512926017653
7105.254514439053,7346.2899567946915,7242.452065904043,7530.158572169717,7348.430809124935,7374.2658655535015,7398.128191911999,7326.029049366625,7449.481150092452,7282.699793674872,7345.491978410371
7147.30764266668,7384.478129502325,7288.372840809696,7578.4273737250605,7395.8271565110535,7421.05966618439,7438.962848957349,7366.557336418218,7490.546375157311,7320.286535306712,7389.289139344823
7188.378126476118,7421.687582946797,7333.255256650859,7625.571717493833,7442.1231660368085,7466.740961801199,7478.703153736379,7405.981860771897,7530.462555551485,7356.767765381244,7431.925344302566
7228.481882433785,7457.938098750875,7377.114184931155,7671.607990806679,7487.33469979329,7511.326654419381,7517.371237764905,7444.325264464546,7569.253889437131,7392.169235195348,7473.421936177472
7267.6350388851015,7493.2494535611695,7419.964836380328,7716.5529951734825,7531.478028799602,7554.83404271775,7554.9893474411165,7481.6103405038775,7606.944724830333,7426.5167000576475,7513.800601974491
7305.853899413278,7527.641378302857,7461.822720679666,7760.423897099405,7574.5697858286785,7597.280769139757,7591.579781692073,7517.859949031872,7643.559500506388,7459.835865091623,7553.083301228009
7343.154909754414,7561.1335328289915,7502.703606685762,7803.238184912867,7616.626924958515,7638.68477198948,7627.164862741074,7553.09697478306,7679.122691379704,7492.152334497525,7591.2922122347845
7379.5546225943235,7593.745479989588,7542.62348571787,7845.01362592977,7657.666673948075,7679.064236420039,7661.766887314892,7587.344282242041,7713.658757502361,7523.491564727019,7628.449675363432
7415.06966862659,7625.496659279164,7581.5985340972,7885.768206196493,7697.706491615313,7718.437552787618,7695.408088655551,7620.624675371824,7747.192093178704,7553.878821482882,7664.578138452129
7449.716727768581,7656.4063692520795,7619.645078193689,7925.520103132991,7736.764027085815,7756.82327586578,7728.110600183714,7652.960855540664,7779.746985097223,7583.339140761841,7699.700102692939
7483.512500016659,7686.493741967062,7656.779564348947,7964.28764157783,7774.85708096873,7794.240080667094,7759.896424604449,7684.375386709244,7811.347574878529,7611.89729337608,7733.838085551698
7516.4736801149265,7715.77772295933,7693.018525110121,8002.089256084314,7812.003569390081,7830.706727663149,7790.787398053146,7714.890663882229,7842.017817507063,7639.57775283323,7767.014570728345
7548.616935247764,7744.277053540525,7728.378556190302,8038.943456109074,7848.221487024581,7866.24202776419,7820.805166431079,7744.528882053277,7871.781447996907,7666.404666334063,7799.251968763034
7579.958880769307,7772.010254054462,7762.876282872901,8074.868792599515,7883.52887626669,7900.864809302917,7849.971158177542,7773.312009753654,7900.66195086498,7692.401829124878,7830.572579909915
7610.516054461264,7798.995611798564,7796.528334082603,8109.8838273895935,7917.943796093039,7934.593886256429,7878.306560713967,7801.261765791527,7928.682531702063,7717.59266170951,7860.998559739806
7640.304906004847,7825.251167281238,7829.35132023848,8144.007098592256,7951.484292489004,7967.448019971305,7905.832300732107,7828.399584538913,7955.866092252874,7742.000189853492,7890.5518871492395
7669.341773112538,7850.794702720053,7861.361810028575,8177.2571047184165,7984.168374106815,7999.445905346674,7932.569024056741,7854.746615948907,7982.235213190019,7765.647027081022,7919.254335116845
7697.642866257844,7875.643731734055,7892.576311185297,8209.65226403468,8016.013983694407,8030.606142079838,7958.537079170539,7880.323694934847,8007.812119880506,7788.555359872324,7947.127444663989
7725.22425102425,7899.815489696484,7923.011248031122,8241.210901779306,8047.038975183599,8060.947210766274,7983.756502746879,7905.151327472382,8032.618674621529,7810.74693508624,7974.192503197253
7752.101836581362,7923.326927762069,7952.68294277768,8271.951224806873,8077.261093197634,8090.4874519474215,8008.247006337075,7929.249677242299,8056.676363984373,7832.24304954263,8000.470517532299
7778.291362039185,7946.194702412497,7981.607592860555,8301.891303159566,8106.697952321738,8119.245043819503,8032.027965100565,7952.638557518537,8080.006281315262,7853.064541499506,8025.982198628062
7803.808384653268,7968.435174925314,8009.801267517936,8331.049046777884,8135.367017940981,8147.237985141398,8055.1184075473,7975.33741679874,8102.629115079489,7873.231784208383,8050.747944644614
7828.668269043586,7990.064404295277,8037.279890116635,8359.442189272037,8163.285595665466,8174.484079743526,8077.537008392723,7997.365327947394,8124.565140605521,7892.764681143871,8074.787824476076
7852.886177598701,8011.098143054986,8064.059222556139,8387.088276053022,8190.470806605848,8201.000918872047,8099.3020813823205,8018.740984461473,8145.834212306393,7911.682662817666,8098.121565085884
7876.477061864707,8031.551837134008,8090.1548513389325,8414.004648203907,8216.939570598228,8226.80587229662,8120.431573198946,8039.482698509629,8166.45575660201,7930.004684973652,8120.768541518974
7899.455655428779,8051.440621246944,8115.5821774302985,8440.208429334207,8242.708604641835,8251.91607408163,8140.943060747504,8059.608391633074,8186.448770401929,7947.749228231749,8142.747763606778
7921.836467200283,8070.779318809697,8140.356407995339,8465.716514477783,8267.794409809416,8276.348410686383,8160.853747573107,8079.1355932917395,8205.831810855763,7964.934298987448,8164.077870092273
7943.633775607957,8089.582442161558,8164.492548117292,8490.54555900954,8292.21325860743,8300.119513949132,8180.180462047856,8098.081438999501,8224.623010486273,7981.577431413378,8184.777122856776
7964.861623660725,8107.864190672855,8188.005392416997,8514.711970852328,8315.981183291184,8323.245751664641,8198.939657286903,8116.4626696782125,8242.840060546267,7997.69569044682,8204.863402010342
7985.533814823951,8125.638453629459,8210.909517310029,8538.23190201253,8339.113969163733,8345.743218848873,8217.147409493644,8134.29563101663,8260.500220902388,8013.305675694783,8224.35420177938
8005.663909547224,8142.918810921037,8233.219275137735,8561.121240529297,8361.627149253287,8367.627734338817,8234.819410419648,8151.596275173011,8277.620304047605,8028.42352633027,8243.266626976294
8025.265222583013,8159.718533575287,8254.94878938746,8583.395606889535,8383.535998180469,8388.914834672818,8251.97098829421,8168.380159901955,8294.216691747262,8043.064926178064,8261.617390929227
8044.350820923465,8176.050587948188,8276.11195031137,8605.07034591329,8404.855526860794,8409.61976867492,8268.617095603222,8184.662461621423,8310.305347045181,8057.245110083018,8279.422815763579
8062.933522223249,8191.927637045783,8296.72241102121,8626.16052897834,8425.600477607415,8429.75749629028,8284.772314407031,8200.45797319598,8325.901803824838,8070.978870669864,8296.69883322177
8081.025893831082,8207.362043502191,8316.793584309118,8646.68094334707,8445.785321095382,8449.342685140813,8300.45086172855,8215.7810978858,8341.021175220973,8084.280565524916,8313.460985673577
8098.640252336165,8222.365873773862,8336.338640237549,8666.64609834783,8465.424254006728,8468.389707845414,8315.666592414655,8230.645859207456,8355.678160330424,8097.164124852974,8329.724427922463
8115.788663607834,8236.95090071135,8355.370504376127,8686.070214207059,8484.531197173977,8486.912642460617,8330.433004163735,8245.065904223771,8369.887049097253,8109.6430593965315,8345.50392990727
8132.4829431867365,8251.1286081529,8373.901856556527,8704.967220662831,8503.119794291837,8504.925271572762,8344.763242346868,8259.054523789573,8383.661728492032,8121.730468816672,8360.813879978976
8148.734657209767,8264.910194986587,8391.945130089836,8723.350759147575,8521.203411502214,8522.44108163923,8358.670107530217,8272.624642041608,8397.015693834193,8133.4390502665065,8375.668289045001
8164.555123594509,8278.306578851796,8409.51251145126,8741.234192808877,8538.795136213526,8539.473264958295,8372.166041728158,8285.788825230155,8409.962044577287,8144.781107182587,8390.08079519284
8179.955413628217,8291.328401333154,8426.615940427651,8758.63059525859,8555.907778752244,8556.03472048845,8385.263166306671,8298.559291842335,8422.513494372259,8155.76855825915,8404.064668414729
8194.94635382969,8303.986032324834,8443.267110686018,8775.552752966678,8572.553872326063,8572.138054922085,8397.973278126785,8310.9479175922,8434.68239183769,8166.412946543201,8417.632815918114
8209.538528081725,8316.289574456176,8459.477470746177,8792.013171514556,8588.745674621869,8587.795585623868,8410.307803572066,8322.966238945952,8446.48071567606,8176.725448547282,8430.797787829468
8223.742280057268,8328.248868578361,8475.25822523708,8808.024072644475,8604.49517037231,8603.019342883465,8422.277916209832,8334.62546322082,8457.920082005852,8186.716883571982,8443.571783156742
8237.567715803385,8339.873498262428,8490.62033650432,8823.597400885188,8619.814072104096,8617.821072282877,8433.894435414704,8345.936480693561,8469.011760814363,8196.39772289349,8455.966656050397
8251.024706652925,8351.17279495905,8505.574526499515,8838.744822669913,8634.713823598773,8632.212238426311,8445.167885037888,8356.909849863718,8479.766676768551,8205.778098998248,8467.9939222969
8264.122892239404,8362.155843177894,8520.131278931814,8853.477734051992,8649.205602304723,8646.204028212802,8456.108488140424,8367.555832547363,8490.195421035809,8214.867814843334,8479.664765997255
8276.871683628906,8372.831485393639,8534.300841654955,8867.807255816126,8663.300321672912,8659.807354150878,8466.726177496019,8377.88441023673,8500.308259158612,8223.67635295901,8490.990046358851
8289.28026672594,8383.208327343675,8548.09322926793,8881.744235808083,8677.008635243723,8673.032858596662,8477.03060121261,8387.90517338806,8510.115139644162,8232.212884510342,8501.980304625433
8301.357605506684,8393.294743107886,8561.518225928887,8895.299268861543,8690.340939749822,8685.890917788693,8487.031117234843,8397.627566056917,8519.625696500374,8240.48627834739,8512.645771127218
8313.112445861403,8403.098880214626,8574.5853883706,8908.482685818319,8703.307378306476,8698.391645825013,8496.736822370083,8407.060659450393,8528.849258980443,8248.505109794034,8522.996372360689
8324.553319142778,8412.628664834774,8587.304048779528,8921.304561519286,8715.91784504654,8710.544899265371,8506.156547486788,8416.213273422447,8537.794870119074,8256.277669409343,8533.041738205528
8335.688545817418,8421.891806814749,8599.683318241436,8933.7747182556,8728.18198837886,8722.360281631052,8515.298848902123,8425.093963987123,8546.47128420469,8263.811971633057,8542.791209048126
8346.52623938461,8430.89580481634,8611.732090206695,8945.90273171313,8740.109215263215,8733.847147831008,8524.172050818637,8433.711024966027,8554.886977766073,8271.11576321991,8552.253842940365
8357.07431015277,8439.647951266621,8623.459043504916,8957.69793359351,8751.70869549428,8745.01460896158,8532.784219562749,8442.072504529833,8563.050157443342,8278.1965315228,8561.438422728257
8367.340469091472,8448.155337370026,8634.872646596961,8969.169417857398,8762.989365632584,8755.871537070134,8541.143183273172,8450.186196386687,8570.968767719041,8285.061512612905,8570.353463195606
8377.332231763346,8456.42485811363,8645.981160606243,8980.326044703455,8773.959933586266,8766.426569846204,8549.256537183373,8458.059655616382,8578.650497642448,8291.717699506235,8579.007218116298
8387.05692226926,8464.46321691242,8656.792643330391,8991.176447365046,8784.6288829356,8776.688115514431,8557.131650915686,8465.700210178717,8586.102790738525,8298.171849450002,8587.407687229086
8396.521677157363,8472.276930778833,8667.314952879664,9001.729030856037,8795.004477190858,8786.6643577039,8564.77567402026,8473.114961206824,8593.332850561492,8304.430492050691,8595.562623274509
8405.733449362277,8479.87233460999,8677.555751303218,9011.991975706364,8805.09476446499,8796.363260214037,8572.195535038281,8480.31079044369,8600.347647998671,8310.499936403061,8603.479538657
8414.699012142808,8487.255586275664,8687.5225085929,9021.973246559442,8814.907581807329,8805.792571949049,8579.397954219483,8487.294366929043,8607.15392936947,8316.386278225531,8611.165712342747
8423.424962978272,8494.432670870036,8697.222506336348,9031.68060316085,8824.450559668858,8814.959831739277,8586.389453550315,8494.072153353529,8613.758223407141,8322.095407407149,8618.628196457288
8431.917727497266,8501.409405370916,8706.662841601534,9041.121595781115,8833.731126440875,8823.87237316899,8593.176355547925,8500.650410827438,8620.166841230159,8327.633014348183,8625.873822688958
8440.183563262455,8508.191443153331,8715.850430767252,9050.303571511202,8842.756512851694,8832.537329371422,8599.764791124402,8507.035207378669,8626.385895533673,8333.004596606439,8632.909208910429
8448.228563745382,8514.78427798437,8724.792013288716,9059.233681205711,8851.533756449293,8840.961637772361,8606.160705106087,8513.232422070534,8632.421298445512,8338.215466338532,8639.740765387109
8456.058661931871,8521.193248835294,8733.494155533412,9067.918884681048,8860.069705977457,8849.152044849627,8612.36986162934,8519.247750860173,8638.278769697246,8343.270755100795,8646.374700773447
8463.679634283219,8527.423543415673,8741.963254508324,9076.36595283494,8868.371025783019,8857.115110673827,8618.397848944718,8525.086712554648,8643.963843333291,8348.175421634021,8652.817028707625
8471.097104257768,8533.480202829538,8750.205541671829,9084.581469805406,8876.444200177808,8864.8572136711,8624.25008588264,8530.754654817327,8649.481873785782,8352.934256187142,8659.073572862926
8478.316546092185,8539.368125164157,8758.22708656784,9092.57184091521,8884.295537628523,8872.384555035498,8629.93182560914,8536.256753863774,8654.838038477557,8357.551887599046,8665.149973683294
8485.343288412523,8545.092069556038,8766.033800579746,9100.343299448468,8891.931175228217,8879.70316329433,8635.448161636728,8541.598028797178,8660.037349995284,8362.032787993641,8671.051693128713
8492.182517627969,8550.656660162615,8773.631440567693,9107.901903595612,8899.357082556988,8886.818898758325,8640.80403234647,8546.78334105022,8665.084656595267,8366.38127848386,8676.784020826162
8498.839281767378,8556.066389459691,8781.025612403417,9115.253549547957,8906.579066216884,8893.737457618336,8646.004225376204,8551.817399991423,8669.98464934826,8370.601534808364,8682.352079190016
8505.318493499486,8561.325622515054,8788.221774705333,9122.40396944047,8913.602773511724,8900.464376702852,8651.053378215856,8556.704768061185,8674.741864920383,8374.697591409327,8687.760828390772
8511.624933934974,8566.438599869674,8795.225242036659,9129.358736933656,8920.433696793985,8907.005037019377,8655.955991359366,8561.449865353577,8679.360692604609,8378.673347740796,8693.015072229298
8517.763255609489,8571.409441591433,8802.041188802406,9136.123272542733,8927.077177183353,8913.364668594044,8660.716426256895,8566.056973875955,8683.845380806531,8382.532571456015,8698.119462048275
8523.737985958773,8576.242150277893,8808.674652140511,9142.702847226828,8933.538408490003,8919.548353748909,8665.33891099209,8570.530241579505,8688.200039245741,8386.278904419789,8703.07850256414
8529.553530491068,8580.940614463736,8815.130535791095,9149.102587929097,8939.822441203993,8925.561031767078,8669.827544738466,8574.87368809948,8692.428644423766,8389.915866002213,8707.896555762833
8535.214175726678,8585.508612053944,8821.413612912249,9155.327473468065,8945.934185839425,8931.40750218883,8674.186301353002,8579.091208011389,8696.535044106906,8393.446858086518,8712.577845901085
8540.724092684648,8589.949812985536,8827.528529729461,9161.382344871503,8951.878417140475,8937.09242900066,8678.419033233304,8583.186574396632,8700.522961512288,8396.87516899624,8717.126463931472
8546.087339374531,8594.267782901434,8833.47980840617,9167.271911668582,8957.659777086685,8942.620344170371,8682.529475003586,8587.1634398078,8704.395999236764,8400.203977066201,8721.546371338443
8551.30786423894,8598.465985495484,8839.271850332545,9173.000751289957,8963.282778937933,8947.995651158486,8686.52124815556,8591.025346905359,8708.157644098825,8403.436355526952,8725.841405139452
8556.389508639437,8602.54778592624,8844.908939200634,9178.573313139095,8968.751810282916,8953.222628886091,8690.397863789236,8594.775727032777,8711.811270703272,8406.575274875746,8730.01528096373
8561.336009918616,8606.516453319866,8850.395243754545,9183.993922406535,8974.071136602737,8958.305434517355,8694.16272635704,8598.417904884016,8715.36014542909,8409.623607801122,8734.071597825086
8566.151004116382,8610.375163553254,8855.734821215514,9189.266790617676,8979.244904619985,8963.248107656462,8697.819132913972,8601.955102206393,8718.807427039003,8412.584131484822,8738.01384135228
8570.838028461829,8614.127002185276,8860.93161952666,9194.395982974289,8984.277145194339,8968.054572792604,8701.37028433718,8605.390440826905,8722.156175755925,8415.459531853385,8741.845387651623
8575.40052440644,8617.774966571447,8865.989480834272,9199.385493095115,8989.171777017356,8972.728643303431,8704.819282823759,8608.726945858823,8725.409352896291,8418.252406221636,8745.569507150785
8579.841839650922,8621.321968929358,8870.912143610745,9204.23917526396,8993.9326090367,8977.274023924994,8708.169136218732,8611.967548649754,8728.569825012208,8420.965266557334,8749.189367428771
8584.165231312796,8624.770838264318,8875.703245917755,9208.960782488131,8998.563344062217,8981.694314307313,8711.422761045416,8615.115090688003,8731.64036738943,8423.600542778266,8752.70803737608
8588.373867643762,8628.124323333142,8880.36632756962,9213.553963051743,9003.067581207222,8985.993011707627,8714.582985469873,8618.172325855028,8734.623666772448,8426.160584948058,8756.128489634355
8592.47083117475,8631.385094356323,8884.904833051496,9218.022263380008,9007.44881905109,8990.173513909172,8717.65255183027,8621.141923568306,8737.522324504653,8428.647667001731,8759.453604357854
8596.459120270178,8634.55574587331,8889.322113857874,9222.36913046975,9011.71045834949,8994.239122321822,8720.634119014745,8624.026468066097,8740.33885917818,8431.063988422018,8762.686171925381
8600.34165212617,8637.638798347374,8893.621430923306,9226.597911973598,9015.855804537496,8998.193044195428,8723.530266240788,8626.828467451183,8743.0757099908,8433.411677729107,8765.828895798455
8604.12126431865,8640.636700806772,8897.805957270653,9230.711864511684,9019.888070858247,9002.038396017122,8726.343494844266,8629.55035191288,8745.735239173944,8435.692794268127,8768.88439586682
8607.800717535038,8643.551832492602,8901.87877990961,9234.71415304402,9023.81038031755,9005.778205330822,8729.07623081244,8632.194477088076,8748.319734617584,8437.909331054645,8771.855210456577
8611.38269720081,8646.386505176702,8905.842902698852,9238.60785355229,9027.625768802076,9009.415414014184,8731.730825167277,8634.763126494865,8750.831410574036,8440.063216967596,8774.74379973253
8614.869815906588,8649.142964931585,8909.701247951143,9242.39595570419,9031.337187014171,9012.952880105475,8734.309559069316,8637.258514045141,8753.27241354164,8442.156318717769,8777.55254765422
8618.264615120981,8651.823394090861,8913.456659202358,9246.081365697197,9034.94750322089,9016.393380702324,8736.814651406794,8639.682785998826,8755.64482217975,8444.190443619022,8780.283764858268
8621.569567316626,8654.429913150092,8917.111902811279,9249.666908162857,9038.45950539881,9019.739613968843,8739.248231394224,8642.038022902707,8757.950650101295,8446.167340849639,8782.939690947194
8624.787077769204,8656.964582375447,8920.669670450097,9253.155328351533,9041.875903334214,9022.994201510108,8741.612397313322,8644.326242632695,8760.191848241679,8448.088704238742,8785.522496600192
8627.919486389828,8659.429403837317,8924.132580823307,9256.5492950228,9045.19933140526,9026.159690712228,8743.909162979879,8646.549401922164,8762.370306715617,8449.956173505125,8788.034286313752
8630.9690696264,8661.826322676754,8927.5031817736,9259.851402622895,9048.432349827752,9029.238556504784,8746.140487672334,8648.709397830082,8764.487856953314,8451.771336637621,8790.477099945998
8633.938041987512,8664.157229279224,8930.783952237849,9263.064173042589,9051.577447792764,9032.233204015778,8748.308271541599,8650.808068904738,8766.546273511613,8453.535731346645,8792.852915381693
8636.828558070905,8666.423960199245,8933.977303785563,9266.190056701033,9054.637044331443,9035.145969933053,8750.414357790669,8652.84719943832,8768.547276307352,8455.250846866973,8795.163650141236
8639.642713767476,8668.628300467522,8937.085583127384,9269.231435220365,9057.613491440652,9037.97912510496,8752.460535181792,8654.828519513963,8770.49253236065,8456.918125792818,8797.411163532348
8642.382548426674,8670.771984289662,8940.111072963198,9272.190625066934,9060.509074861991,9040.73487589063,8754.448539152834,8656.753706971533,8772.383656844013,8458.538965271626,8799.59725859989
8645.05004576916,8672.85669728854,8943.055994708813,9275.069877405822,9063.326017014306,9043.415366466179,8756.380051424185,8658.624389211145,8774.22221563278,8460.114719076519,8801.723683660231
8647.647136118296,8674.88407714582,8945.922509167442,9277.871380574266,9066.066477792585,9046.022680306152,8758.256706057575,8660.44214470199,8776.00972669501,8461.646698518969,8803.79213450916
8650.175697145769,8676.855715720323,8948.712719089119,9280.597261887031,9068.732557285515,9048.558842085678,8760.080087814467,8662.208504539185,8777.747661575446,8463.136174380772,8805.804255645577
8652.63755603235,8678.773159658036,8951.42866993924,9283.249589688134,9071.326296558014,9051.025819415954,8761.851734387974,8663.92495380111,8779.437446854572,8464.584377897125,8807.761642315994
8655.034490167905,8680.637912370341,8954.072352147316,9285.830373257972,9073.84968021521,9053.425524245238,8763.573137733596,8665.592933386899,8781.08046575541,8465.992502324307,8809.665841860355
8657.368229183714,8682.451434633458,8956.645702026652,9288.341567923275,9076.304637130668,9055.759814893772,8765.245745918695,8667.213841086465,8782.67805951873,8467.361704153453,8811.518355281947
8659.640455633176,8684.215146422055,8959.150603741302,9290.785073341653,9078.693042875875,9058.03049708033,8766.870963991329,8668.789033540856,8784.231528781867,8468.693104192604,8813.320638920803
8661.852806888484,8685.930427510077,8961.588890311106,9293.162736716513,9081.016720400881,9060.239325949067,8768.450155538878,8670.319825552298,8785.742134875194,8469.987789096756,8815.074105545493
8664.006875815505,8687.598619157094,8963.962345364462,9295.476354129094,9083.277442324183,9062.388007071995,8769.984643745085,8671.807493715622,8787.21110108069,8471.246812066622,8816.780126125472
8666.10421253022,8689.221024720693,8966.272704183248,9297.727671733153,9085.476931592191,9064.478198256682,8771.47571297734,8673.253276862888,8788.639613820553,8472.471194383303,8818.44003081512
8668.146325078713,8690.7989111944,8968.521655266512,9299.91838680009,9087.61686361444,9066.511510638078,8772.92461003549,8674.658376880381,8790.02882397321,8473.661926098734,8820.055110501027
8670.134681050118,8692.333509840115,8970.71084141772,9302.05014890607,9089.698866920273,9068.489510186077,8774.332544639554,8676.02395999065,8791.379847945733,8474.819967345724,8821.626617939955
8672.070708272084,8693.826017577121,8972.841861122357,9304.124563148664,9091.724525138769,9070.413718982629,8775.700690915823,8677.35115812453,8792.693769177531,8475.946249147895,8823.155768893734
8673.955796276801,8695.277597642484,8974.91626967471,9306.143189642644,9093.695377652512,9072.28561633727,8777.030188792103,8678.641069672289,8793.971638449035,8477.041674412872,8824.643743540391
8675.791297022515,8696.689380830667,8976.935580387237,9308.10754528262,9095.61292143378,9074.106640321947,8778.322144697908,8679.894760657495,8795.21447514781,8478.107118953012,8826.091687266608
8677.578526209014,8698.06246618953,8978.90126575401,9310.019105084151,9097.47861169089,9075.878188560839,8779.577632653169,8681.113265581353,8796.42326844539,8479.143432149132,8827.500712071564
8679.318764035212,8699.397922110067,8980.814758513625,9311.879303221345,9099.293863570525,9077.601619789366,8780.797695266767,8682.297588780664,8797.59897827706,8480.151438095818,8828.871897373447
8681.013256361013,8700.696787065031,8982.67745281398,9313.689534261932,9101.060052798739,9079.278254604538,8781.983344679871,8683.448705227893,8798.742536256777,8481.13193611858,8830.20629116608
8682.663215509949,8701.960070548703,8984.490705155433,9315.451154103153,9102.778517252777,9080.909376869848,8783.13556354967,8684.567560815032,8799.854846566313,8482.085701839756,8831.504910985845
8684.269821275027,8703.18875386431,8986.255835555814,9317.165481410524,9104.4505576033,9082.496234522441,8784.25530581431,8685.655073970509,8800.936786701257,8483.013487735921,8832.76874474611
8685.834221774474,8704.383790914151,8987.974128375492,9318.833798515274,9106.07743875708,9084.040040759697,8785.343497588825,8686.712136328515,8801.989208364572,8483.91602400556,8833.998751869802
8687.35753429973,8705.546109041243,8989.64683348733,9320.457352707566,9107.660390505282,9085.541974975231,8786.401037990203,8687.739613458805,8803.012938297434,8484.794019252338,8835.195863922336
8688.840846231613,8706.67660967048,8991.275166997315,9322.037356435208,9109.20060884074,9087.003183659657,8787.428800193313,8688.738345609643,8804.00877906114,8485.648161091218,8836.360985690162
8690.285215729044,8707.776169209254,8992.860312402145,9323.57498826629,9110.6992566139,9088.424781523472,8788.42763182909,8689.709148560585,8804.977509812637,8486.479116999935,8837.494995857694
8691.691672712273,8708.845639540661,8994.403421224988,9325.071395364645,9112.157464730351,9089.807852139083,8789.398355973639,8690.652814402063,8805.919886988835,8487.28753472157,8838.598747861264
8693.061219391333,8709.885848984217,8995.90561415354,9326.527693131771,9113.57633281504,9091.153449119025,8790.341771983036,8691.570112182606,8806.836645044794,8488.074043116532,8839.673070718469
8694.394831316791,8710.897602657431,8997.367981599025,9327.944965658255,9114.95693029559,9092.462596684956,8791.25865577054,8692.461788659768,8807.728497106364,8488.839252561775,8840.718769634732
8695.693457774698,8711.881683464879,8998.791584813103,9329.324268112787,9116.30029707602,9093.736290754696,8792.149761071243,8693.328568840936,8808.596135627124,8489.583755680746,8841.736626913895
8696.958022851606,8712.838852385812,9000.177456377307,9330.666626436601,9117.607444510504,9094.97549954226,8793.01581958307,8694.171156844784,8809.440233011583,8490.30812780801,8842.727402470888
8698.189425769451,8713.769849427288,9001.526601295962,9331.97303874213,9118.879356088171,9096.18116448795,8793.857542121572,8694.990236237543,8810.261442323415,8491.01292754717,8843.691834655412
8699.388541903953,8714.675393895635,9002.839997425377,9333.24447526359,9120.116988301557,9097.354200946274,8794.675619120839,8695.78647111822,8811.060397728328,8491.698697350017,8844.630640827701
8700.556223104615,8715.55618528802,9004.118596538061,9334.481879756382,9121.32127134371,9098.495498909539,8795.470720676936,8696.560506369638,8811.837715267024,8492.365963897022,8845.544517980214
8701.693298647871,8716.412903557683,9005.363324700893,9335.686170866085,9122.493109875713,9099.60592382989,8796.243497777696,8697.312968090775,8812.593993181556,8493.015238741431,8846.434143454622
8702.800575551426,8717.24620994332,9006.57508330695,9336.858241095215,9123.633383736771,9100.686317139767,8796.994582663265,8698.044464448281,8813.32981267291,8493.647018613186,8847.300175376844
8703.878839460638,8718.05674723268,9007.754749409494,9337.998958721128,9124.742948615374,9101.737497141898,8797.724589280657,8698.75558611557,8814.04573822319,8494.261786018313,8848.143253390946
8704.928854962654,8718.845140529209,9008.903176719901,9339.109168814637,9125.822636772722,9102.760259443732,8798.434114139214,8699.446906727087,8814.74231824826,8494.86000956534,8848.963999080232
8705.951366404634,8719.611997518268,9010.021195902522,9340.189693168133,9126.873257622035,9103.755377797122,8799.123736628802,8700.11898351258,8815.420085493837,8495.44214445653,8849.763016592406
8706.947098212793,8720.357909170601,9011.109615537984,9341.241331165162,9127.895598465564,9104.723604547224,8799.794019458768,8700.772357751903,8816.079557537478,8496.008632883028,8850.540893131443
8707.916755641225,8721.083450015096,9012.16922238387,9342.264860280296,9128.890424986424,9105.66567136,8800.44550890488,8701.407555315036,8816.721237279855,8496.559904374142,8851.298199419525
8708.86102510065,8721.789178778752,9013.200782302327,9343.2610369883,9129.858481999294,9106.582289730215,8801.078735846713,8702.02508699493,8817.345613288497,8497.096376282592,8852.035490286533
8709.780574836663,8722.475638669597,9014.205040491608,9344.230597048825,9130.800493858978,9107.474151560298,8801.69421600309,8702.625448309782,8817.953160373672,8497.618454024465,8852.753305011098
8710.676055272683,8723.143357952908,9015.182722376867,9345.17425651227,9131.717165224805,9108.341929764076,8802.292450282443,8703.20912143771,8818.544339825577,8498.126531563667,8853.452167896563
8711.548099616579,8723.792850247599,9016.134533817001,9346.092710782235,9132.609181389995,9109.186278687232,8802.87392534082,8703.776574524583,8819.119599985128,8498.620991650369,8854.132588624916
8712.397324221974,8724.424615038559,9017.061161958178,9346.986638011535,9133.477209059478,9110.007834780623,8803.439113744806,8704.328262369365,8819.67937647249,8499.102206238342,8854.79506272788
8713.224329122382,8725.039137989508,9017.963275419395,9347.85669692839,9134.321896604746,9110.80721693398,8803.988474615111,8704.8646267581,8820.224092697006,8499.57053675951,8855.440072010417
8714.029698414639,8725.63689139144,9018.841525108975,9348.703528402282,9135.143874849951,9111.58502712446,8804.522454116948,8705.386096949867,8820.754160114824,8500.02633444634,8856.068084895012
8714.814000719838,8726.218334494682,9019.69654439168,9349.527756335665,9135.943757274934,9112.341850754674,8805.041485601352,8705.893089878471,8821.269978651637,8500.469940669642,8856.6795569002
8715.577789592411,8726.7839138935,9020.528949868567,9350.329987517,9136.722140773787,9113.07825722125,8805.545990068378,8706.386010810103,8821.77193700913,8500.901687163525,8857.27493091888
8716.321603907238,8727.334063879869,9021.339341528332,9351.110812483546,9137.479605844244,9113.794800292031,8806.036376528198,8706.86525347918,8822.260412986427,8501.321896397652,8857.854637665452
8717.045968297598,8727.869206764395,9022.128303490908,9351.870805228495,9138.21671730217,9114.492018567782,8806.513042294395,8707.331200301109,8822.73577384918,8501.730881761321,8858.419095977919
8717.751393468005,8728.389753254009,9022.896404145507,9352.610524216238,9138.93402446259,9115.17043592748,8806.976373449499,8707.784222917539,8823.198376551727,8502.128947910043,8858.968713169645
8718.438376663926,8728.89610270947,9023.64419685848,9353.33051324264,9139.632061811591,9115.830561866995,8807.426745163117,8708.224682435348,8823.648568146444,8502.516390962348,8859.503885397136
8719.107401910012,8729.38864354898,9024.372220100098,9354.031301189436,9140.3113491805,9116.472892009737,8807.864521907197,8708.652929693448,8824.086685955957,8502.893498785996,8860.02499791441
8719.758940510917,8729.867753442602,9025.080998117473,9354.71340264126,9140.972392376652,9117.097908364296,8808.29005767123,8709.069305674326,8824.513057964623,8503.260551233147,8860.532425462847
8720.393451231372,8730.333799740882,9025.771041051756,9355.377318258028,9141.615683352036,9117.7060798258,8808.703696380639,8709.47414169205,8824.928002994366,8503.617820347587,8861.02653250112
8721.011380796135,8730.787139619948,9026.442845577052,9356.023535165326,9142.241700794417,9118.297862431991,8809.105772374884,8709.867759817464,8825.331831048215,8503.96557064935,8861.507673551048
8721.613164050215,8731.228120509148,9027.096895009472,9356.652527321437,9142.850910291596,9118.873699807546,8809.49661044159,8710.250472864269,8825.724843506378,8504.304059281656,8861.976193457847
8722.19922443321,8731.657080218498,9027.733659913058,9357.264755892145,9143.443764884343,9119.434023445749,8809.876526186843,8710.622584619412,8826.107333410651,8504.63353629449,8862.43242765206
8722.769974133877,8732.07434734426,9028.353598201938,9357.860669606498,9144.020705227344,9119.979253075946,8810.245826238453,8710.984390663418,8826.479585694771,8504.95424479079,8862.876702466285
8723.325814534006,8732.480241391444,9028.95715571415,9358.440705078898,9144.582160105292,9120.509796993558,8810.604808413435,8711.336178120626,8826.841877396753,8505.2664211721,8863.309335325906
8723.867136360812,8732.875073153024,9029.54476630886,9359.005287102118,9145.128546591539,9121.026052332145,8810.953762255407,8711.678226028274,8827.194477935129,8505.570295305231,8863.730635065245
8724.39432009966,8733.259144830326,9030.11685240561,9359.554829099865,9145.660270528668,9121.528405451843,8811.29296926413,8712.010805551963,8827.537649256892,8505.866090713977,8864.140902120302
8724.907736146746,8733.632750385596,9030.673825088405,9360.08973330135,9146.177726685699,9122.017232139102,8811.622702742296,8712.3341802303,8827.871646129302,8506.154024781712,8864.540428794891
8725.407745190054,8733.996175662185,9031.216084592714,9360.610391108687,9146.681299204494,9122.492897994778,8811.943228328893,8712.64860611425,8828.19671626699,8506.434308887998,8864.929499485588
8725.89469836466,8734.349698710193,9031.744020433873,9361.117183348984,9147.171361756251,9122.955758629143,8812.254804158996,8712.954332178404,8828.513100603766,8506.70714862998,8865.3083908814
8726.368937601314,8734.693589908251,9032.258011837723,9361.610480656418,9147.648277955024,9123.406160009297,8812.557681075397,8713.251600474956,8828.821033424549,8506.972743936474,8865.677372223734
8726.830795786576,8735.028112262002,9032.758427890723,9362.090643660453,9148.112401514194,9123.84443867059,8812.852102844117,8713.5406460609,8829.120742602514,8507.23128927423,8866.036705462964
8727.280597078468,8735.353521529134,9033.245627920496,9362.558023301113,9148.564076628354,9124.270922008625,8813.138306353258,8713.821697505588,8829.412449747077,8507.482973769387,8866.386645504208
8727.718657073501,8735.670066490511,9033.719961663464,9363.01296104918,9149.00363813034,9124.685928524637,8813.416521814099,8714.094976911221,8829.696370397522,8507.72798137899,8866.727440378461
8728.145283088885,8735.977989080007,9034.181769600891,9363.455789412179,9149.43141184271,9125.089768045362,8813.68697290309,8714.360700189807,8829.972714197893,8507.966491034542,8867.0593314515
8728.56077433837,8736.277524628098,9034.631383140357,9363.886831655838,9149.847714735846,9125.482742015778,8813.949877033618,8714.619077222618,8830.24168503733,8508.198676768152,8867.38255359862
8728.965422180589,8736.568901997927,9035.069124912328,9364.306402263137,9150.252855250223,9125.865143658106,8814.205445533535,8714.870312003743,8830.503481259042,8508.424707884109,8867.697335386212
8729.359510305469,8736.852343801262,9035.495308962234,9364.714807605727,9150.64713345602,9126.237258270838,8814.453883763255,8715.114602776059,8830.75829575843,8508.644749050698,8868.00389925428
8729.7433149483,8737.12806654207,9035.910241012087,9365.112345712467,9151.030841347338,9126.599363378324,8814.69539120864,8715.352142245101,8831.006316193962,8508.858960470832,8868.302461665728
8730.1171050884,8737.396280804758,9036.314218660313,9365.499306614964,9151.404263003724,9126.95172900254,8814.930161784356,8715.583117735157,8831.247725080859,8509.067497973498,8868.593233303673
8730.48114262855,8737.657191406473,9036.707531612457,9365.875972531068,9151.767674857436,9127.294617822572,8815.158383983193,8715.807711339836,8831.482699982023,8509.270513162239,8868.876419187493
8730.835682607432,8737.910997557576,9037.09046188635,9366.242618179578,9152.121345857202,9127.628285406383,8815.38024098661,8716.0261000637,8831.711413607612,8509.468153518603,8869.152218884778
8731.180973344162,8738.157893023745,9037.463284015459,9366.599510718672,9152.465537709659,9127.95298039366,8815.595910831858,8716.238455906501,8831.934033979916,8509.660562518999,8869.420826596684
8731.517256665891,8738.398066258702,9037.826265257312,9366.94691021218,9152.800505045603,9128.268944675074,8815.805566461473,8716.444946147492,8832.150724546187,8509.847879759205,8869.682431375571
8731.844768017212,8738.631700577103,9038.179665772695,9367.285069924828,9153.126495636654,9128.576413609397,8816.009376059368,8716.645733371975,8832.361644310868,8510.03024103906,8869.937217194483
8732.163736702258,8738.858974259545,9038.523738835507,9367.614236423678,9153.443750564238,9128.875616154352,8816.20750305427,8716.840975676732,8832.56694796887,8510.207778497535,8870.185363156968
8732.474385968522,8739.08006073689,9038.858730990678,9367.934649288158,9153.752504412516,9129.166775095298,8816.400106282983,8717.030826709575,8832.766786001408,8510.380620684666,8870.427043562124
8732.776933245068,8739.295128668862,9039.184882263906,9368.246541894321,9154.05298544027,9129.450107160887,8816.58734011864,8717.21543581377,8832.961304828643,8510.54889268738,8870.662428100413
8733.071590220672,8739.504342136865,9039.502426300827,9368.550141332335,9154.345415751097,9129.725823235729,8816.769354601021,8717.394948170351,8833.150646881297,8510.71271620587,8870.89168191925
8733.358563068212,8739.707860705186,9039.811590575335,9368.845668619806,9154.63001146835,9129.99412848128,8816.946295541466,8717.569504905105,8833.334950751083,8510.87220965879,8871.114965802404
8733.638052520593,8739.905839608804,9040.112596512252,9369.133338858866,9154.906982883573,9130.255222519589,8817.118304669591,8717.739243231703,8833.514351260947,8511.02748827274,8871.33243623831
8733.9102540808,8740.098429810805,9040.405659693135,9369.413361373528,9155.176534634584,9130.509299570122,8817.285519789813,8717.904296537003,8833.68897960012,8511.178664160607,8871.544245582663
8734.175358096876,8740.285778178772,9040.690989964452,9369.68593990925,9155.438865833112,9130.756548595262,8817.4480748011,8718.064794512986,8833.85896339984,8511.325846427397,8871.75054212988
8734.433549957283,8740.468027540624,9040.968791639945,9369.951272818087,9155.694170246095,9130.997153461918,8817.606099835906,8718.220863225222,8834.024426848562,8511.46914122845,8871.951470259286
8734.685010166122,8740.645316849408,9041.239263596099,9370.209553069986,9155.942636403437,9131.231293048619,8817.759721325034,8718.372625244494,8834.185490778567,8511.608651874507,8872.147170510432
8734.929914523453,8740.817781238442,9041.502599470303,9370.460968460771,9156.184447782565,9131.459141420808,8817.909062252023,8718.520199719114,8834.342272756428,8511.744478889726,8872.337779712354
8735.168434201874,8740.98555217437,9041.758987745194,9370.705701816885,9156.419782897181,9131.68086792053,8818.054242115622,8718.663702486107,8834.494887185258,8511.876720103457,8872.52343106399
8735.40073591148,8741.148757512436,9042.008611941983,9370.943931073236,9156.648815485116,9131.896637332962,8818.195377075459,8718.803246163578,8834.64344537029,8512.005470715487,8872.704254246537
8735.62698197885,8741.307521637646,9042.251650695078,9371.17582941124,9156.871714578941,9132.106609978366,8818.33258004009,8718.938940238779,8834.78805563107,8512.130823368709,8872.880375510373
8735.847330496363,8741.461965520975,9042.488277940076,9371.401565315253,9157.088644696447,9132.310941857671,8818.465960696396,8719.070891153766,8834.92882335426,8512.252868227115,8873.051917769202
8736.061935404558,8741.612206848517,9042.718662979896,9371.621302855061,9157.299765897167,9132.509784755246,8818.595625699876,8719.199202403097,8835.06585110152,8512.371693029116,8873.219000694944
8736.27094662554,8741.758360079315,9042.942970667063,9371.83520169111,9157.505233968848,9132.703286356544,8818.721678783397,8719.323974604893,8835.199238662573,8512.487383170946,8873.38174079326
8736.474510149652,8741.900536562407,9043.161361462438,9372.04341722112,9157.705200478113,9132.891590368808,8818.844220721116,8719.445305580011,8835.329083151191,8512.600021752452,8873.540251507271
8736.672768152703,8742.038844596995,9043.373991611483,9372.246100691409,9157.899812947664,9133.074836608304,8818.96334944985,8719.563290447111,8835.455479063145,8512.709689660584,8873.694643274197
8736.865859087822,8742.173389537234,9043.58101319656,9372.443399312242,9158.089214904416,9133.253161134977,8819.079160188554,8719.678021664564,8835.578518356959,8512.81646560676,8873.84502363789
8737.053917786294,8742.304273855385,9043.782574306973,9372.635456348264,9158.273546046632,9133.426696322182,8819.191745480217,8719.789589148582,8835.69829052077,8512.920426210268,8873.991497290874
8737.237075555371,8742.431597234308,9043.978819085678,9372.822411247846,9158.45294229011,9133.595570987127,8819.301195285845,8719.89808029573,8835.814882634164,8513.02164603009,8874.134166187134
8737.415460262551,8742.55545663413,9044.169887892958,9373.004399793786,9158.627535925576,9133.75991046107,8819.407597049987,8720.003580102828,8835.928379447063,8513.12019764507,8874.273129579698
8737.589196440076,8742.675946372397,9044.355917348284,9373.181554098406,9158.797455663256,9133.919836702506,8819.511035771795,8720.10617118613,8836.03886342455,8513.216151684703,8874.408484127265
8737.758405352466,8742.793158194812,9044.537040487548,9373.354002772183,9158.962826780818,9134.075468378209,8819.611594070311,8720.20593389594,8836.14641482982,8513.309576903068,8874.540323930814
8737.923205108264,8742.907181342987,9044.713386800733,9373.521870882341,9159.123771166669,9134.226920960527,8819.709352250748,8720.302946330736,8836.251111763377,8513.400540211338,8874.668740632864
8738.083710711453,8743.01810262973,9044.885082382672,9373.685280301986,9159.280407458733,9134.374306805086,8819.80438839034,8720.397284451825,8836.353030240727,8513.48910674391,8874.793823454007
8738.240034178696,8743.126006494398,9045.052249967088,9373.8443496068,9159.43285108673,9134.517735244981,8819.896778372844,8720.489022088377,8836.45224423271,8513.575339892079,8874.915659284517
8738.392284580112,8743.230975083157,9045.215009070907,9373.999194213373,9159.581214402126,9134.657312661235,8819.986595971137,8720.578231051843,8836.548825733946,8513.659301364343,8875.034332721578
8738.540568153734,8743.333088291944,9045.37347602518,9374.14992647996,9159.725606719616,9134.793142574039,8820.073912897811,8720.664981140686,8836.642844807415,8513.741051219808,8875.149926152859
8738.68498834395,8743.432423851715,9045.527764112974,9374.296655721935,9159.866134438536,9134.92532570882,8820.158798863626,8720.749340239425,8836.734369641124,8513.820647923643,8875.26251979523
8738.825645909226,8743.529057360929,9045.67798359764,9374.439488326992,9160.002901083804,9135.053960082663,8820.241321602434,8720.831374340276,8836.82346659997,8513.898148380324,8875.372191769968
8738.962638959563,8743.623062372042,9045.824241854369,9374.57852790878,9160.136007419058,9135.179141068535,8820.321546959425,8720.911147615243,8836.910200267823,8513.973607984091,8875.479018143646
8739.096063057326,8743.714510418922,9045.966643396154,9374.713875375086,9160.26555148725,9135.300961474437,8820.399538972179,8720.98872245838,8836.994633508712,8514.04708065253,8875.58307299465
8739.226011254303,8743.803471099794,9046.10528999916,9374.845628826528,9160.391628715812,9135.419511606386,8820.475359876673,8721.064159535073,8837.076827497296,8514.118618872191,8875.68442845691
8739.352574185446,8743.890012103337,9046.240280726692,9374.973883799186,9160.514331957076,9135.534879341769,8820.549070174926,8721.13751783756,8837.156841780528,8514.188273732712,8875.783154777442
8739.475840106117,8743.974199286507,9046.371712048513,9375.098733278,9160.633751585738,9135.647150189703,8820.620728675738,8721.20885471802,8837.234734306876,8514.256094967428,8875.87932036352
8739.59589497857,8744.05609670005,9046.499677863118,9375.220267775549,9160.749975539267,9135.756407359757,8820.690392519187,8721.278225952829,8837.310561482467,8514.32213098812,8875.972991830973
8739.712822509902,8744.135766661091,9046.624269611133,9375.338575395224,9160.86308940794,9135.862731819449,8820.758117278216,8721.345685763217,8837.384378201885,8514.386428921007,8876.064234055397
8739.826704231122,8744.213269778473,9046.74557629615,9375.453741882175,9160.973176475392,9135.966202359125,8820.82395700498,8721.411286885153,8837.456237897059,8514.449034641908,8876.153110210927
8739.937619536317,8744.288665020049,9046.863684592385,9375.565850709449,9161.08031780146,9136.066895646978,8820.88796420354,8721.47508058123,8837.526192571726,8514.50999280801,8876.23968182605
8740.045645754151,8744.36200973819,9046.978678864261,9375.674983142151,9161.184592263013,9136.164886289524,8820.950189916315,8721.53711671271,8837.594292841146,8514.5693468934,8876.324008812608
8740.150858188741,8744.43335973172,9047.090641268305,9375.78121827854,9161.286076629876,9136.260246884789,8821.010683767054,8721.59744374629,8837.660587972301,8514.62713921684,8876.406149526149
8740.253330183408,8744.502769271943,9047.199651772778,9375.884633130208,9161.384845606051,9136.353048078432,8821.069493991889,8721.656108825426,8837.725125913323,8514.683410977714,8876.486160787801
8740.353133163724,8744.570291159163,9047.30578825162,9375.985302555722,9161.480971898947,9136.443358615052,8821.126667486478,8721.713157774406,8837.787953339131,8514.73820227996,8876.564097943861
8740.450336693417,8744.635976749554,9047.409126507091,9376.083299520616,9161.574526261093,9136.531245390419,8821.182249833751,8721.76863516725,8837.849115673991,8514.791552168477,8876.640014886289
8740.545008519974,8744.69987600619,9047.509740353826,9376.178695033479,9161.665577552953,9136.616773500762,8821.23628534739,8721.8225843312,8837.9086571361,8514.843498649343,8876.713964108641
8740.637214622586,8744.762037527084,9047.607701645575,9376.271558202023,9161.754192785182,9136.700006291538,8821.288817105027,8721.87504740998,8837.966620759758,8514.894078726707,8876.785996726181
8740.727019260707,8744.822508590674,9047.703080349725,9376.361956299335,9161.840437175275,9136.78100540473,8821.339886983022,8721.926065372969,8838.023048438688,8514.943328419447,8876.856162527962
8740.814485013936,8744.881335185295,9047.795944577489,9376.44995481426,9161.924374190443,9136.859830824365,8821.389535687886,8721.975678064326,8838.077980943497,8514.991282798575,8876.92450999695
8740.899672833886,8744.938562049105,9047.886360649918,9376.53561746834,9162.006065598323,9136.936540921983,8821.437802790213,8722.023924224648,8838.131457966303,8515.037976000513,8876.991086358097
8740.982642075913,8744.994232701234,9047.974393130884,9376.619006299477,9162.085571510546,9137.011192499003,8821.48472676524,8722.07084152503,8838.18351813404,8515.083441264818,8877.055937598865
8741.063450554479,8745.048389476131,9048.060104885506,9376.70018172126,9162.162950427719,9137.083840830494,8821.530345021794,8722.116466598338,8838.234199052793,8515.127710944998,8877.119108513078
8741.142154567446,8745.101073556618,9048.143557115294,9376.779202517995,9162.238259283742,9137.154539704556,8821.574693906261,8722.160835062055,8838.28353731949,8515.17081654514,8877.180642722265
8741.218808953327,8745.152325002626,9048.224809409847,9376.856125930723,9162.311553485304,9137.223341464436,8821.617808752862,8722.20398155585,8838.331568564014,8515.21278872985,8877.240582715114
8741.293467111225,8745.202182786394,9048.30391978363,9376.931007658735,9162.38288695696,9137.290297045152,8821.659723923709,8722.245939756347,8838.378327461054,8515.25365735896,8877.298969869971
8741.36618105635,8745.25068481557,9048.380944721692,9377.00390192278,9162.452312175374,9137.355456013966,8821.700472818755,8722.286742418406,8838.423847769063,8515.293451496998,8877.355844489735
8741.437001438924,8745.29786797076,9048.455939217603,9377.074861496465,9162.519880215188,9137.418866604457,8821.74008790991,8722.326421384216,8838.468162341838,8515.332199445953,8877.411245825875
8741.5059775964,8745.343768122977,9048.528956813872,9377.143937755529,9162.58564077822,9137.480575755444,8821.778600751359,8722.365007626351,8838.511303165602,8515.369928754346,8877.465212108576
8741.573157571955,8745.388420173414,9048.600049640649,9377.211180709024,9162.649642240149,9137.540629142639,8821.816042024282,8722.40253125306,8838.553301369328,8515.406666248124,8877.517780572633
8741.638588163309,8745.431858066768,9048.669268451431,9377.27663904266,9162.711931674883,9137.599071216073,8821.852441569361,8722.439021551585,8838.5941872605,8515.4424380394,8877.568987482671
8741.702314941082,8745.474114830362,9048.736662662195,9377.340360144546,9162.772554902069,9137.6559452295,8821.887828382993,8722.474506991157,8838.633990334336,8515.477269555531,8877.61886816123
8741.764382294152,8745.515222586464,9048.80228038293,9377.40239014408,9162.831556506824,9137.71129327639,8821.92223065259,8722.5090152654,8838.672739307967,8515.511185547595,8877.667457008913
8741.824833448118,8745.55521258918,9048.86616845688,9377.462773944466,9162.888979888006,9137.7651563172,8821.95567578247,8722.54257329416,8838.710462129082,8515.544210117698,8877.7147875349
8741.883710507118,8745.594115236348,9048.928372488415,9377.521555253184,9162.944867273969,9137.817574213997,8821.988190413655,8722.575207263715,8838.747186008273,8515.576366727242,8877.760892372158
8741.941054472676,8745.631960104109,9048.988936882113,9377.578776617927,9162.99925977051,9137.868585755747,8822.01980044138,8722.606942630635,8838.782937427299,8515.607678222545,8877.80580330988
8741.996905281881,8745.668775958588,9049.047904867397,9377.63447945399,9163.05219737442,9137.918228691608,8822.050531044973,8722.637804154532,8838.817742169676,8515.638166842917,8877.849551305415
8742.051301826876,8745.70459078809,9049.10531853725,9377.688704077924,9163.103719019426,9137.966539754363,8822.080406705416,8722.667815908955,8838.851625328458,8515.667854244659,8877.89216651605
8742.104281989308,8745.739431814744,9049.161218869984,9377.7414897344,9163.15386258898,9138.013554692436,8822.10945122067,8722.69700130481,8838.884611335312,8515.69676150899,8877.933678310284
8742.155882660692,8745.773325524295,9049.215645767421,9377.792874626524,9163.202664959663,9138.059308291597,8822.137687718045,8722.725383107656,8838.916723967708,8515.72490916449,8877.974115297655
8742.206139773087,8745.80629767788,9049.268638074132,9377.842895941267,9163.25016201342,9138.10383440574,8822.165138676344,8722.752983453654,8838.947986376636,8515.752317194909,8878.013505339823
8742.25508832052,8745.838373339362,9049.32023361493,9377.891589877034,9163.2963886785,9138.147165976978,8822.191825962927,8722.779823871268,8838.978421093236,8515.779005060098,8878.051875578352
8742.302762385825,8745.869576887419,9049.37046921188,9377.93899167057,9163.341378941248,9138.189335065234,8822.217770829891,8722.80592529174,8839.008050055183,8515.804991703759,8878.089252445812
8742.349195163364,8745.899932040378,9049.41938072097,9377.985135622937,9163.385165884642,9138.230372866807,8822.242993938708,8722.831308073528,8839.036894612911,8515.8302955729,8878.125661691405
8742.394418981938,8745.929461868753,9049.46700304719,9378.030055124073,9163.427781699702,9138.270309742846,8822.267515375319,8722.855992008903,8839.06497555461,8515.854934625551,8878.161128392314
8742.438465328998,8745.958188817584,9049.513370180255,9378.073782676744,9163.469257721712,9138.309175236487,8822.291354658726,8722.879996349802,8839.092313112045,8515.878926348822,8878.19567697706
8742.481364869593,8745.986134719522,9049.558515207993,9378.116349920887,9163.509624441347,9138.346998100238,8822.314530772222,8722.903339811795,8839.118926984345,8515.902287766588,8878.229331237308
8742.523147472239,8746.013320814664,9049.602470351047,9378.15778765528,9163.548911538615,9138.38380631179,8822.33706217811,8722.92604060037,8839.144836343488,8515.925035456206,8878.262114348858
8742.563842223844,8746.03976776433,9049.645266974774,9378.19812585998,9163.58714789376,9138.419627100342,8822.358966811673,8722.948116413223,8839.17005985681,8515.947185556197,8878.294048884103
8742.603477457295,8746.065495668347,9049.686935622885,9378.23739372091,9163.62436161904,9138.454486961193,8822.380262113667,8722.96958446622,8839.194615692173,8515.968753781668,8878.325156830548
8742.642080762933,8746.090524079644,9049.727506028028,9378.275619645861,9163.660580069436,9138.488411681037,8822.400965038056,8722.990461494755,8839.218521539364,8515.98975543202,8878.355459604116
8742.679679016659,8746.114872018978,9049.767007144294,9378.31283129246,9163.69582987233,9138.521426351408,8822.421092067716,8723.010763778653,8839.241794614885,8516.010205405117,8878.384978065103
8742.71629838971,8746.138557990445,9049.80546715669,9378.349055578905,9163.730136938095,9138.553555393006,8822.440659226642,8723.030507144049,8839.264451682304,8516.030118205043,8878.413732532517
8742.7519643757,8746.161599993644,9049.842913512475,9378.384318713872,9163.763526487724,9138.584822568053,8822.459682092809,8723.04970698494,8839.286509056728,8516.04950795506,8878.441742797364
8742.78670179995,8746.18401554019,9049.87937292964,9378.418646204544,9163.796023063365,9138.615251003694,8822.47817581024,8723.068378268299,8839.307982624132,8516.068388405429,8878.469028138192
8742.820534844908,8746.205821663314,9049.914871427061,9378.452062885792,9163.827650553954,9138.644863203332,8822.496155101333,8723.086535550188,8839.32888784557,8516.086772945213,8878.495607331644
8742.853487059292,8746.227034935433,9049.94943433214,9378.484592928164,9163.85843220574,9138.67368106915,8822.513634278801,8723.104192985098,8839.349239775484,8516.104674610164,8878.521498669295
8742.885581381846,8746.247671475405,9049.98308630975,9378.516259864758,9163.888390646007,9138.701725912484,8822.53062725707,8723.121364337048,8839.369053065697,8516.12210609343,8878.546719965663
8742.916840150425,8746.267746966661,9050.015851369128,9378.547086599641,9163.917547893609,9138.72901847549,8822.547147563237,8723.138062991997,8839.38834198277,8516.139079753508,8878.571288575844
8742.947285124044,8746.287276663092,9050.047752891633,9378.577095432804,9163.945925380842,9138.755578940654,8822.563208347783,8723.154301965253,8839.407120411763,8516.155607623901,8878.595221402013
8742.97693749205,8746.30627540659,9050.078813637,9378.606308068138,9163.973543964039,9138.7814269516,8822.578822395202,8723.170093915858,8839.425401872692,8516.171701421157,8878.618534910573
8743.005817894416,8746.324757632621,9050.109055769897,9378.634745637377,9164.00042394366,9138.8065816218,8822.594002134134,8723.185451151337,8839.443199524067,8516.187372553497,8878.641245138342
8743.033946431113,8746.342737386702,9050.138500865627,9378.662428707139,9164.026585074957,9138.831061554583,8822.608759647348,8723.200385643195,8839.460526178518,8516.20263212897,8878.66336770864
8743.06134268062,8746.360228329813,9050.167169935507,9378.689377302027,9164.052046586341,9138.854884851076,8822.62310668145,8723.21490902982,8839.47739430612,8516.21749096309,8878.684917837389
8743.088025709623,8746.377243753828,9050.195083432087,9378.715610911077,9164.07682719018,9138.878069129452,8822.637054655992,8723.229032632456,8839.493816049202,8516.231959587098,8878.705910348071
8743.1140140897,8746.393796586848,9050.22226127337,9378.74114850968,9164.10094509948,9138.900631532157,8822.65061467269,8723.242767456879,8839.509803225497,8516.246048254667,8878.726359677885
8743.139325907461,8746.409899407532,9050.248722847624,9378.766008565832,9164.124418038824,9138.92258874441,8822.663797524383,8723.256124209322,8839.525367342183,8516.259766950268,8878.746279891502
8743.16397877934,8746.425564450456,9050.274487036448,9378.790209060744,9164.147263259456,9138.943957000787,8822.676613703354,8723.269113297458,8839.540519598842,8516.273125394988,8878.765684687376
8743.187989862323,8746.440803619325,9050.299572219235,9378.813767494903,9164.169497550365,9138.964752103004,8822.689073409809,8723.281744845839,8839.55527090079,8516.286133054988,8878.784587410273
8743.211375866827,8746.455628492435,9050.323996295134,9378.836700907537,9164.191137251843,9138.984989425875,8822.701186560695,8723.294028696739,8839.56963186186,8516.298799146483,8878.803001057835
8743.234153068071,8746.470050334749,9050.347776687195,9378.859025882328,9164.212198266716,9139.004683934425,8822.712962796184,8723.30597442434,8839.583612817041,8516.311132644305,8878.820938291821
8743.256337317027,8746.484080103517,9050.370930363242,9378.880758565925,9164.232696072431,9139.023850189273,8822.724411489447,8723.317591336834,8839.597223825116,8516.323142286068,8878.838411445036
8743.277944052534,8746.49772845923,9050.393473839775,9378.90191467326,9164.252645732475,9139.042502363085,8822.7355417514,8723.328888487475,8839.610474680625,8516.334836580843,8878.855432531222
8743.2989883103,8746.511005771443,9050.415423201764,9378.922509505175,9164.272061907026,9139.06065424543,8822.746362440928,8723.339874679454,8839.623374916373,8516.34622381254,8878.872013252472
8743.31948473585,8746.523922128585,9050.436794106376,9378.942557953398,9164.290958864565,9139.07831925859,8822.756882168886,8723.350558473603,8839.635933814763,8516.357312048673,8878.888165007711
8743.339447591527,8746.536487344081,9050.457601801589,9378.962074517269,9164.309350491163,9139.095510461937,8822.767109307846,8723.360948195403,8839.648160410175,8516.368109143114,8878.903898900677
8743.35889077029,8746.548710964986,9050.477861130155,9378.981073308469,9164.327250302296,9139.11224056713,8822.777051996183,8723.371051940181,8839.6600634997,8516.378622744704,8878.91922574696
8743.37782780112,8746.560602278449,9050.497586546458,9378.999568066854,9164.34467145081,9139.128521942032,8822.7867181469,8723.380877581545,8839.671651645385,8516.388860299703,8878.93415608265
8743.396271862859,8746.572170319188,9050.51679212126,9379.017572164943,9164.361626738944,9139.14436662531,8822.796115451847,8723.390432774746,8839.682933184416,8516.398829060008,8878.948700169865
8743.414235789009,8746.583423876336,9050.535491556677,9379.035098622922,9164.378128625041,9139.159786329972,8822.805251389818,8723.39972496597,8839.69391623127,8516.408536085475,8878.962868006114
8743.431732080935,8746.594371499745,9050.553698191645,9379.052160112886,9164.39418923578,9139.174792457325,8822.81413323063,8723.408761394416,8839.704608687272,8516.417988251693,8878.976669328515
8743.448772912465,8746.60502150728,9050.571425015187,9379.068768973068,9164.409820371666,9139.189396100235,8822.82276804273,8723.417549101989,8839.715018242781,8516.427192252198,8878.990113623433
8743.465370142309,8746.615381989925,9050.588684672468,9379.084937211841,9164.42503351949,9139.203608056387,8822.831162697039,8723.426094934533,8839.725152386065,8516.436154605828,8879.00321013004
8743.481535318571,8746.625460819576,9050.605489476555,9379.100676521226,9164.43983985669,9139.217438831363,8822.839323874143,8723.434405551574,8839.73501840557,8516.444881658845,8879.015967849617
8743.497279690338,8746.635265652963,9050.621851414935,9379.115998280657,9164.454250263883,9139.2308986512,8822.84725806797,8723.44248742704,8839.744623398123,8516.453379591865,8879.028395548947
8743.51261421218,8746.644803939911,9050.637782159916,9379.130913569794,9164.468275328485,9139.2439974653,8822.854971592495,8723.450346858803,8839.75397427129,8516.461654421928,8879.040501769045
8743.527549554892,8746.654082926318,9050.653293075506,9379.145433172089,9164.481925356813,9139.256744958331,8822.862470585364,8723.457989969138,8839.763077750951,8516.469712009004,8879.052294828523
8743.542096110052,8746.663109662431,9050.668395226621,9379.159567586932,9164.495210377469,9139.269150552976,8822.86976101408,8723.46542271377,8839.771940383716,8516.47755805801,8879.063782831685
8743.556263999883,8746.67189100547,9050.683099386213,9379.173327033024,9164.508140152779,9139.281223421203,8822.876848679567,8723.472650882784,8839.780568543925,8516.485198124932,8879.07497367193
8743.570063081934,8746.68043362748,9050.697416043438,9379.18672145989,9164.520724182046,9139.292972486872,8822.883739221894,8723.479680108014,8839.788968436118,8516.492637618778,8879.085875039193
8743.583502958052,8746.688744017878,9050.71135541094,9379.199760551062,9164.53297171233,9139.3044064364,8822.890438123735,8723.486515865505,8839.797146101497,8516.499881807333,8879.096494423446
8743.59659297923,8746.696828490803,9050.724927432075,9379.212453735017,9164.544891741578,9139.315533721247,8822.8969507157,8723.493163480833,8839.805107420421,8516.506935819076,8879.10683912145
8743.60934225367,8746.704693187596,9050.738141788326,9379.224810188161,9164.55649302879,9139.326362567996,8822.903282179679,8723.499628132993,8839.812858118377,8516.513804648552,8879.116916240415
8743.621759651882,8746.712344083684,9050.751007905668,9379.23683884521,9164.567784097026,9139.336900980716,8822.909437553799,8723.50591485804,8839.820403768505,8516.52049315828,8879.126732704044
8743.633853813795,8746.719786991025,9050.763534962043,9379.248548402016,9164.578773242987,9139.347156750508,8822.91542173567,8723.512028553972,8839.827749797092,8516.527006083756,8879.136295256389
8743.645633154138,8746.727027564495,9050.775731892985,9379.259947325405,9164.589468539933,9139.357137457748,8822.921239486986,8723.51797398313,8839.83490148612,8516.533348035344,8879.14561046716
8743.657105868628,8746.73407130435,9050.787607399081,9379.271043855846,9164.599877846664,9139.366850481114,8822.92689543668,8723.523755777709,8839.841863978338,8516.539523502946,8879.154684735859
8743.66827993967,8746.740923562096,9050.799169950955,9379.281846016784,9164.610008810385,9139.376302999715,8822.932394085185,8723.529378441273,8839.848642279787,8516.545536857866,8879.163524296302
8743.679163141594,8746.747589543022,9050.810427796663,9379.292361617167,9164.619868875116,9139.385502001653,8822.937739807507,8723.534846354596,8839.855241264502,8516.551392357154,8879.172135221084
8743.689763046721,8746.754074311535,9050.82138896612,9379.302598260289,9164.629465284495,9139.394454286023,8822.942936857156,8723.540163776577,8839.861665677021,8516.557094145468,8879.180523425299
8743.700087029634,8746.760382793784,9050.832061278392,9379.31256334617,9164.638805089657,9139.403166471018,8822.947989369144,8723.545334850181,8839.86792013672,8516.562646259095,8879.188694671373
8743.710142273672,8746.76651978247,9050.842452345616,9379.322264079965,9164.647895151991,9139.41164499585,8822.95290136361,8723.550363602972,8839.874009140292,8516.568052627808,8879.196654571966
8743.719935774208,8746.77248993959,9050.852569580189,9379.331707474195,9164.656742150477,9139.419896128391,8822.95767674874,8723.555253952989,8839.879937065778,8516.57331707859,8879.20440859519
8743.72947434556,8746.778297800707,9050.862420198213,9379.340900356725,9164.665352584429,9139.427925967015,8822.962319324106,8723.560009709061,8839.885708174992,8516.578443337487,8879.21196206682
8743.738764623522,8746.78394777784,9050.872011226556,9379.349849372871,9164.673732780318,9139.435740447832,8822.966832783513,8723.56463457645,8839.891326617242,8516.583435033035,8879.219320175602
8743.747813072212,8746.789444163202,9050.881349505906,9379.35856099297,9164.681888894507,9139.443345346419,8822.971220718078,8723.569132157281,8839.896796431747,8516.588295698124,8879.226487975186
8743.756625986398,8746.794791132252,9050.890441697655,9379.367041514375,9164.68982691956,9139.450746284685,8822.97548661898,8723.573505955424,8839.902121551047,8516.593028773143,8879.233470389188
8743.765209497977,8746.799992746899,9050.899294286612,9379.375297068618,9164.697552686988,9139.457948732508,8822.979633880315,8723.577759377662,8839.907305803394,8516.59763760785,8879.240272213065
8743.773569578236,8746.80505295874,9050.907913587702,9379.383333623306,9164.705071873073,9139.464958014225,8822.983665801767,8723.581895737341,8839.912352915895,8516.602125464253,8879.246898118852
8743.78171204392,8746.80997561173,9050.916305748377,9379.39115698892,9164.712390001623,9139.471779310203,8822.987585591218,8723.585918256495,8839.917266516857,8516.60649551848,8879.25335265703
8743.789642559468,8746.814764445617,9050.92447675511,9379.398772820594,9164.719512449337,9139.478417662962,8822.991396367357,8723.589830068358,8839.922050138695,8516.610750863403,8879.259640260912
8743.797366642668,8746.81942309808,9050.932432435555,9379.406186624565,9164.72644444856,9139.48487797868,8822.995101162078,8723.59363422019,8839.926707220226,8516.614894510534,8879.265765248534
8743.804889666892,8746.823955108397,9050.940178464818,9379.41340375986,9164.733191092211,9139.491165032989,8822.998702923007,8723.597333674945,8839.931241109343,8516.618929392387,8879.271731826631
8743.812216866325,8746.828363919036,9050.947720367394,9379.420429444412,9164.739757336569,9139.497283472387,8823.002204515695,8723.600931314551,8839.935655065272,8516.622858364397,8879.277544092625
8743.819353338245,8746.83265287952,9050.955063523219,9379.427268756646,9164.746148005745,9139.50323781974,8823.005608726095,8723.604429940986,8839.939952261038,8516.626684207034,8879.283206038519
8743.826304047809,8746.836825247665,9050.962213169403,9379.43392664129,9164.75236779452,9139.509032475624,8823.008918262549,8723.607832279784,8839.944135785658,8516.630409627754,8879.288721552284
8743.833073830388,8746.840884193338,9050.969174406064,9379.440407910864,9164.75842127239,9139.514671723518,8823.012135758201,8723.611140980707,8839.948208646423,8516.634037262877,8879.294094422168
8743.839667395936,8746.844832799632,9050.975952197878,9379.446717251192,9164.764312886438,9139.520159731095,8823.015263772808,8723.614358621373,8839.952173771037,8516.637569679548,8879.299328337427
8743.846089331395,8746.848674066394,9050.982551379699,9379.452859222822,9164.770046964986,9139.525500555119,8823.018304795092,8723.617487707628,8839.95603400972,8516.641009377408,8879.30442689285
8743.852344104613,8746.85241091137,9050.988976657949,9379.458838266235,9164.775627720492,9139.530698142684,8823.02126124438,8723.620530677168,8839.959792137284,8516.64435879058,8879.3093935892
8743.858436066881,8746.856046173503,9050.995232616013,9379.464658703193,9164.781059252822,9139.535756335845,8823.024135472886,8723.623489899763,8839.963450855099,8516.64762028911,8879.314231837614
8743.864369456383,8746.859582614064,9051.001323715496,9379.470324741687,9164.786345552204,9139.540678872792,8823.026929767217,8723.626367680767,8839.967012793071,8516.650796180997,8879.318944960052
8743.87014840088,8746.863022919719,9051.007254301398,9379.475840477202,9164.791490502106,9139.545469392237,8823.029646350573,8723.6291662613,8839.970480511483,8516.653888713417,8879.323536193377
8743.875776920682,8746.86636970366,9051.013028603236,9379.481209897407,9164.796497882246,9139.550131434527,8823.032287384114,8723.63188782148,8839.973856502918,8516.65690007478,8879.328008689952
8743.881258931515,8746.869625508441,9051.018650740018,9379.48643688336,9164.801371371115,9139.554668445793,8823.034854969108,8723.634534480901,8839.977143193946,8516.659832395766,8879.332365521204
8743.88659824701,8746.872792807126,9051.024124721267,9379.49152521395,9164.80611454904,9139.559083779011,8823.037351148152,8723.637108301136,8839.980342946992,8516.662687751397,8879.336609678641
8743.891798581764,8746.875874005877,9051.029454451746,9379.496478567036,9164.810730900352,9139.563380697924,8823.039777907268,8723.639611286859,8839.9834580619,8516.6654681619,8879.340744076659
8743.896863553344,8746.878871445144,9051.03464373242,9379.501300523658,9164.8152238165,9139.567562378053,8823.042137176995,8723.64204538758,8839.986490777745,8516.668175594785,8879.344771554132
8743.90179668555,8746.88178740202,9051.039696264961,9379.505994569112,9164.819596597905,9139.571631910412,8823.04443083443,8723.644412499249,8839.989443274262,8516.670811965556,8879.348694876466
8743.90660140997,8746.88462409146,9051.044615652629,9379.510564096954,9164.823852457113,9139.575592302463,8823.046660704205,8723.646714465433,8839.992317673614,8516.673379139778,8879.352516737661
8743.911281069391,8746.887383668398,9051.049405404556,9379.515012410004,9164.827994520334,9139.579446481624,8823.048828560466,8723.648953079235,8839.995116041704,8516.675878933685,8879.356239761786
8743.915838919045,8746.89006822903,9051.054068936584,9379.519342724147,9164.832025830654,9139.583197296197,8823.050936127747,8723.651130084063,8839.997840389895,8516.678313116157,8879.359866505334
8743.92027812994,8746.892679812681,9051.058609575333,9379.523558169281,9164.835949349264,9139.58684751867,8823.05298508289,8723.653247175731,8840.000492676205,8516.68068340931,8879.363399458285
8743.924601790035,8746.895220403163,9051.06303055897,9379.527661792923,9164.839767958725,9139.590399846604,8823.054977055826,8723.655306002936,8840.003074806973,8516.68299149036,8879.36684104664
8743.928812907394,8746.897691930386,9051.067335041087,9379.531656561108,9164.843484463956,9139.593856905758,8823.056913631433,8723.657308169477,8840.005588637974,8516.685238992177,8879.37019363316
8743.9329144113,8746.900096271811,9051.071526091426,9379.5355453618,9164.847101595416,9139.597221250924,8823.058796350217,8723.65925523451,8840.008035976018,8516.687427505069,8879.37345952
8743.936909155236,8746.902435253804,9051.075606699545,9379.539331005748,9164.850622010019,9139.600495368904,8823.060626710143,8723.66114871478,8840.010418579968,8516.689558577287,8879.376640949222
8743.940799917978,8746.90471065317,9051.079579775545,9379.543016229716,9164.854048294153,9139.603681679288,8823.062406167204,8723.662990084784,8840.012738162299,8516.69163371673,8879.379740105438
8743.944589406361,8746.90692419829,9051.083448153455,9379.546603697301,9164.857382964534,9139.606782537261,8823.064136137213,8723.664780778936,8840.014996390033,8516.693654391427,8879.382759116192
8743.948280256394,8746.90907757072,9051.08721459206,9379.550096001989,9164.860628471073,9139.60980023437,8823.065817996288,8723.666522191676,8840.017194886235,8516.695622031133,8879.385700054554
8743.951875035802,8746.91117240609,9051.090881777933,9379.553495667922,9164.863787197699,9139.612737001155,8823.067453082595,8723.668215679521,8840.019335230885,8516.697538027815,8879.388564939407
