  0.0,  0.0,  0.0,  0.0
0.027863542744582075,0.028041958966246998,0.028256374834510385,0.028873876063359925
0.05794392994660777,0.05827995311912387,0.05869784276787976,0.059923324296720704
0.08986129581025251,0.0903497460400718,0.0909551917150105,0.09278625790652767
0.12349222544877148,0.12413574374800805,0.12491291988152037,0.12736036088861694
0.15888238157775378,0.15968705041742753,0.16062242447899924,0.16371268644713033
0.19618884523039232,0.19716178892885283,0.19824476340232,0.20202053811271653
0.23564288403107944,0.236790981747665,0.238013740704546,0.2425336930999864
0.27752656562861766,0.2788557664826754,0.28021275819780367,0.285550974522916
0.3221586557155625,0.32367360022187314,0.3251608899168018,0.3314063657988042
0.3698867001658033,0.37159048061834554,0.3732050912111944,0.3804614220114986
0.421083205699488,0.4229771715256148,0.4247164660200451,0.43310181214438226
0.4761445299721259,0.4782280888925579,0.4800892099910036,0.48973656106978036
0.5354915662413247,0.5377619553449529,0.5397413200032732,0.5507990572751329
0.5995716281089507,0.6020236406652721,0.604116479321293,0.6167492254041107
0.6688611530614039,0.6714868147055529,0.6736867403863946,0.6880764832413158
0.7438689877613482,0.7466571777300377,0.748955770219159,0.7653032496311151
0.8251401130582393,0.8280761263874298,0.8304625177353882,0.8489888674358315
0.9132597302714808,0.916324777748836,0.918785225955416,0.9397338674501323
1.0088576717783264,1.0120283130567937,1.0145457525823194,1.0381845436755612
1.1126131297149555,1.1158606326356977,1.1184141911550949,1.1450378356422815
1.2252597090702646,1.2285493307596567,1.2311138020465673,1.2610465327594917
1.3475908329246642,1.3508810129615638,1.353426277261402,1.3870248246287948
1.4804655290136837,1.483706986506716,1.4861973696146973,1.523854241146614
1.6248146377757005,1.6279493621567158,1.6303429214591514,1.6724900113091798
1.781647486125719,1.7846076097952097,1.7868553399251565,1.8339679035565055
1.9520590729040177,1.9547656116289285,1.9568105666702786,2.009411567747226
2.1372378164584687,2.139599270791213,2.1413755770645606,2.2000404805864733
2.3384739362764932,2.340384725040212,2.341816484721126,2.4071785070532683
2.5571685282210597,2.5585072747385174,2.5595073732313067,2.6322632439077727
2.793303412203699,2.793964491582189,2.794501447818644,2.8752735801943174
3.046851068843747,3.0467470989590053,3.0468506751921227,3.1361824627455404
3.319346340913574,3.3183756017088943,3.3180724239537804,3.4165683876085806
3.612413689149659,3.6104589900748065,3.6097735076227355,3.718100261802313
3.927780072918848,3.924707451718394,3.923662793098994,4.042550926987433
4.26728739191266,4.262944646782945,4.261563406144044,4.391810141198173
4.6329049328651815,4.627119980697386,4.625424957962892,4.7678975045941465
5.026742092664902,5.019321150462486,5.017336056001036,5.172975589720097
5.451061581257568,5.44178712038666,5.439537290497428,5.60936355806526
5.9082931721611684,5.896921694142723,5.894434770377952,6.079551290980437
6.401048302130308,6.387307857670846,6.384614497229993,6.586214367393477
6.932135464546262,6.915722919847031,6.912857528761951,7.132229760365319
7.504576649309484,7.485154688723691,7.482156170039524,7.720692748891084
8.121624534742821,8.098818259692415,8.095730921518838,8.35493466372559
8.786781660066811,8.76017516276251,8.757049335682463,9.038541928897585
9.503820057030735,9.472952207233778,9.469845414876506,9.775376527723283
10.276802667753989,10.241162846707077,10.238140669571374,10.569597864716307
11.11010646079762,11.069129738272215,11.066266914638124,11.425686189150104
12.008447047362688,11.961508926229357,11.958890528291484,12.348467703931568
12.9769052031808,12.923315871870976,12.92103855923853,13.343141495204053
14.020955341120617,13.959953377107656,13.95812680395928,14.415309155031576
15.146496129846186,15.077241621863077,15.075989955478283,15.571005153311065
16.359883403722726,16.281450439245436,16.280914022914615,16.816730831580443
17.66796557078301,17.579333991984015,17.57967119802702,18.15949044007744
19.078121576433936,18.97816807493163,18.979557285815034,19.606829575982964
20.59830187875198,20.48579016858913,20.48843195066172,21.166877001835438
22.237072372539963,22.110642532444324,22.1147620690839,22.84838980209999
24.003661644564975,23.86181846552835,23.86766820086514,24.660800825527993
25.90801175221845,25.749112053711734,25.75697458299927,26.614270598728
27.96083280777564,27.78307159468441,27.793262830076525,28.719742836600382
30.173661501961746,29.975056954466794,29.987929538097976,30.98900405807637
32.558924140934096,32.3373011957935,32.353248452486724,33.434747574390535
35.13000417569343,34.8829767655146,34.90243668934957,36.070642179512724
37.90131473740162,37.62626620969591,37.64972623352911,38.91140577864663
40.888376454345895,40.58243896357004,40.61044103853301,41.97288460342998
44.10790091127332,43.76793052736802,43.801076206378,45.27213790052121
47.577880121158046,47.200435049100534,47.23939175892065,48.82752871339428
51.3176824068802,50.89899387549,50.944501340441064,52.65882127109161
55.34815498922652,54.88409833518982,54.93697573872778,56.787285121395726
59.69173431148082,59.17779694249431,59.23895076877631,61.23580690675486
64.37256297440399,63.80381018485801,63.87424329919226,66.02900906250288
69.41661569848023,68.7876529808714,68.86847172090262,71.1933766749988
74.8518343386753,74.1567671925299,74.24919434877864,76.75739714235286
80.70827013680912,79.94066032380842,80.04604443312301,82.75170062762336
87.01823840684571,86.17105545211238,86.29088306069457,89.20921746967184
93.49775055916851,92.56694932442868,92.70104528673632,95.83279268575114
99.84555175948142,98.83050537784794,98.97700966296131,102.30820512736332
106.06926660027162,104.96936763835183,105.12652232723354,108.64395062570458
112.17582711460493,110.99048222474042,111.15661986067718,114.84774094933366
118.1715540334718,116.90017943769092,117.0737131211599,120.92659709835522
124.06222184873126,122.70423966307544,122.88365451832681,126.88692447548874
129.85311356000668,128.40794889304163,128.5917946606573,132.73457629088995
135.5490681405555,134.01614687583074,134.203031456566,138.47490852993366
141.1545224214999,139.53326959077833,139.7218534073374,144.112828380745
146.67354844066267,144.96338709891418,145.1523781691711,149.65283731049075
152.10988695859675,150.31023748253241,150.49838711372985,155.09906960520507
157.46697766100453,155.57725739738893,155.7633564270515,160.45532698085432
162.74798644336653,160.7676096487813,160.95048516292474,165.72510973903042
167.95583011340403,165.88420812397806,166.06272059926698,170.9116448636746
173.09319877437977,170.92974037253504,171.10278118328347,176.0179113888973
178.16257613132325,175.90668805591764,176.07317730919533,181.04666331450022
183.1662579325718,180.81734549897342,180.9762301508212,186.00045032707033
188.10636870585677,185.6638365249578,185.81408874508776,190.88163655121315
192.98487697793485,190.44812972334205,190.588745479033,195.69241750667504
197.80360908980975,195.1720523212956,195.30205014147523,200.4348354562143
202.5642617840154,199.8373027717008,199.95572267925348,205.11079330517566
207.26841361865638,204.44546218996584,204.55136479464218,209.72206720458502
211.91753535616954,208.99800475721307,209.09047042875497,214.2703179204617
216.51299941900456,213.49630713645223,213.57443532031235,218.75710117237725
221.05608848234493,217.9416570573846,218.00456566765044,223.18387698012276
225.54800328933848,222.33526110475833,222.38208600003836,227.55201813788466
229.9898697612036,226.67825180039776,226.7081463164905,231.8628178776207
234.3827454644036,230.97169402617456,230.98382858212204,236.11749683445328
238.72762549661098,235.21659088595942,235.21015262128662,240.317209344792
243.0254478436175,239.41388901231957,239.38808147335902,244.46304915776074
247.2770982498452,243.56448338328704,243.5185262618768,248.5560546153606
251.48341460991207,247.6692217498969,247.60235059479686,252.59721332938966
255.64519105333574,251.72890857463574,251.64037459231326,256.58746645292473
259.7631815952554,255.7443086920547,255.63337854002276,260.5277125257634
263.8381034812555,259.716150605566,259.58210619031024,264.4188109823312
267.8706402293511,263.6451294854254,263.4872677906462,268.26158534703944
271.86144438846895,267.5319099115849,267.34954286337904,272.05682603193037
275.81113982705574,271.3771283181179,271.16958237512813,275.8052928999345
279.7203247281691,275.18139509264176,274.94801169135576,279.5077180979963
283.5895728513342,278.94529722844334,278.6854319802395,283.1648075401904
287.41943584111715,282.6693994375117,282.38242230719754,286.7772432297007
291.2104449090369,286.3542462449568,286.0395413640115,290.34568499146053
294.963112417097,290.0003634807368,289.6573290113147,293.8707720718253
298.6779332662255,293.60825969527536,293.2363076536049,297.35312456560456
302.35538622412116,297.1784273964715,296.77698351557484,300.79334480363667
305.99593519594424,300.7113442312576,300.2798479384717,304.1920186547019
309.6000301600889,304.2074741623458,303.7453783007176,307.54971633242917
313.16810826128057,307.66726825699914,307.1740388554621,310.8669935200714
316.70059470746503,311.09116553132174,310.5662819304391,314.1443925385348
320.1979035346311,314.479594040159,313.92254853042067,317.3824428394451
323.66043845360844,317.8329713457925,317.24326915357733,320.5816620137679
327.08859342177755,321.15170535090925,320.52886441247153,323.74255631351355
330.4827533503468,324.4361947953129,323.77974562878774,326.8656213432433
333.8432946500358,327.68682985850074,326.9963154193688,329.95134259853467
337.1705857509744,330.9039926665041,330.17896819480706,333.0001960724511
340.46498753517176,334.088057754495,333.32809062327374,336.0126486726232
343.72685389902995,337.23939249152266,336.4440620542936,338.98915868462734
346.95653208349495,340.3583574690685,339.52725490568025,341.9301761663321
350.1543630099723,343.445306868606,342.5780350156738,344.8361433233863
353.3206815941019,346.5005886976019,345.59676191733513,347.70749484768
356.4558169074952,349.5245452627338,348.58378929899663,350.54465822935765
359.5600929217453,352.5175133121454,351.53946514353265,353.34805404229576
362.6338283746156,355.4798243870615,354.46413200350423,356.118096147624
365.67733711071753,358.41180491117785,357.3581272212356,358.85519209688925
368.69092833052906,361.3137764286829,360.22178289783153,361.5597433283632
371.6749066628828,364.18605577846836,363.05542668304554,364.2321451909084
374.62957238838595,367.0289555260896,365.8593814920172,366.87278732202105
377.5552217965038,369.842783862347,368.6339657865661,369.48205348388785
380.45214740541905,372.62784483521773,371.37949372502965,372.06032229009315
383.32063755421507,375.38443850821835,374.0962753308299,374.6079670412507
386.16097698989927,378.1128610275812,376.78461647987217,377.12535584901855
388.973446875234,380.81340471467695,379.44481918138456,379.61285184307053
391.7583248851872,383.4863583183136,382.0771817876039,382.07081330189095
394.51588540100533,386.1320072064766,384.6819990608941,384.49959365613904
397.2463995270391,388.7506332719373,387.25956183520873,386.89954165277754
399.95013519734766,391.342514813143,389.81015755985874,389.27100158044834
402.62735722367785,393.90792693040964,392.3340703158095,391.61431342850665
405.278327405175,396.4471416391404,394.8315808269268,393.9298127404753
407.90330462149853,398.9604278227647,397.30296655319194,396.21783060349094
410.5025448978278,401.4480512734915,399.7485017646982,398.47869399039155
413.07630141316,403.91027481895026,402.16845753656247,400.71272586236364
415.62482462230247,406.34735834303916,404.56310194760385,402.9202451354753
418.148362284295,408.7595588703721,406.9327000936391,405.1015667250856
420.64715954352704,411.14713061578084,409.27751408315135,407.2570016757618
423.12145896366326,413.5103250283555,411.59780312753924,409.38685718759984
425.5715005459135,415.84939084188676,413.8938235613377,411.49143670174976
427.9975218124497,418.1645741208131,416.16582891984933,413.571039959297
430.39975779778086,420.45611830299094,418.41407000610957,415.6259630495745
432.7784411337685,422.7242642208097,420.6387949641593,417.6564984745281
435.1338020693294,424.9692502088044,422.8402491855339,419.66293522055787
437.46606852369945,427.19131203912855,425.01867520251557,421.6455587432084
439.7754661153874,429.39068307313903,427.1743133156068,423.60465112353705
442.0622181780466,431.5675941961658,429.30740111825014,425.5404910017601
444.326545838633,433.7222739447088,431.4181745456929,427.45335371010987
446.56866797194107,435.85494836303593,433.5068636243642,429.34351128337653
448.7888013140776,437.9658413914023,435.5737009652793,431.2112324884583
450.987160412048,440.0551745626701,437.6189134366754,433.0567829147195
453.16395771040527,442.1231670577706,439.6427263502617,434.8804249614832
455.3194035430954,444.17003545554735,441.6453626497255,436.6824179335223
457.4537061739509,446.1959947054744,443.6270429309577,438.4630180386427
459.56707181948775,448.2012573461594,445.5879854559553,440.2224784512999
461.6597046719041,450.1860337562739,447.5284061552657,441.961049350842
463.73180692407885,452.1505321504633,449.44851856380075,443.6789779359657
465.7835787830129,454.09495860295806,451.3485345315324,445.3765085030831
467.81521852250467,456.0195171432613,453.22866335565277,447.0538824324597
469.82692246211536,457.9244096667479,455.08911158527894,448.7113382724225
471.81888500994427,459.8098361174442,456.93008556526075,450.3491117417532
473.7912987052391,461.67599431726967,458.7517870191955,451.9674357735322
475.74435418038047,463.52308000841055,460.5544170473513,453.56654055835963
477.67824023662416,465.3512871278258,462.3381744208285,455.14665355545617
479.59314384728043,467.1608076053212,464.10325537441736,456.70799956046443
481.4892501443486,468.9518313163373,465.84985456629755,458.2508007077413
483.3667424899688,470.72454627470427,467.5781645649967,459.77527650372843
485.2258024620767,472.47913869255206,469.28837591226625,461.28164389006804
487.0666098680815,474.21579280427466,470.98067717064873,462.7701172305789
488.8893427899905,475.934691006179,472.6552549596638,464.24090836646707
490.69417757920127,477.6360138344987,474.31229394881336,465.6942266582848
492.4812888753829,479.3199400316796,475.9519769230716,467.1302789730157
494.2508496413074,480.98664652866273,477.5744847704094,468.5492697598896
496.00303115338954,482.6363084665644,479.1799963735069,469.95140105993016
497.7380030361271,484.26909915492627,480.76868890881366,471.336872514217
499.45593328532345,485.88519026173265,482.3407379546476,472.70588143348573
501.15698826391565,487.4847516926713,483.8963170411241,474.0586227975267
502.84133271186374,489.0679516252174,485.4355980522239,475.39528927771863
504.5091298037481,490.63495648638786,486.9587508182454,476.7160712935629
506.1605411305959,492.18593093364393,488.46594311927936,478.0211570051229
507.79572669491984,493.7210384261846,489.95734112690354,479.3107323537946
509.41484498402474,495.24044053149794,491.4331101143425,480.5849811135678
511.01805294658107,496.74429714508517,492.8934129916445,481.84408489270845
512.6055059987809,498.2327667264278,494.338411116433,483.0882231130303
514.1773580650605,499.706005635167,495.7682641332282,484.317573125267
515.7337615863805,501.16416839609866,497.1831300660475,485.53231019764917
517.2748675219364,502.6074084735459,498.5831652945671,486.7326075278976
518.800825367097,504.035878426433,499.9685245775535,487.91863620936863
520.3117831842812,505.4497285234218,501.33936098655386,489.09056540070037
521.807887599522,506.8491077126416,502.6958260055766,490.24856224636744
523.2892838076887,508.2341633663084,504.03806981922907,491.39279190374936
524.7561156169932,509.6050414315009,505.3662409372816,492.5234175586866
526.2085254414662,510.9618863480267,506.68048608544615,493.64060052493596
527.6466542922678,512.3048411026781,507.9809508606396,494.7445002009345
529.0706418452166,513.6340472285447,509.2677791169349,495.8352740729287
530.4806264205838,514.9496447478962,510.5411132984211,496.9130777871836
531.8767450022243,516.2517724568659,511.8010943952046,497.9780651722004
533.2591332178016,517.5405676757427,513.0478616933103,499.03038823811954
534.6279254046564,518.8161662878066,514.281553407684,500.0701971512334
535.9832546094874,520.0787028347286,515.5023061414755,501.0976403666638
537.3252525873773,521.3283103107822,516.7102545795733,502.1128645736991
538.6540497934187,522.5651207625244,517.9055325241953,503.11601471700294
539.9697754206491,523.7892648411963,519.0882726212803,504.10723399188805
541.2725574381419,525.0008716330134,520.2586058376,505.086663979652
542.5625225654732,526.2000692797728,521.4166618041339,506.0544445694198
543.8397962814635,527.3869842915288,522.5625688714322,507.0107140075222
545.1045028323169,528.5617415797781,523.6964540055436,507.95560882663693
546.3567652961551,529.7244646423219,524.818442865265,508.8892640089042
547.5967055459528,530.8752767080473,525.9286597935513,509.8118129726588
548.8244442683207,532.0142995261667,527.0272278663897,510.7233875475109
550.0401009532254,533.1416533062379,528.1142688633864,511.6241179979355
551.2437939707131,534.2574571506622,529.1899033143436,512.5141329381174
552.4356405305498,535.3618289251524,530.2542504845946,513.3935596258408
553.6157567059815,536.4548853180175,531.3074283952283,514.2625237638824
554.7842574093689,537.5367418300683,532.3495538812859,515.1211495772967
555.9412564812924,538.6075127914698,533.3807425768769,515.9695597604306
557.0868666444776,539.6673113574832,534.4011088927265,516.8078755693041
558.2211995297679,540.7162495517022,535.4107658800161,517.6362168932365
559.3443656260913,541.7544382823448,536.409825630727,518.454702177992
560.4564744204926,542.7819873142938,537.3983990208005,519.2634484747607
561.5576343235849,543.7990052393322,538.3765957695889,520.0625713455548
562.6479526914,544.8055995232808,539.3445251731033,520.8521851214762
563.7275358415129,545.8018768460529,540.3022925284129,521.6324027404132
564.7964890369846,546.7879426504228,541.2500062204201,522.4033358107403
565.8549164409944,547.7639012521342,542.1877708417067,523.1650945881474
566.9029213471733,548.7298560589601,543.115690491138,523.9177879991519
567.940605992539,549.685909119567,544.0338682198725,524.6615237611986
568.9680716246563,550.6321612832047,544.9424060043564,525.3964082910397
569.9854185122815,551.5687125227548,545.8414047580726,526.1225467533976
570.9927458646679,552.4956623454422,546.7309643290238,526.8400429806951
571.9901519606059,553.4131088640183,547.6111835112864,527.5489996696616
572.977734197068,554.3211491408947,548.4821600113823,528.2495182940445
573.9555889844263,555.2198792595251,549.343990755365,528.9416991231911
574.9238117990468,556.1093944778908,550.1967715621661,529.6256412217606
575.8824971933283,556.9897889699089,551.0405971377206,530.3014424264696
576.8317386571582,557.861155973644,551.8755612251105,530.9691995152459
577.7716289525757,558.7235877780304,552.7017566395778,531.6290080879583
578.7022598854089,559.5771757277801,553.5192752198691,532.2809626184014
579.6237223647837,560.4220102461508,554.3282078367215,532.9251564013902
580.5361064181915,561.2581808445176,555.1286444312087,533.5616816691429
581.439501169296,562.0857761149214,555.9206740013942,534.1906295851632
582.3339948136701,562.9048837480129,556.7043846251221,534.8120902215484
583.2196748110135,563.7155905393445,557.4798634502697,535.426152579266
584.0966277209504,564.5179824121414,558.2471966944023,536.0329045357021
584.9649392625879,565.3121444120718,559.00646963337,536.632433027341
585.8246943235382,566.0981606930372,559.7577668353404,537.2248239294365
586.6759768960751,566.8761145721189,560.5011718921269,537.810162104794
587.5188701947902,567.6460886163325,561.2367673051799,538.3885313852466
588.3534566637297,568.408164476057,561.964635355674,538.9600146052325
589.1798179187524,569.1624230023754,562.6848566929311,539.5246936489727
589.9980347832529,569.9089440439851,563.3975115487779,540.0826494189876
590.8081872965373,570.6478066505586,564.1026793049812,540.6339618429256
591.6103545949475,571.37908933194,564.8004383452386,541.1787099111941
592.4046152095017,572.102869645094,565.490866494335,541.7169716780254
593.1910468467166,572.8192243427668,566.174040518114,542.2488242687118
593.9697264576716,573.528229445805,566.8500361738799,542.7743438958496
594.7407302461512,574.2299601708165,567.5189288262447,543.2936058700767
595.5041336410376,574.9244909729005,568.1807930674094,543.8066846048621
596.2600112917312,575.6118955409772,568.8357025715914,544.3136536344518
597.008437225058,576.2922468261529,569.4837302480338,544.814585625136
597.749484702666,576.9656170323058,570.1249482684773,545.3095523731369
598.4832262736518,577.632077628095,570.7594280403605,545.7986248254222
599.2097337822638,578.2916993453074,571.3872402298102,546.2818730941132
599.9290783007496,578.9445519920077,572.0084547575095,546.7593664533936
600.6413302610653,579.5907051136661,572.6231408151655,547.2311733533217
601.3465594324747,580.2302272291408,573.2313668416734,547.6973614358649
602.0448348830112,580.8631863294589,573.8332006269499,548.1579975367677
602.7362250086919,581.489649542053,574.4287092230082,548.6131477000113
603.4207975365043,582.1096831573296,575.0179589801438,549.0628771852454
604.098619436957,582.7233538566871,575.6010155275294,549.5072504780361
604.7697571602309,583.3307260083859,576.1779437768638,549.9463312994496
605.4342764592278,583.9318645617547,576.748808156772,550.3801826117895
606.092242446317,584.5268332769792,577.3136723030174,550.8088666337636
606.7437196002593,585.11569516859,577.8725990883922,551.2324448428836
607.3887717390096,585.6985128708436,578.4256508046788,551.6509779868201
608.0274620324116,586.2753483729485,578.9728890979494,552.06452609431
608.6598531105227,586.8462627326966,579.514374986321,552.4731484774463
609.2860069586465,587.4113166405195,580.0501687698305,552.8769037475961
609.9059849582125,587.9705702391175,580.5803302334773,553.2758498180948
610.5198478933441,588.524082935196,581.1049184679428,553.6700439146955
611.1276558880788,589.0719135480658,581.6239919611663,554.059542584765
611.7294685377067,589.6141203087775,582.1376085906271,554.444401701879
612.3253448649465,590.1507608422313,582.6458256228905,554.8246764786445
612.9153433014537,590.6818921765,583.1486997061406,555.2004214700605
613.4995217095761,591.2075707710505,583.6462869593738,555.5716905835819
614.0779373810205,591.7278525035136,584.138642892846,555.938537087602
614.6506469717385,592.2427926868547,584.6258224216389,556.3010136150067
615.2177066949524,592.7524460597407,585.1078798060036,556.6591721765056
615.7791721731708,593.2568667955566,585.5848688359038,557.0130641628259
616.335098486295,593.7561085233882,586.0568427335237,557.3627403546404
616.8855401775136,594.2502243602999,586.5238541430394,557.7082509303216
617.4305512249099,594.739266864196,586.9859551707008,558.0496454697605
617.9701850670203,595.2232880053537,587.4431973589535,558.386972966328
618.5044946791961,595.7023392055399,587.8956317289039,558.7202818293733
619.0335324918371,596.1764714569308,588.3433087558924,559.0496198936281
619.5573504238222,596.6457351786033,588.7862784312799,559.37503442619
620.075999888093,597.1101802876681,589.2245901494103,559.6965721303579
620.5895317328993,597.5698561824647,589.6582927882093,560.014279156915
621.0979963711368,598.0248117970045,590.0874348342525,560.3282011062024
621.6014437209876,598.4750955004838,590.5120641099294,560.638383037337
622.0999232026337,598.9207551609823,590.9322279633669,560.9448694745356
622.5934837540985,599.3618382653643,591.3479733992193,561.2477044108819
623.0821738268396,599.7983916984069,591.7593467397564,561.5469313188603
623.5660413411915,600.2304618553251,592.1663938640552,561.842593152345
624.0451338370286,600.6580947916608,592.569160316831,562.1347323554312
624.51949835545,601.0813359800616,592.9676909822717,562.423390868125
624.9891814780985,601.5002303997059,593.362030318901,562.7086101301215
625.454229332173,601.9148226981979,593.7522224482057,562.9904310906444
625.9146875622,602.3251569872699,594.1383108630458,563.2688942102046
626.3706013647845,602.7312768796662,594.5203386432098,563.5440394691836
626.8220155377336,603.1332256504691,594.8983485326193,563.8159063729395
627.2689744191704,603.5310460961712,595.2723826726458,564.0845339555904
627.7115219141681,603.9247804969327,595.6424828051543,564.3499607891267
628.149701499496,604.3144708050396,596.0086903420997,564.6122249850702
628.5835561683806,604.7001585193743,596.3710461130042,564.8713642027539
629.0131285571891,605.0818846541629,596.7295905567072,565.1274156536217
629.4384608747073,605.4596898285407,597.0843638133879,565.3804161049668
629.8595949104139,605.8336142848101,597.4354054245312,565.6304018896374
630.276572045647,606.2036978260334,597.7827545885855,565.8774089072923
630.6894332468389,606.569979871193,598.1264501936662,566.1214726281582
631.0982190366269,606.932499427602,598.4665305559167,566.3626281047987
631.5029696117056,607.2912950449697,598.8030336376818,566.6009099713049
631.9037247474587,607.6464049810338,599.1359970087599,566.8363524467629
632.3005238303745,607.9978670813389,599.4654579005138,567.0689893479466
632.6934058623019,608.3457187499687,599.7914530942712,567.2988540876801
633.0824094328734,608.6899970112947,600.1140190208486,567.525979678363
633.4675727605602,609.0307385631719,600.4331917307807,567.7503987440658
633.8489337203006,609.3679797054954,600.7490068097972,567.9721435192566
634.2265297995353,609.7017563344555,601.0614996017845,568.1912458523018
634.60039811921,610.0321040056318,601.3707050504408,568.407737216603
634.9705754378044,610.359057900538,601.6766577340081,568.6216487098334
635.3370981002367,610.682652840467,601.9793917353293,568.8330110570247
635.7000021592899,611.0029233047934,602.2789409497332,569.0418546215881
636.0593232981275,611.3199033980445,602.575338862559,569.2482094041477
636.4150968471868,611.6336268821103,602.8686186074442,569.4521050451285
636.7673577915401,611.9441271808095,603.1588129153325,569.6535708376936
637.1161407625115,612.2514373759759,603.4459542353336,569.8526357257929
637.4614800213391,612.555590204853,603.7300746516471,570.0493283039576
637.8034095495564,612.8566180749773,604.0112059093343,570.2436768299913
638.1419629731624,613.1545530631661,604.2893794409738,570.4357092277025
638.4771735891076,613.4494268970841,604.5646263221525,570.6254530869628
638.8090743689054,613.7412710093636,604.836977309883,570.8129356634767
639.1376979319842,614.0301165030621,605.1064628375375,570.998183897127
639.463076590844,614.3159941653103,605.3731130421177,571.1812244053797
639.7852423619898,614.5989344504359,605.6369577179845,571.3620834841113
640.1042269354604,614.8789675016695,605.8980263578485,571.5407871190555
640.4200616912324,615.1561231750222,606.1563481469625,571.7173609890853
640.7327777026388,615.4304310118872,606.4119519592248,571.8918304659617
641.0424056891973,615.7019202513866,606.6648663603161,572.064220614559
641.3489761321401,615.9706198093933,606.9151196344893,572.2345562084236
641.652519193058,616.2365583354367,607.16273976496,572.4028617248209
641.9530647370152,616.4997641753548,607.407754444244,572.56916134582
642.2506423369197,616.7602653849274,607.6501910411431,572.7334789676879
642.5452812640824,617.0180897283601,607.8900766688729,572.8958382047172
642.8370104816613,617.2732646851163,608.127438156773,573.0562623880625
643.1258587126088,617.525817458584,608.3623020489902,573.2147745635532
643.4118543800311,617.7757749714854,608.5946946072595,573.3713975154517
643.6950256287009,618.0231638711532,608.8246417987159,573.5261537534365
643.9754003281203,618.2680105229534,609.0521693468227,573.6790655206493
644.2530060471289,618.5103410342052,609.2773026945238,573.8301547862569
644.5278701012393,618.7501812415304,609.5000670180414,573.979443258358
644.800019550762,618.9875567178933,609.7204872236949,574.1269523995483
645.0694811811534,619.2224927624451,609.9385879585898,574.2727034126175
645.3362815156222,619.4550144171133,610.154393615013,574.416717249688
645.6004468173214,619.685146483842,610.3679283274965,574.5590145907563
645.8620030495929,619.9129135035836,610.5792159774999,574.6996158947529
646.12097597774,620.1383397674538,610.7882801877375,574.8385413736106
646.3773910934165,620.3614493196554,610.9951443441689,574.9758109979622
646.6312736384524,620.582265927482,611.1998315843173,575.1114444978243
646.8826486075977,620.8008131337851,611.4023648038823,575.2454613525715
647.1315407384603,621.0171142596414,611.6027666483085,575.3778808349737
647.37797451243,621.2311923757475,611.8010595233698,575.5087219800378
647.6219742045078,621.4430703180452,611.9972656190411,575.6380035973062
647.8635638369402,621.6527706904758,612.1914068847948,575.7657442631402
648.1027671965974,621.8603158233075,612.3835050412779,575.8919623339473
648.3396078375694,622.0657278574872,612.5735815830709,576.0166759585393
648.5741090571852,622.2690287131217,612.7616577516292,576.1399030654975
648.806293944118,622.4702400767121,612.9477545794516,576.2616613711684
649.0361853669209,622.6693834137841,613.1318929003774,576.3819683641981
649.2638059628688,622.8664799714519,613.3140933177077,576.5008413442666
649.489178147482,623.0615507374177,613.4943762200714,576.6182974017328
649.7123241149043,623.2546165332635,613.672761784016,576.7343534233928
649.9332658087421,623.445697958735,613.8492699335841,576.8490260924061
650.1520250030412,623.6348153987635,614.0239204214929,576.9623318815803
650.3686232409605,623.8219890304231,614.1967327992975,577.0742870873138
650.5830818544212,624.0072388253395,614.3677264044741,577.1849078056342
650.795421966431,624.1905845102704,614.5369203726698,577.2942099420213
651.0056644807534,624.3720456645598,614.704333640107,577.4022092035627
651.2138300884351,624.5516416482892,614.8699849046263,577.5089211124312
651.4199393030677,624.7293916235751,615.0338927160706,577.6143610153957
651.6240124252954,624.9053145572625,615.1960754189483,577.7185440728078
651.8260695567542,625.0794292200828,615.3565511626812,577.8214852655962
652.0261306022732,625.2517541570135,615.5153379071799,577.9231993802919
652.2242152474105,625.4223077735237,615.6724534238904,578.0237010461893
652.4203430062219,625.5911082681175,615.8279152618285,578.1230047142842
652.6145332028208,625.7581736537123,615.9817408369231,578.221124663546
652.8068049668143,625.9235217597966,616.1339473639925,578.318075000427
652.9971772403314,626.0871702273696,616.2845518779728,578.4138696542218
653.185668777038,626.2491364906047,616.4335712360576,578.5085224043098
653.3722981214721,626.409437850906,616.5810221142517,578.6020468607745
653.5570836728956,626.5680914149413,616.7269209876608,578.6944564725065
653.7400436358471,626.7251141149262,616.8712842018554,578.78576452064
653.9211960362867,626.8805227106536,617.0141279146683,578.8759841306513
654.1005587235649,627.0343337804686,617.1554681152121,578.9651282786923
654.2781493600867,627.1865637169036,617.2953206258974,579.0532097836204
654.4539854319185,627.33722878149,617.4337010978145,579.1402413125622
654.6280842724631,627.4863450541452,617.5706250052174,579.2262353680028
654.8004630357947,627.6339284507475,617.7061076815629,579.3112043202705
654.9711387077591,627.7799947250403,617.8401642910261,579.3951603882007
655.1401281078361,627.9245594566116,617.9728098387066,579.4781156454017
655.3074478682454,628.0676380600306,618.1040591675776,579.5600820192735
655.4731144805501,628.2092458181655,618.2339269675576,579.6410712877577
655.6371442723479,628.3493978456651,618.3624277738871,579.7210951019714
655.7995534077361,628.4881091029677,618.4895759688922,579.8001649698487
655.9603578923395,628.625394398093,618.6153857843968,579.8782922630244
656.1195735713227,628.7612683718633,618.7398713018636,579.9554882108043
656.2772161154883,628.8957455190692,618.863046455438,580.0317639116033
656.43330107108,629.0288402029163,618.9849250323294,580.1071303371377
656.5878438201844,629.1605666307679,619.1055206759224,580.1815983261814
656.7408595939437,629.2909388650634,619.224846886229,580.2551785891933
656.8923634742218,629.4199708250069,619.3429170200554,580.3278816970611
657.0423703834656,629.5476762684816,619.4597442947896,580.3997181097224
657.1908950981604,629.6740688253673,619.5753417881939,580.4706981583398
657.3379522633855,629.7991619947761,619.6897224404571,580.5408320514458
657.483556373268,629.9229691312265,619.802899055962,580.6101298737332
657.6277217797459,630.0455034530424,619.9148843042366,580.6786015840557
657.7704626941453,630.1667780439448,620.0256907216948,580.746257033554
657.9117931678588,630.2868058314576,620.1353307130951,580.8131059524271
658.0517271371899,630.405599632682,620.2438165527087,580.8791579556212
658.1902783968492,630.5231721343266,620.3511603856875,580.9444225374616
658.3274606041747,630.6395358891298,620.4573742296819,581.0089090821969
658.4632872825683,630.7547033218182,620.5624699756293,581.0726268664783
658.5977718187987,630.8686867306039,620.6664593896892,581.1355850546713
658.7309274544227,630.9814982626369,620.769354114001,581.1977927026454
658.8627673241315,631.0931499711103,620.871165668535,581.2592587478413
658.993304424279,631.2036537787665,620.9719054519401,581.3199920347257
659.1225516236491,631.3130214845714,621.0715847429982,581.3800012982601
659.2505216648663,631.4212647671625,621.1702147021375,581.439295169872
659.3772271545979,631.528395185951,621.2678063718988,581.4978821760626
659.5026805788837,631.6344241557479,621.3643706792329,581.5557707373049
659.6268943105966,631.7393630106152,621.4599184360395,581.6129691827457
659.7498805955948,631.8432229553724,621.5544603401274,581.6694857393206
659.8716515595718,631.9460150804157,621.6480069773668,581.7253285365098
659.9922192093907,632.047750363044,621.7405688218932,581.7805056015612
660.1115954153092,632.1484396662677,621.8321562377117,581.8350248691648
660.229791953651,632.2480937222019,621.9227794801207,581.8888941826301
660.3468204784241,632.3467231831929,622.012448696016,581.942121290426
660.4626925282696,632.4443385811348,622.101173926073,581.994713849155
660.5774195286427,632.5409503403826,622.1889651051525,582.046679415521
660.6910127886392,632.6365687789998,622.2758320633488,582.0980254674719
660.8034834965578,632.7312041053508,622.36178452792,582.1487593903735
660.9148427489548,632.8248664097165,622.446832123569,582.1988884820584
661.0251015258484,632.9175657037015,622.5309843733131,582.2484199514685
661.1342706994536,633.00931188665,622.6142507007984,582.2973609182433
661.2423610353762,633.100114756837,622.6966404302376,582.3457184245506
661.3493831832591,633.1899840126445,622.7781627871875,582.393499426198
661.4553476932165,633.2789292469971,622.8588269010594,582.4407107965918
661.5602650178564,633.3669599469561,622.9386418049105,582.4873593224785
661.6641455029547,633.4540855217682,623.0176164361994,582.5334517127984
661.7669993927465,633.5403152761658,623.0957596392115,582.5789945988907
661.8688368310544,633.6256584198902,623.1730801649175,582.6239945319901
661.96966784501,633.7101240687987,623.2495866716897,582.6684579855378
662.0695023852833,633.7937212372659,623.3252877275918,582.712391348719
662.1683502968486,633.8764588455005,623.4001918103238,582.7558009439928
662.2662213278355,633.9583457364163,623.4743073078537,582.798693015566
662.3631251307331,634.0393906558007,623.5476425206766,582.8410737336345
662.4590712589223,634.1196022601625,623.6202056616752,582.8829491930873
662.5540691654145,634.1989891177732,623.6920048564874,582.9243254136077
662.648128224414,634.277559699168,623.7630481466335,582.9652083491557
662.7412577119836,634.3553223918248,623.8333434888016,583.0056038807265
662.8334668130964,634.432285506238,623.9028987556213,583.0455178196441
662.9247646226446,634.5084572627932,623.9717217357288,583.0849559037819
663.0151601365988,634.5838457979677,624.0398201379653,583.1239238056135
663.1046622689494,634.6584591653118,624.1072015895834,583.1624271317046
663.1932798496359,634.7323053241378,624.1738736368707,583.2004714209695
663.2810216187754,634.8053921612249,624.2398437458211,583.2380621464466
663.3678962306881,634.8777274865772,624.3051193060348,583.275204710125
663.4539122544033,634.9493190267167,624.3697076288004,583.3119044574491
663.5390781610597,635.0201744293073,624.4336159475295,583.3481666677303
