  0.0,  0.0,  0.0,  0.0,  0.0,  0.0,  0.0
0.011197969476643775,0.011339886378873714,0.012118912518506742,0.012390967956229963,0.012162675394975238,0.012208740179887675,0.012326176334917154
0.022073649400129333,0.022342988298070098,0.023862105123746015,0.024373897123897613,0.023906806134399796,0.023988298223509723,0.024189714153743606
0.032906798617243285,0.033299072902013865,0.03554940576315956,0.03629116637539806,0.03556895152157619,0.03567912344175399,0.0359438725435157
0.044021525135277816,0.044542031176158875,0.04754338123547898,0.0485239978188286,0.047522709906914574,0.04765775074238576,0.047976060250472866
0.05576192485134225,0.05642503341415864,0.060224507454858536,0.06146854203577478,0.0601560681191266,0.0603145138165809,0.06068558925889593
0.06848371337706266,0.06931223755169401,0.0739833579225438,0.0755290599833004,0.07386501971425585,0.07404740667449314,0.07447793756446895
0.08255500908753043,0.08357989285309475,0.0892224263688356,0.09112068498822416,0.08905635111980181,0.08926504362417552,0.08976822134691817
0.09836226842736809,0.09962268309891992,0.10636329714717592,0.10867743180859794,0.10615548689583663,0.10639463782594061,0.10698968399175096
0.11631914572009472,0.11786301233401277,0.12585680052847678,0.12866308896689366,0.12561714470830124,0.12589276647319708,0.12660492953764207
0.136877128443069,0.13876206088684484,0.14819495756234052,0.15158381982565863,0.1479376789703911,0.1482578129776327,0.14911878626817165
0.1605374479904737,0.1628321118901696,0.17392421509559572,0.17800200204117927,0.17366866397943545,0.1740436447823942,0.17509237083481083
0.18786415028668185,0.19065004365113644,0.20365988095107687,0.20855124621537086,0.20343166225865783,0.20387447853880084,0.20515832265940295
0.21949844064806923,0.22287211811999244,0.2381019123843775,0.24395277622283482,0.2379343579237936,0.23846111735540707,0.24003741307248658
0.25617455892414426,0.2602503385337409,0.27805235655745797,0.2850334992617805,0.277988377372829,0.2786188874425294,0.28055687561843873
0.29873753476418463,0.3036507462361,0.32443484189205307,0.33274618821962004,0.3245292135355703,0.3252876936494182,0.32767089686909895
0.34816324043076025,0.3540740904455384,0.3783165877426848,0.3881922727115289,0.3786387435908703,0.37955469013677756,0.3824837812619739
0.4055812270286597,0.4126793800660373,0.4409334792539684,0.452647801814285,0.4415708976775601,0.4426801271422351,0.4462763711833064
0.4723008903950977,0.4808108837936297,0.513718796333684,0.5275932129181102,0.5147811078207472,0.5161270100714721,0.5205363775958214
0.5498415879329188,0.5600292249268725,0.598336303419676,0.6147476210672695,0.5999602471358965,0.6015952865234474,0.60699335948005
0.6399674113124489,0.6521473032237788,0.6967184659430042,0.7161084403453257,0.6990738668366467,0.7010613768333179,0.7076591920269023
0.7447274204444669,0.7592718808396397,0.811110687283199,0.8339972624254164,0.8144076527603223,0.8168239783714437,0.8248749822498469
0.8665022612417983,0.8838517912762707,0.9441225834156535,0.9711130520997504,0.9486201581351634,0.9515572107312271,0.9613655318129954
1.0080582285255377,1.0287338750303379,1.0987874670012394,1.130593880193655,1.1048040303143551,1.1083723315872913,1.120302615450077
1.1726099994118988,1.1972279182092302,1.2786313913080232,1.3160885968563094,1.2865571344981679,1.2908894374866524,1.3053785338083645
1.363893435919679,1.3931820463992939,1.4877533125366715,1.531840070280541,1.498065188736776,1.5033207943655764,1.5208916336805827
1.5862501113612621,1.6210703009999636,1.7309181756417666,1.782781871324049,1.7441978115312105,1.7505676861656707,1.7718457608775993
1.8447254293251716,1.8860943368677885,2.0136649934554383,2.0746505643343744,2.0306201133239523,2.0383329843657703,2.064065890863878
2.1451825063044705,2.194301526685198,2.342432332788869,2.4141161306763266,2.3639223822224236,2.3732519705698016,2.40433259110716
2.4944345126266487,2.5527220888419255,2.7247040520097934,2.8089333776285197,2.751770982352796,2.763044300061665,2.8005385258271707
2.896382414325268,2.965460493800527,3.1646783910223433,3.2635126816337428,3.1986777793423853,3.2121785379282346,3.257173645464278
3.355923492175839,3.4376626827006582,3.6676584443648177,3.7834295299379166,3.7103222102792364,3.726297679733994,3.779941529562341
3.8829403732290855,3.9795562506774806,4.244504043688791,4.379968669575194,4.297908476542455,4.316678655954445,4.380385867025907
4.488547322193319,4.60265101184819,4.907413608358448,5.065805280801097,4.974045629729938,4.996006368895509,5.071484105656277
5.185350053055688,5.32001011233554,5.670213113552624,5.8553083509703905,5.753049462252436,5.778678440361318,5.867962754060273
5.987724918889937,6.146541398224915,6.548664927116091,6.76486409136693,6.65126607011492,6.681131434949394,6.786633988371488
6.912125591155888,7.099317588062277,7.560805859605009,7.813229432532235,7.687426890666279,7.722198512101436,7.846764047625442
7.977424890035914,8.19793331020751,8.727323109941697,9.021924851777761,8.883044370901564,8.92350777930393,9.070483156904132
9.205299410609479,9.464907049606321,10.07197669374599,10.415675611777086,10.2628573368426,10.309930521182409,10.483246529875453
10.62066486856377,10.926136309430888,11.622077080550188,12.02291061572076,11.85533537450965,11.910088670999897,12.114356091613965
12.252170348469821,12.6114145738243,13.409027197673524,13.876328430562943,13.693251828707364,13.756931288292044,13.99755323193753
14.132760949870901,14.555019843537758,15.468938871212107,16.013541055337548,15.814336279063259,15.88839089118083,16.171693535848366
16.30031759506803,16.79638461746271,17.843334007404856,18.477806160150834,18.26201743842899,18.348130652711585,18.681514802176046
18.79838536419572,19.380857664791773,20.57994157306289,21.318859211071143,21.086268028746776,21.186394303619544,21.578511232191413
21.677000999598892,22.3605716631133,23.733604467930103,24.593860227247156,24.34456695426659,24.460973743420723,24.92192725741553
24.99363163411213,25.79542471113941,27.36730507938346,28.368464069756424,28.10298777705211,28.23830383054017,28.77988355259741
28.814237485280486,29.754193486572227,31.553327729140367,32.718033084047306,32.43743280487008,32.59470352063757,33.23065213554562
33.214471407165,34.31578840857815,36.37456865546909,37.729002876044184,37.43502393958725,37.6177745700199,38.364093360898195
38.28102709151357,39.570665038631205,41.92600838586692,43.50041621098273,43.1956655910861,43.407973229849404,44.28326972743173
44.113151664709186,45.62240398600939,48.31635899427479,50.14563742191656,49.833792360671374,50.0803675609395,51.106249306513796
50.82432836579531,52.58947003199738,55.6698973934385,57.79425799591476,57.48031232361858,57.76659128970622,58.96810920661304
58.54414196429452,60.607158295036115,64.12849261599877,66.59420043538536,66.28475306339115,66.61700118828323,68.02314531178754
67.42032963266216,69.82973090522427,73.8538304008231,76.7140218443932,76.4176112931278,76.80303871160727,78.44728785667884
77.62101496670472,80.43273890237744,85.02982886671195,88.34540892876414,88.0728976460349,88.51978731394114,90.44071007435882
89.3371149758752,92.6155148340012,97.86523553011399,101.7058517168366,101.47086241856914,101.98871070545113,104.23062136956383
102.7848951317087,106.60381944852088,112.59637297591276,117.04145453292836,116.86085691377674,117.46052603627965,120.07417705714172
118.20863157938437,122.65257023352234,129.48998258918948,134.629833076528,134.52427964050477,135.21816098473994,138.26146786190094
135.88333004652628,141.04861007576537,148.84609988347555,154.78301505589337,154.77751591073292,155.57970149798788,159.1184751925558
156.11738151406323,162.1133938714609,171.00084908066975,177.85022381644535,177.9747460645959,178.9012044595614,183.00986166151839
179.25505891640324,186.2054578561522,196.32901253159616,204.22038363679331,204.5104511608099,205.57920209912257,210.34141060377198
205.67866114061928,213.72247896031936,225.24617686220668,234.324129506111,234.8213870056363,236.05266645544276,241.56186655090855
235.81008424751963,245.10267406908895,258.2101985505922,268.63504102351493,269.3877313110366,270.8041362398483,277.16386279638334
270.1115327069806,280.8252264784567,295.72166641776124,307.66975238574423,308.7330378218471,310.3596355422805,317.6835400290901
309.08500718187815,321.4093440242682,338.3229531542293,351.986498734439,353.42253538752004,355.28692048161304,363.69837940501395
353.27014541927457,367.4115006953219,386.59539684476,402.18161541458835,404.0592673105303,406.191542306759,415.8227022585982
403.23991823818545,419.4203223410149,441.1540507055757,458.88339702276494,461.277451411476,463.7101054591366,474.7002071115994
459.59361785356776,478.0485449467264,502.63941796400854,522.7427161405785,525.7324415980786,528.5000960019923,540.99290007537
522.9465987835542,543.9214564577891,571.7055592288235,594.4197835495319,598.0866574969311,601.2256469302076,615.36578996652
593.9161809608321,617.6612800209435,649.0040088175144,674.5665020576017,678.9909355021847,682.5386908003621,698.4668139602492
673.1032915119293,699.8670769843573,735.1630589449733,763.8040374279241,769.0609382325233,773.0551471336296,790.901704048867
761.0695707568991,791.089989921882,830.7622244837572,862.6954821110484,868.8485597288061,873.3260841744111,893.2037898329309
858.3100264271045,891.8040085057861,936.3020269298086,971.7139328497535,978.8087320173788,983.8042727897013,1005.7993228889821
965.2216961825094,1002.3729338247635,1052.1698044986822,1091.2068536916297,1099.2626451517988,1104.8071730223296,1128.9694961713956
1082.0693912184097,1123.0148625343063,1178.6028574643651,1221.358311259377,1230.359116909522,1236.478115988797,1262.811151585143
1208.9503638643755,1253.7662130273466,1315.6509922596454,1362.1513728322968,1372.0366477991472,1378.7482638252825,1407.198947932757
1334.7487905486464,1383.0957321517676,1451.1216262018659,1501.0000694330888,1511.6659328123528,1518.8976133807341,1549.1873875403219
1449.8094645046278,1501.056931228213,1574.511357233691,1627.162347184353,1638.5080486215281,1646.1235138787065,1677.868527768565
1555.98990166891,1609.6054973239688,1687.9150778186936,1742.8602356439994,1754.802869118368,1762.6931202063242,1795.6048115930141
1654.8208129086872,1710.3515080664347,1793.0535858113426,1849.9105410190925,1862.3840829688386,1870.4623948547476,1904.3239385159459
1747.5618401470626,1804.6188436035077,1891.3387370152718,1949.7970930453778,1962.751028107276,1970.9488644803112,2005.5969285628266
1835.2477772971502,1893.494390737626,1983.927247544898,2043.730125662674,2057.127837418645,2065.3915155562363,2100.7021881547444
1918.7269403691066,1977.8688313513514,2071.765168571872,2132.6951268890657,2146.5121787924227,2154.8001445964705,2190.678130285115
1998.6930290797766,2058.4704616705967,2155.6246599763535,2217.493033512818,2231.715428089413,2239.9960276020593,2276.366401999816
2075.711585005416,2135.8932326619697,2236.1343966462737,2298.7733033848426,2313.395780696553,2321.6454355718593,2358.4473962033194
2150.241963296328,2210.6199986210972,2313.8047095705406,2377.0611263732717,2392.085542758018,2400.2872547792977,2437.4694254897777
2222.655581595629,2283.0417940467846,2389.0483751674556,2452.7798140531477,2468.2136273970978,2476.3557503760935,2513.872692474677
2293.2510798979292,2353.4738201691616,2462.197808214376,2526.2692239938583,2542.12410113968,2550.199331444749,2588.008987845326
2362.2669199223706,2422.1687061804796,2533.5192845784686,2597.800924482057,2614.0914784979414,2622.0960232904617,2660.1578836047106
2429.8918617233367,2489.327514984773,2603.2247122332433,2667.5906811972422,2684.3333408471626,2692.2662304717865,2730.5400501152517
2496.2736791748284,2555.108879426692,2671.4813738443268,2735.808738490595,2753.0207483481727,2760.8832696346512,2799.3282112395445
2561.5264194322544,2619.6365950525364,2738.420001326747,2802.5882951214435,2820.2868421829126,2828.0820666324285,2866.6561651528855
2625.7364497274116,2683.005928274016,2804.141463762624,2868.0324859368384,2886.2339468703644,2893.9663395452735,2932.6262104877305
2688.967501210826,2745.2888647555565,2868.722315170646,2932.2201405553037,2950.939442692942,2958.6145364704353,2997.3152659007937
2751.2648786608434,2806.538475580683,2932.2193957399604,2995.2105309026783,3014.460619476768,3022.0847430173935,3060.7799133053036
2812.6589764429245,2866.792553245075,2994.6736514238632,3057.0472883996636,3076.838691985743,3084.418742314925,3123.060553443712
2873.1682179447225,2926.076639094295,3056.11330406747,3117.7616325743934,3138.102119366102,3145.645371655616,3184.18483650499
2932.8015129442933,2984.406544437143,3116.5564834174684,3177.3750336307103,3198.269350285437,3205.7832977612998,3244.1704786693044
2991.5603135588626,3041.790454091478,3176.01341309129,3235.901405815902,3257.351091837583,3264.8433150329283,3303.0275908439367
3049.4403359730463,3098.230671365517,3234.488221187162,3293.34891359266,3315.3521823412016,3322.8302353899917,3360.7605873863586
3106.432992215133,3153.7250739459437,3291.9804430886375,3349.7214480255516,3372.273130627289,3379.7444510168334,3417.369753971564
3162.526598138222,3208.268320152871,3348.486266955459,3405.01984982913,3428.111391433245,3435.583220430383,3472.852528548951
3217.707369971292,3261.852851144784,3403.999557263992,3459.2428959501503,3482.86239995905,3490.341722086742,3527.2045519209573
3271.960257475519,3314.469714936997,3458.512700571721,3512.388107527074,3536.5204215582403,3544.0139075354778,3580.420510508385
3325.269632419258,3366.109245235702,3512.017296796041,3564.4524008636754,3589.0792383061844,3596.5932088514814,3632.4948198337706
3377.6198572237035,3416.7616208998543,3564.504724264258,3615.4326109256845,3640.5327031367415,3648.07309502484,3683.42216772045
3428.995748543286,3466.4173119340294,3615.9665946160835,3665.3259052510025,3690.8751787504543,3698.4475197221745,3733.197942291586
3479.3829531152405,3515.0674422120846,3666.3951140733216,3714.130108012153,3740.101882195857,3747.711273444185,3781.8185621403295
3528.768248416095,3562.704074435182,3715.78337648441,3761.843948541191,3788.2091496639596,3795.8602541259584,3829.2817255942223
3577.139777481775,3609.320432036303,3764.12557904227,3808.467246799931,3835.19463364547,3842.891669808849,3875.586591339891
3624.4872303730053,3654.911065697129,3811.41719208672,3854.001045447835,3881.0574441150657,3888.8041842372663,3920.733902510521
3670.8019745589427,3699.4719739308457,3857.655079656371,3898.4476991984766,3925.798241759683,3933.5980143671554,3964.726062585155
3716.0771493783964,3743.0006842393686,3902.837578544941,3941.810926633399,3969.4192925940297,3977.274987824142,4007.5671726451155
3760.3077206224852,3785.4963009707653,3946.964546519633,3984.0958315709663,4011.9244877968104,4019.8385667194248,4049.2630345580005
3803.490507887127,3826.959525212414,3990.0373816717415,4025.3089006922114,4053.3193380042103,4061.2938437894145,4089.8211291274883
3845.6241876662048,3867.392650528287,4032.0590209562147,4065.4579784608595,4093.610943676777,4101.647515172848,4129.250569704019
3886.709268136288,3906.7995406951154,4073.0339129450076,4104.552226683302,4132.80794583543,4140.907836160635,4167.562039528527
3926.7480542335898,3945.1855883958247,4112.967981684098,4142.602072911797,4170.920466322764,4179.0845580477135,4204.767716952014
3965.7445937069274,3982.5576617291063,4151.868575155127,4179.619145377287,4207.960032866543,4216.188856790395,4240.8811871814505
4003.704609419674,4018.9240411761625,4189.744402599384,4215.616202324203,4243.939496006746,4252.2332516098895,4275.917347934458
4040.635425243774,4054.2943469447955,4226.6054624395765,4250.607054024889,4278.872941454833,4287.231515710449,4309.892308774957
4076.5458794749866,4088.679459041835,4262.462967219605,4284.606481608352,4312.775591007575,4321.198582610809,4342.823284424495
4111.446235462823,4122.091434540486,4297.329261492436,4317.63015346899,4345.663711436707,4354.150449696732,4374.7284928508425
4145.3480867776625,4154.543419088671,4331.217737420452,4349.694539023634,4377.5545137254385,4386.104079815199,4405.627047375709
4178.264257542308,4186.04955823979,4364.142748648466,4380.816829897127,4408.466055089131,4417.077302753134,4435.538850173921
4210.208711146796,4216.6249075026435,4396.11952264927,4411.0148429986,4438.4171397172695,4447.088717282472,4464.484488357588
4241.196433054311,4246.285342280361,4427.164078168794,4440.306950883092,4467.4272246943165,4476.157594976297,4492.4851348095535
4271.243347948965,4275.04746884124,4457.2931309690575,4468.711995373085,4495.51632645744,4504.303786557657,4519.562449427887
4300.366213827815,4302.928537040256,4486.5240130234415,4496.249211683186,4522.704930415118,4531.547631182762,4545.738486078773
4328.582525281495,4329.946355436073,4514.874597480485,4522.938151344964,4549.01390469936,4557.909869226127,4571.035603553753
4355.91042000045,4356.119209006039,4542.363215685428,4548.798612401154,4574.464417737964,4583.411559049695,4595.476381306257
4382.368591878357,4381.465780116143,4569.008574649592,4573.850575437615,4599.077860104626,4608.073998401289,4619.083540168982
4407.976194494868,4406.005072968757,4594.8296904549725,4598.1141397898955,4622.875771067898,4631.918650001046,4641.879868429806
4432.75276424647,4429.756341863583,4619.845820563591,4621.609457611214,4645.87976956858,4654.967070598128,4663.888152697724
4456.718142225627,4452.739023186826,4644.076394653446,4644.356685333815,4668.111489972386,4677.240846567099,4685.131114360582
4479.8923985299525,4474.972672080395,4667.540954960794,4666.375930046878,4689.592522563396,4698.761535221005,4705.631350258131
4502.295755970807,4496.476902262386,4690.259098685347,4687.687202291399,4710.344356819556,4719.5506064764395,4725.411281322289
4523.948529504545,4517.271330705236,4712.250425436815,4708.3103733694115,4730.388339555787,4739.629391757698,4744.4931069219
4544.87106380299,4537.375526031457,4733.5344843408475,4728.265134341202,4749.745618692855,4759.019039169175,4762.898746270761
4565.083675243791,4556.808961233439,4754.130732052036,4747.570961766123,4768.4371002342705,4777.74047017012,4780.6498185763085
4584.606599853925,4575.5909717514805,4774.058490239332,4766.247084567149,4786.48342433338,4795.814341820727,4797.767598909898
4603.459945195698,4593.740712930134,4793.3369076606195,4784.31245560089,4803.904923850934,4813.261013145391,4814.272989267598
4621.663647192166,4611.277126798637,4811.984924028102,4801.785726580056,4820.721595616099,4830.100514235366,4830.186492022565
4639.2374281279635,4628.218909535755,4830.021238348875,4818.685226873101,4836.953075578341,4846.352521234332,4845.528187442127
4656.200763643822,4644.584482721285,4847.4642843786505,4835.028946910808,4852.618616623975,4862.036332398643,4860.317712446891
4672.572849063497,4660.391967295509,4864.332204340705,4850.834509965237,4867.737069031707,4877.170849765936,4874.5742514245985
4688.372573683775,4675.6591618291695,4880.642826958044,4866.119166090084,4882.326867788984,4891.7745636736145,4888.316522156056
4703.618493625077,4690.4035246750445,4896.413648464674,4880.899784423592,4896.4060183010115,4905.865533797226,4901.56275561828
4718.328809139096,4704.642155982089,4911.661817734588,4895.192838485781,4909.992079843658,4919.46138500953,4914.330695723634
4732.521349985958,4718.391784598347,4926.40412222001,4909.014400287459,4923.102167175939,4932.579295548664,4926.6375997190025
4746.213557255116,4731.668756297117,4940.656976379401,4922.380135141545,4935.752940322223,4945.235991521632,4938.50022890236
4759.4224725698095,4744.489025236944,4954.436412816813,4935.305297057225,4947.960601433597,4957.447742982792,4949.934849444049
4772.164724234003,4756.868144744444,4967.758075280708,4947.804729250105,4959.740893035232,4969.230360251709,4960.957233337376
4784.456522471794,4768.821267026735,4980.637211587013,4959.892861956612,4971.109097522338,4980.599196359391,4971.582660933086
4796.313653048875,4780.363139575299,4993.08867351707,4971.583713566565,4982.080039709268,4991.569146346034,4981.825925811912
4807.751472366342,4791.50809545754,5005.126914440198,4982.8908928664705,4992.66808942569,5002.154649833775,4991.701339259227
4818.784905874286,4802.270058823893,5016.765987152565,4993.8276023651915,5002.887164991814,5012.36969520616,5001.222736757237
4829.428447365619,4812.6625482572,5028.019543266941,5004.406642213747,5012.750738809722,5022.227823763883,5010.403485567667
4839.696158568285,4822.698675958168,5038.9008439984855,5014.640415170401,5022.271843350953,5031.742135308946,5019.256492871082
4849.601675366566,4832.391151112139,5049.422746436098,5024.54093066756,5031.463078481296,5040.925299138984,5027.7942140575
4859.158209565628,4841.752285095449,5059.597715005897,5034.11981612965,5040.336616097515,5049.789560359451,5036.028662307664
4868.378551132543,4850.793996331548,5069.437836463494,5043.388321651617,5048.904213549191,5058.346741048925,5043.971422573176
4877.275069186727,4859.5278162087,5078.954813898332,5052.357324815357,5057.17722302625,5066.608247697219,5051.63366031018
4885.859731482563,4867.964895732585,5088.159975661865,5061.0373324355305,5065.166596353112,5074.585096521997,5059.026123553478
4894.144101394762,4876.116012231441,5097.064282359277,5069.438505965319,5072.882889474789,5082.2879090580545,5066.159162432734
4902.1393477529,4883.991576873066,5105.678333566857,5077.5706570406655,5080.336282586147,5089.726924577169,5073.042742755446
4909.856252745912,4891.601643068863,5114.01237582895,5085.443258024227,5087.536587862578,5096.912012945541,5079.686450303507
4917.305221467555,4898.955914422156,5122.076307948286,5093.065453748101,5094.493255844077,5103.852683465434,5086.099507091526
4924.4962894258915,4906.063753215011,5129.879694075717,5100.44606941942,5101.215389870566,5110.558090592427,5092.290784327328
4931.439132225459,4912.934189163092,5137.431768415906,5107.593615649463,5107.71175511157,5117.037051236841,5098.268806365941
4938.14307481425,4919.575928362419,5144.741443076504,5114.516303730234,5113.990786681716,5123.298051296379,5104.041763802659
4944.617100987799,4925.99736218742,5151.817317146237,5121.222041644346,5120.0605989743835,5129.349256593772,5109.617531320386
4950.869863064734,4932.206576280329,5158.667687597779,5127.718467146111,5125.929002498648,5135.198523203444,5115.0036727133265
4956.909691630941,4938.211359581983,5165.300553981231,5134.012933841328,5131.603508380671,5140.853407457937,5120.207453341406
4962.744603698113,4944.019213354852,5171.723632553996,5140.1125309457375,5137.091340119992,5146.321174793447,5125.2358507156105
4968.382314767127,4949.637360132374,5177.944362602877,5146.024085851354,5142.399443733866,5151.608813304113,5130.095564664773
4973.830250964492,4955.072752647027,5183.96991050444,5151.754175751902,5147.534494491518,5156.723041976159,5134.793027624058
4979.095551320872,4960.332082606134,5189.807180067311,5157.3091389937235,5152.502912176716,5161.670315867301,5139.334415671364
4984.1850782636375,4965.421789359325,5195.462827086592,5162.695079023476,5157.310865791222,5166.456837952023,5143.725657677676
4989.105433519752,4970.348068421377,5200.94326141906,5167.917873977702,5161.964284540499,5171.088572342088,5147.972440625901
4993.862962446173,4975.116879913367,5206.254656761117,5172.983184963147,5166.468862486882,5175.571248538379,5152.0802262100715
4998.463763507678,4979.733956692644,5211.402958905763,5177.8964605048295,5170.830074449852,5179.910371544422,5156.054254847844
5002.913697534446,4984.204812461397,5216.39389311983,5182.662950335665,5175.0531793801565,5184.111230224928,5159.899555490199
5007.218396295058,4988.534749522092,5221.232971657824,5187.287707289095,5179.143229759131,5188.178905416859,5163.620954088979
5011.383269460055,4992.7288667549565,5225.925502411823,5191.77559630669,5183.105079598412,5192.118277596643,5167.223081532444
5015.413515888481,4996.792066680832,5230.4765964032795,5196.13129970548,5186.943392378519,5195.93403555944,5170.710381574635
5019.3141291340025,5000.729062859138,5234.891170650641,5200.359327039449,5190.662646178378,5199.630683965405,5174.087118376533
5023.089906651332,5004.544387197421,5239.173959351348,5204.464019196273,5194.267145312474,5203.2125475658,5177.357383766554
5026.745453010411,5008.242396431366,5243.329520821402,5208.449555355428,5197.761024134397,5206.683781892115,5180.525104229066
5030.285194167804,5011.827278894709,5247.362241880866,5212.319959010451,5201.148254780947,5210.04837872103,5183.5940478806315
5033.7133798749655,5015.303061113567,5251.276344939393,5216.0791038405605,5204.432650217693,5213.310172236537,5186.567830807143
5037.034091599208,5018.673613922832,5255.0758944936015,5219.730719412024,5207.617876308479,5216.472845620567,5189.449923101662
5040.251249407646,5021.942658297392,5258.764802586531,5223.278396676256,5210.707454462082,5219.539937024315,5192.24365577452
5043.368618000982,5025.113771952268,5262.34683419451,5226.725593294063,5213.704767697724,5222.514845453648,5194.952226541223
5046.389813051064,5028.190393692127,5265.825614255,5230.075638704639,5216.613066771735,5225.400836390574,5197.5787034250125
5049.318306880442,5031.175830246191,5269.204632552008,5233.331739173486,5219.4354751290875,5228.201047209216,5200.12603137904
5052.157435275676,5034.073260249128,5272.487248077641,5236.496982358553,5222.174994236109,5230.918492385969,5202.597038948689
5054.910402296557,5036.885740086001,5275.676691927513,5239.5743419773335,5224.834508310484,5233.556068460273,5204.994441220073
5057.580283775194,5039.616208614782,5278.776077581951,5242.566682571033,5227.416789917792,5236.116559028382,5207.320845182717
5060.1700359076185,5042.267491363631,5281.788401849032,5245.476764390093,5229.924504100588,5238.602639111522,5209.578754414868
5062.6824980599995,5044.842306049097,5284.716549912922,5248.3072439366415,5232.360211278105,5241.016879517838,5211.770573952979
5065.120397954039,5047.343265732154,5287.563300119926,5251.060682121941,5234.72637407639,5243.361752066377,5213.8986107362925
5067.4863562058035,5049.772883977871,5290.33132777945,5253.739546711494,5237.02535989009,5245.639632899663,5215.965085175718
5069.78289079551,5052.133578314705,5293.023209225908,5256.346215335715,5239.259445024284,5247.852805384389,5217.972127932007
5072.012421240338,5054.427674000633,5295.641425616682,5258.882979298003,5241.430818419776,5250.0034651067035,5219.921786702815
5074.177272601764,5056.657408484793,5298.188367498033,5261.3520472688815,5243.541585311636,5252.0937242005675,5221.816028361782
5076.279679506836,5058.82493386364,5300.666337625246,5263.75554813933,5245.593770625458,5254.125613466488,5223.656744081635
5078.321789760385,5060.9323213479165,5303.077553269663,5266.095533973206,5247.589322241865,5256.101086134067,5225.4457513033685
5080.305667893149,5062.9815637691245,5305.424151347978,5268.3739835942115,5249.530114252479,5258.022021222574,5227.184797105827
5082.233298599667,5064.974579094035,5307.708191209722,5270.592805627422,5251.4179499084685,5259.890226607167,5228.875561170035
5084.1065903004455,5066.913213562879,5309.931657179145,5272.753840481008,5253.254564492061,5261.707440661198,5230.519658607884
5085.927378602891,5068.799244054755,5312.096461787086,5274.858862196788,5255.04162799152,5263.475337737873,5232.118642651071
5087.6974272600555,5070.634381644778,5314.204448470728,5276.909582943832,5256.780748354701,5265.195528700682,5233.674007208239
5089.418433522525,5072.420273476019,5316.257394319468,5278.907654706069,5258.473473614169,5266.869564226414,5235.18718943404
5091.092030152329,5074.158505906038,5318.257012665275,5280.854671239491,5260.121293700409,5268.4989362065835,5236.659571970678
5092.7197876953505,5075.850606709893,5320.204955585895,5282.752170635814,5261.725643271802,5270.085081929072,5238.092485266382
5094.303217274398,5077.498047270795,5322.102816273514,5284.601637387556,5263.287904799432,5271.629385273166,5239.48720972371
5095.8437730724445,5079.102245371963,5323.952131332927,5286.404504428129,5264.809409634134,5273.133178944112,5240.8449778113545
5097.34285518602,5080.664566647844,5325.754382986719,5288.162155020084,5266.29144034211,5274.5977467123175,5242.166975979098
5098.8018087635355,5082.1863272895,5327.511001200682,5289.875925158251,5267.735232891522,5276.02432526327,5243.45434649641
5100.221932339322,5083.668795605863,5329.223365685832,5291.547105077489,5269.141978688099,5277.414106154733,5244.70818953722
5101.604474116966,5085.113194043926,5330.892807856973,5293.176940449799,5270.512824342367,5278.768237468396,5245.929564899516
5102.950636496577,5086.520701226496,5332.520612695743,5294.766634560173,5271.848877614012,5280.087826035588,5247.119493082264
5104.261576939052,5087.892453252796,5334.108020574523,5296.317350354424,5273.151205139146,5281.373938823379,5248.278957014787
5105.538410934049,5089.229545890541,5335.656228884492,5297.830211349062,5274.4208358883325,5282.627604549753,5249.40890447613
5106.782212960129,5090.533035719612,5337.166393778295,5299.3063033521175,5275.658761869015,5283.849814023886,5250.510248631177
5107.994018265527,5091.803941962021,5338.639631710008,5300.746675853082,5276.865939792967,5285.041523988486,5251.5838696342325
5109.174824483409,5093.043247890593,5340.077020959295,5302.152343386751,5278.043293140546,5286.203656892705,5252.630616135854
5110.325593125488,5094.251902068197,5341.479603219852,5303.5242867172465,5279.1917127319975,5287.337102552693,5253.6513066428815
5111.447251039254,5095.4308200572905,5342.848384513505,5304.863454450406,5280.312058230039,5288.44271953346,5254.6467292815
5112.54069178295,5096.580885296364,5344.184337172218,5306.170764055079,5281.405159409893,5289.521336344091,5255.617645983807
5113.606776994384,5097.702950689964,5345.488400772032,5307.447103121039,5282.471817264288,5290.57375258651,5256.564790775992
5114.64633760756,5098.797839602795,5346.76148331504,5308.693329736351,5283.512805050663,5291.600739975179,5257.488872197182
5115.660175102007,5099.866346986615,5348.004462634732,5309.91027424145,5284.528869579444,5292.603043804517,5258.390573893548
5116.6490626595605,5100.90924070385,5349.218187429818,5311.0987406775275,5285.520732183946,5293.581383803543,5259.270555251704
5117.613746280158,5101.927262230495,5350.403478271088,5312.259506975683,5286.489089746141,5294.536454913594,5260.129453434411
5118.554945907948,5102.921127993619,5351.56112870347,5313.393326150733,5287.434614955573,5295.468927872866,5260.967883375962
5119.473356276018,5103.891530084072,5352.691906358482,5314.50092735781,5288.357958169057,5296.379451279383,5261.786438853658
5120.369648073883,5104.839137304409,5353.796553787879,5315.583016600838,5289.259748002816,5297.268651652067,5262.585693416782
5121.244468834537,5105.764596078064,5354.875789266558,5316.640277441225,5290.1405919469535,5298.137134385143,5263.366201092058
5122.098443812974,5106.668531145802,5355.930308093302,5317.673372176316,5291.001077247164,5298.985484628995,5264.128496892629
5122.9321768671,5107.5515466095485,5356.960783015681,5318.68294240207,5291.84177177513,5299.814268026214,5264.87309811431
5123.746251234035,5108.414226474823,5357.967865308499,5319.669609589942,5292.663224637383,5300.624031429642,5265.600504596193
5124.541230351691,5109.257135578166,5358.952185565463,5320.633976246462,5293.465966857247,5301.415303575103,5266.311199531432
5125.317658626099,5110.080820226221,5359.914354398854,5321.576626298118,5294.250512179564,5302.1885959564315,5267.00565005289
5126.076062396156,5110.885808842632,5360.854962391221,5322.498125638551,5295.017357768992,5302.944403360926,5267.6843072950705
5126.816950064918,5111.672612783487,5361.774582353284,5323.399022562683,5295.766984671515,5303.683204468846,5268.347608199451
5127.540813214803,5112.441726765401,5362.673768899531,5324.279848943006,5296.499858363175,5304.405461937328,5268.995975157477
5128.248127127401,5113.193629659449,5363.553059333773,5325.141120714897,5297.216429031806,5305.111624032552,5269.629816763746
5128.9393513516325,5113.928784950089,5364.412974257519,5325.983338170576,5297.917133074218,5305.802124506282,5270.249528348978
5129.6149303981465,5114.647641334288,5365.254018257273,5326.806986617158,5298.602392825187,5306.477383205551,5270.855492489487
5130.27529423006,5115.350633315575,5366.076680363154,5327.6125371163835,5299.272617273043,5307.137806602074,5271.448079431535
5130.920858991579,5116.038181597412,5366.881434575158,5328.4004458403215,5299.928202547246,5307.783788346004,5272.0276475187175
5131.552026891797,5116.710693725279,5367.668740532,5329.171156773043,5300.569532380513,5308.4157096511835,5272.594543787753
5132.169187423779,5117.368564430926,5368.43904403202,5329.925100078241,5301.196978545749,5309.033939704215,5273.149104346919
5132.772717654266,5118.01217617517,5369.192777362741,5330.662693497561,5301.81090124163,5309.638836302325,5273.691654486249
5133.362982523047,5118.641899565685,5369.930359657209,5331.384342587155,5302.411649643061,5310.230746150364,5274.222509282848
5133.940335335212,5119.25809373272,5370.652197510283,5332.090441176411,5302.999562187444,5310.810005105256,5274.741974104769
5134.505118287635,5119.861106834114,5371.3586856290985,5332.781371913899,5303.574966958046,5311.376938608892,5275.250344762617
5135.057662830354,5120.4512763257535,5372.05020692454,5333.4575059243725,5304.138182063987,5311.93186230772,5275.747907912693
5135.598289698918,5121.028929435101,5372.727133018379,5334.1192040732985,5304.6895160771255,5312.475082160457,5276.234941381249
5136.1273100763565,5121.594383463381,5373.3898246287135,5334.766817018309,5305.229268210787,5313.006894841814,5276.711714476589
5136.645025240921,5122.147946129979,5374.0386319409645,5335.400685384813,5305.757728371962,5313.527588071986,5277.178488288741
5137.151727249411,5122.689915966224,5374.673894915839,5336.021140222356,5306.2751782887835,5314.03744092038,5277.63551597877
5137.64769920764,5123.220582539756,5375.295943735403,5336.628503288468,5306.781891170485,5314.536724109665,5278.083043057673
5138.133215246932,5123.74022685481,5375.905099054387,5337.22308733858,5307.278132144061,5315.025700301237,5278.52130765366
5138.608541383592,5124.249121575818,5376.501672339829,5337.805196424678,5307.764158529159,5315.504624374424,5278.950540765201
5139.073935603824,5124.747531348196,5377.085966196961,5338.375126218038,5308.240220123483,5315.973743693194,5279.370966510254
5139.529648036386,5125.235713076275,5377.658274660667,5338.933164205174,5308.706559722077,5316.433298360208,5279.782802362625
5139.975921302996,5125.7139161444165,5378.218883525042,5339.4795900392155,5309.163412035733,5316.883521465001,5280.186259403424
5140.412990780253,5126.182382734515,5378.768070030283,5340.014675728116,5309.611006493375,5317.3246393261525,5280.581542459673
5140.841085392197,5126.64134800124,5379.306104212637,5340.538685868693,5310.049565018709,5317.7568717179,5280.968850417725
5141.260425075171,5127.091040357842,5379.833248438945,5341.0518778879705,5310.479303406976,5318.180432063276,5281.348376368771
5141.671226523369,5127.531681677887,5380.349757747698,5341.554502445513,5310.9004313050855,5318.595527672844,5281.720307799082
5142.073697974934,5127.963487500997,5380.855880152156,5342.046803278095,5311.313152440402,5319.002359960714,5282.084826817341
5142.468042094615,5128.386667285715,5381.351856859004,5342.529017495084,5311.717664868041,5319.401124610975,5282.4421103078985
5142.854455650236,5128.801424551264,5381.837922461699,5343.001376199412,5312.114160900143,5319.792011793972,5282.792330105148
5143.233129788315,5129.207957125052,5382.314305142738,5343.464104287807,5312.502827586773,5320.1752062973455,5283.135653145699
5143.604250089416,5129.606457292466,5382.781226942129,5343.917420717859,5312.883846834018,5320.550887777215,5283.472241678494
5143.967996909178,5129.997111988776,5383.23890386534,5344.361538688169,5313.257395473752,5320.91923081888,5283.802253342984
5144.324545146441,5130.380102987291,5383.687546159891,5344.796665866255,5313.6236454778955,5321.280405214578,5284.125841425663
5144.674065043342,5130.75560703141,5384.127358436776,5345.223004514054,5313.982764113627,5321.634576081703,5284.443154867014
5145.016721981815,5131.123796037717,5384.558539851709,5345.640751665176,5314.334914423757,5321.981904028786,5284.75433855273
5145.352676651927,5131.484837212121,5384.981284270138,5346.050099184498,5314.680253692623,5322.322545225008,5285.059533312822
5145.682085259603,5131.838893224914,5385.395780547823,5346.451234158355,5315.018936920491,5322.656651622012,5285.3588761521205
5146.005099659628,5132.186122347765,5385.80221253009,5346.844338834745,5315.351113671732,5322.984371004161,5285.652500298918
5146.321867507731,5132.526678579598,5386.200758974479,5347.22959082462,5315.676929816011,5323.305847188609,5285.940535367625
5146.632532374001,5132.860711808085,5386.591594363075,5347.607163241279,5315.996527339132,5323.621220125106,5286.223107482149
5146.937233889064,5133.188367903581,5386.974888540078,5347.977224848383,5316.3100444889205,5323.930626045465,5286.5003393610095
5147.236107846665,5133.509788884769,5387.350806958639,5348.3399402215555,5316.6176158551325,5324.234197552063,5286.772350441516
5147.529286379567,5133.825112996591,5387.719510744448,5348.695469603004,5316.919372553928,5324.53206375732,5287.039256883951
5147.816898025745,5134.1344748662095,5388.081156999662,5349.04396944277,5317.215442053465,5324.824350350525,5287.301171745816
5148.099067869452,5134.438005577786,5388.435898865968,5349.385592747657,5317.505948677261,5325.111179726423,5287.55820522059
5148.3759176362955,5134.735832810309,5388.783885541784,5349.720486854475,5317.791013537912,5325.392671080628,5287.810464800879
5148.647565810887,5135.028080920786,5389.125262500466,5350.048798227035,5318.070754746372,5325.6689405161105,5288.058054147083
5148.914127752246,5135.314871055626,5389.460171493703,5350.370667948132,5318.345286791944,5325.940101134735,5288.301075669077
5149.175715708668,5135.5963212478455,5389.788750766315,5350.68623410855,5318.614722069005,5326.206263125614,5288.539628185853
5149.432438874569,5135.872546501005,5390.111135188951,5350.995631482771,5318.8791696023145,5326.467533852909,5288.773808199574
5149.684403773006,5136.143658901023,5390.427456211793,5351.298991497468,5319.1387358046,5326.724017938029,5289.0037097506365
5149.931714523146,5136.409767671148,5390.737841898474,5351.596442429408,5319.393524397543,5326.975817345751,5289.2294243996885
5150.174470772972,5136.670979299084,5391.0424174048885,5351.88810952985,5319.643636457497,5327.223031463922,5289.451041423651
5150.41277217169,5136.927397570586,5391.341304746042,5352.17411506024,5319.889170558027,5327.465757178422,5289.66864780874
5150.646714125123,5137.179123696274,5391.634622954625,5352.454578158458,5320.130222854332,5327.704088943097,5289.882328397221
5150.876390025875,5137.426256342241,5391.922488122448,5352.729615362724,5320.366887137636,5327.93811886201,5290.092165768312
5151.101890881013,5137.668891746336,5392.205013618244,5352.999340392499,5320.599254707212,5328.167936743709,5290.298240498555
5151.323305375815,5137.907123750374,5392.482310054696,5353.2638643011305,5320.827414804957,5328.393630179115,5290.500631190453
5151.540719937277,5138.14104390472,5392.754485403147,5353.5232954112635,5321.051454456072,5328.6152846021905,5290.699414666884
5151.754218831995,5138.3707415027575,5393.021645033905,5353.777739671042,5321.271458629399,5328.832983349686,5290.894665082757
5151.963884257906,5138.5963036740795,5393.283891822652,5354.027300508464,5321.487509937631,5329.046807729247,5291.086455883471
5152.169796292135,5138.817815421533,5393.541326253865,5354.272078936213,5321.69968942126,5329.256837069088,5291.274857990161
5152.372032976513,5139.035359702987,5393.794046374592,5354.512173642178,5321.908075928557,5329.463148775757,5291.459940786273
5152.570670543547,5139.249017472064,5394.042147908485,5354.747681011135,5322.112746482044,5329.665818399377,5291.641771955198
5152.765783745452,5139.45886774783,5394.28572442186,5354.978695234454,5322.313776264821,5329.864919667265,5291.820417540647
5152.957443762974,5139.664987660589,5394.524867352957,5355.205308381631,5322.511238667122,5330.060524559875,5291.9959420021505
5153.145722593451,5139.8674525088,5394.7596656966025,5355.427610315584,5322.705205361927,5330.252703330186,5292.1684082858565
5153.330688819044,5140.066335811021,5394.990206847277,5355.645688920244,5322.895746352166,5330.441524584119,5292.337877762351
5153.512409776258,5140.261709346808,5395.216575912422,5355.8596301058315,5323.082929951284,5330.627055293775,5292.50441036381
5153.690951180995,5140.453643222257,5395.438856107999,5356.069517822487,5323.266822890313,5330.809360873344,5292.668064641406
5153.86637716341,5140.642205897601,5395.657128743185,5356.275434134556,5323.44749039007,5330.988505194111,5292.828897856862
5154.03875032501,5140.827464244909,5395.871473300224,5356.477459259682,5323.624996144257,5331.1645506531295,5292.986965504397
5154.208131807465,5141.009483587238,5396.0819674367085,5356.675671627374,5323.799402381931,5331.337558188813,5293.1423223953325
5154.3745812852785,5141.188327735584,5396.288687117007,5356.870147916013,5323.970769916781,5331.507587344492,5293.295021672174
5154.538156953204,5141.364059042687,5396.49170652527,5357.060963101794,5324.1391581428425,5331.674696280887,5293.445115342098
5154.698915745306,5141.536738423592,5396.691098112719,5357.248190608765,5324.304625128076,5331.83894184493,5293.592654212203
5154.856913231409,5141.706425416867,5396.886932868081,5357.4319018081,5324.467227613948,5332.000379567639,5293.737687922865
5155.01220368473,5141.873178196759,5397.079280146181,5357.61216713429,5324.627021074879,5332.159063738977,5293.880264972818
5155.164840104654,5142.037053635865,5397.268207749639,5357.789055067607,5324.784059724648,5332.315047407061,5294.020432791527
5155.314874293944,5142.1981073122015,5397.453782005383,5357.962632689345,5324.938396578553,5332.468382431518,5294.158237711838
5155.462356858236,5142.356393572251,5397.636067751306,5358.132965617916,5325.090083453365,5332.619119508522,5294.293724922788
5155.607337240526,5142.511965533312,5397.815128441936,5358.300118048589,5325.239171022697,5332.767308196722,5294.426938730861
5155.749863759257,5142.664875146558,5397.991026125719,5358.464152778721,5325.3857088504765,5332.912996959914,5294.557922402129
5155.889983632377,5142.815173196292,5398.163821505681,5358.625131292655,5325.52974539576,5333.056233177755,5294.6867182365195
5156.027743034569,5142.962909360551,5398.3335739688755,5358.783113720655,5325.671328060355,5333.197063195707,5294.813367596878
5156.163187108635,5143.108132212113,5398.5003416116015,5358.938158780902,5325.810503210134,5333.335532327498,5294.937910919776
5156.296359888053,5143.2508892701035,5398.664181294443,5359.090324105902,5325.947316202882,5333.471684908401,5295.060387765349
5156.427304504086,5143.391227009612,5398.825148654158,5359.239666033522,5326.081811409046,5333.605564292139,5295.180836810345
5156.556063128753,5143.52919089949,5398.983298133215,5359.386239964979,5326.214032234708,5333.737212904422,5295.299296122197
5156.6826769977215,5143.664825422802,5399.13868302111,5359.530099092891,5326.3440211856405,5333.866672240975,5295.4158020426075
5156.807186421494,5143.798174102242,5399.29135546962,5359.671296996851,5326.471819850744,5333.993982911005,5295.530391437738
5156.929630835356,5143.92927952794,5399.44136656449,5359.809885131539,5326.597468831447,5334.119184647286,5295.643099521356
5157.050048801493,5144.058183374026,5399.588766261564,5359.945914133969,5326.721007966318,5334.242316332531,5295.753960959314
5157.168478057211,5144.184926431264,5399.733603434127,5360.079433557685,5326.842476230182,5334.363416023492,5295.863009671872
5157.284955509724,5144.309548617068,5399.875926017128,5360.210491929822,5326.961911777379,5334.482520963724,5295.970278855091
5157.399517271748,5144.432089010994,5400.015780914128,5360.339136741683,5327.0793519424715,5334.5996676156055,5296.075800997933
5157.512198671912,5144.55258586038,5400.153214105481,5360.465414503762,5327.194833289596,5334.714891665088,5296.179607913504
5157.62303428681,5144.671076616799,5400.2882703792275,5360.5893707822,5327.308391610332,5334.828228057672,5296.281730733279
5157.732057957134,5144.787597939178,5400.420993948885,5360.711050196122,5327.420061954568,5334.939710998321,5296.38219989571
5157.8393027976745,5144.902185729687,5400.55142789388,5360.8304963550845,5327.529878641455,5335.04937398876,5296.48104525588
5157.944801221913,5145.014875134172,5400.679614466119,5360.947752064557,5327.637875287268,5335.157249825235,5296.5782960273045
5158.048584954801,5145.125700581135,5400.805595046861,5361.062859222928,5327.7440848070055,5335.263370634015,5296.6739808165785
5158.150685071866,5145.234695780677,5400.9294101696905,5361.175858866049,5327.848539448431,5335.367767873,5296.768127618896
5158.251132001423,5145.341893751765,5401.051099545843,5361.286791185403,5327.951270794862,5335.470472356567,5296.8607638739995
5158.349955479763,5145.447326840212,5401.170702094167,5361.395695555427,5328.05230978553,5335.571514268086,5296.951916455777
5158.447184652435,5145.55102672174,5401.288255943137,5361.502610540418,5328.15168673209,5335.670923173409,5297.041611681056
5158.542848084828,5145.653024439202,5401.4037983882345,5361.60757392882,5328.249431324804,5335.76872804021,5297.129875332949
5158.636973741833,5145.753350392178,5401.517366052753,5361.710622739814,5328.345572683092,5335.864957244659,5297.216732661338
5158.729589059486,5145.852034376697,5401.6289948015265,5361.811793238109,5328.440139332832,5335.959638598565,5297.302208403703
5158.8207206938405,5145.9491055825165,5401.738719813929,5361.911120953482,5328.5331591572685,5336.052799342882,5297.386326817696
5158.910395079439,5146.044592612185,5401.846575429106,5362.0086407081435,5328.624659554031,5336.1444661837495,5297.469111672077
5158.998637903418,5146.138523500669,5401.952595503996,5362.104386641442,5328.714667363768,5336.234665288536,5297.550586213514
5159.085474387562,5146.230925715565,5402.056813099623,5362.198392184091,5328.803208895718,5336.323422301184,5297.630773246721
5159.170929238778,5146.321826187322,5402.159260652901,5362.29069003405,5328.890309924667,5336.410762364226,5297.709695142583
5159.255026666192,5146.411251303616,5402.259969960898,5362.381312335302,5328.9759957298575,5336.496710112417,5297.787373817965
5159.337790392816,5146.499226937118,5402.358972191797,5362.470290547913,5329.06029107742,5336.581289704841,5297.8638307483
5159.419243671982,5146.585778448798,5402.456297903344,5362.557655514997,5329.143220263167,5336.664524819948,5297.939086991085
5159.499409296483,5146.670930698769,5402.551977069471,5362.643437455782,5329.224807102802,5336.746438673466,5298.013163189697
5159.578309574899,5146.7547080663535,5402.646039069329,5362.7276659977415,5329.3050749459935,5336.827054031299,5298.08607957937
5159.655966406126,5146.837134447386,5402.73851267194,5362.810370172579,5329.384046689958,5336.906393209804,5298.157856005815
5159.732401251021,5146.918233280556,5402.829426142803,5362.891578448794,5329.4617447881665,5336.984478100547,5298.228511925971
5159.807635153382,5146.99802754403,5402.918807181619,5362.971318728882,5329.538191258385,5337.061330164973,5298.298066417757
5159.8816887121775,5147.076539774509,5403.006682949743,5363.0496183638215,5329.613407696925,5337.1369704549725,5298.366538193046
5159.954582169,5147.153792074756,5403.0930800893475,5363.12650416785,5329.68741528622,5337.211419618303,5298.433945597691
5160.026335347543,5147.229806119114,5403.17802472672,5363.202002511206,5329.760234802662,5337.284697902913,5298.500306644828
5160.096967690365,5147.304603172115,5403.261542490482,5363.2761389251,5329.831886625169,5337.356825176876,5298.56563899562
5160.166498263197,5147.378204085352,5403.343658518558,5363.348938917036,5329.90239074387,5337.427820922463,5298.629959929808
5160.2349457648,5147.450629319448,5403.424397468865,5363.420427183722,5329.971766780525,5337.4977042588025,5298.693286445119
5160.302328534025,5147.521898942432,5403.503783529363,5363.490628021382,5330.040033977583,5337.5664939406215,5298.755635209609
5160.3686645695125,5147.592032642986,5403.581840449319,5363.55956525028,5330.107211188663,5337.634208367254,5298.8170225769
5160.433971516446,5147.661049739826,5403.6585914513425,5363.627262228164,5330.173316950259,5337.700865596449,5298.877464584843
5160.498266657312,5147.728969183882,5403.734059428952,5363.693741859558,5330.238369438033,5337.766483341454,5298.936976976735
5160.561566988123,5147.795809575285,5403.808266776269,5363.7590266150555,5330.3023864855995,5337.831078990157,5298.995575193684
5160.623889167844,5147.861589160062,5403.881235481529,5363.823138525991,5330.365385596512,5337.894669602935,5299.053274392834
5160.685249541066,5147.926325848468,5403.95298711862,5363.886099168614,5330.427383945071,5337.957271923263,5299.110089452049
5160.745664146445,5147.9900372141465,5404.0235428616725,5363.947929743352,5330.488398389828,5338.018902386793,5299.16603496865
5160.805148719801,5148.052740504186,5404.0929234851865,5364.008651029767,5330.548445476671,5338.079577121023,5299.221125285827
5160.863718710405,5148.114452650066,5404.161149387289,5364.068283416667,5330.607541444329,5338.139311961195,5299.275374424233
5160.921389264315,5148.17519026341,5404.228240564193,5364.126846861833,5330.665702234206,5338.198122447559,5299.328796231066
5160.978175252886,5148.23496965682,5404.294216649207,5364.1843609986545,5330.72294349443,5338.256023837488,5299.381404245318
5161.034091280617,5148.293806840659,5404.359096921154,5364.240845051212,5330.779280589959,5338.313031110077,5299.433211771367
5161.089151675605,5148.351717528378,5404.4229003537985,5364.296317883232,5330.83472858795,5338.369158968599,5299.4842318709525
5161.143370501143,5148.408717152181,5404.485645348578,5364.350797997655,5330.88930230532,5338.424421853069,5299.534477368292
5161.196761565544,5148.464820857257,5404.547350294333,5364.404303546852,5330.943016275858,5338.478833936512,5299.583960851618
5161.249338423058,5148.520043515918,5404.608033028411,5364.456852337427,5330.995884772649,5338.532409140504,5299.632694694522
5161.301114379475,5148.574399731826,5404.667711115083,5364.508461847155,5331.047921809684,5338.585161135098,5299.680691044197
5161.352102499857,5148.627903839564,5404.726401797699,5364.559149207068,5331.099141147696,5338.637103339763,5299.7279618036255
5161.402315608844,5148.680569920186,5404.78412200143,5364.608931212756,5331.149556302395,5338.688248939634,5299.7745186821785
5161.451766312381,5148.732411798154,5404.840888341674,5364.657824369573,5331.199180550625,5338.738610880922,5299.8203731844
5161.500466984883,5148.783443048944,5404.896717137849,5364.705844860759,5331.248026916881,5338.788201876561,5299.865536605957
5161.548429747768,5148.833677008124,5404.951624417991,5364.75300858433,5331.296108195512,5338.837034418317,5299.910020104459
5161.595666531136,5148.883126767306,5405.0056259067005,5364.799331051532,5331.343436963012,5338.8851207712305,5299.953834381835
5161.64218905419,5148.931805189539,5405.0587370262165,5364.844827610514,5331.390025568058,5338.932472984871,5299.996990331713
5161.688008822746,5148.979724907267,5405.110972956148,5364.889513237965,5331.435886142306,5338.979102897995,5300.039498407228
5161.733137135818,5149.026898326147,5405.162348586835,5364.933402650358,5331.481030585326,5339.025022135469,5300.081368938046
5161.77758509241,5149.0733376360995,5405.212878635372,5364.976510287375,5331.52547061118,5339.070242122813,5300.122612072114
5161.821363594975,5149.119054807922,5405.262577184072,5365.018850317119,5331.569217713907,5339.114774083708,5300.1632377801325
5161.864483350271,5149.164061602767,5405.311458606482,5365.06043664314,5331.612283187201,5339.158629042445,5300.203255858367
5161.906954882827,5149.208369575876,5405.359536664344,5365.101282914004,5331.6546781259285,5339.201817835278,5300.242675933593
5161.948788527872,5149.2519900760035,5405.406824961716,5365.141402518092,5331.696413430903,5339.2443511070815,5300.281507463719
5161.989994440112,5149.294934256859,5405.453336857563,5365.18080858266,5331.737499812349,5339.286239317061,5300.319759737961
5162.030582614831,5149.337213075043,5405.499085473907,5365.219514008721,5331.777947798056,5339.327492746225,5300.357441892176
5162.070562801015,5149.378837295322,5405.544083697758,5365.257531450875,5331.817767725159,5339.368121493699,5300.394562904905
5162.109944684316,5149.41981749758,5405.588344187812,5365.294873328512,5331.856969745143,5339.408135486818,5300.431131587963
5162.148737712086,5149.460164073973,5405.631879383029,5365.331551824395,5331.895563847135,5339.447544482541,5300.467156618615
5162.186951186519,5149.499887239812,5405.674701495209,5365.367578900864,5331.933559842341,5339.486358066462,5300.502646515684
5162.224594248262,5149.5389970326,5405.716822514167,5365.402966300449,5331.970967376375,5339.52458566377,5300.537609654491
5162.261675880074,5149.577503314627,5405.758254231219,5365.437725546954,5332.0077959083565,5339.562236536924,5300.572054266895
5162.298204907665,5149.615415781065,5405.799008274084,5365.471867954076,5332.04405476224,5339.599319788419,5300.605988444479
5162.33419001438,5149.652743957847,5405.839095870749,5365.505404617007,5332.079753086427,5339.635844368768,5300.639420140141
5162.369639733268,5149.689497208198,5405.878528339209,5365.538346430428,5332.114899876832,5339.671819073975,5300.672357181497
5162.404562441843,5149.725684735833,5405.917316610602,5365.570704085867,5332.149503976025,5339.7072525510075,5300.704807261025
5162.438966367121,5149.761315584398,5405.9554714709775,5365.602488088458,5332.183574072811,5339.742153302291,5300.736777927073
5162.47285962026,5149.796398645894,5405.993003518885,5365.6337087362745,5332.217118707127,5339.77652968322,5300.768276599901
5162.506250162818,5149.8309426591,5406.02992316428,5365.664376143053,5332.250146271102,5339.81038991111,5300.79931059682
5162.539145822124,5149.8649562136725,5406.066240637896,5365.694500235634,5332.282665025604,5339.843742064571,5300.829887098584
5162.571554294246,5149.898447755756,5406.1019659872845,5365.7240907591795,5332.314683080869,5339.876594084159,5300.860013171641
5162.60348314507,5149.931425585985,5406.137109099198,5365.75315728119,5332.346208411297,5339.908953780205,5300.889695826567
5162.634939813442,5149.9638978647845,5406.171679684436,5365.781709192341,5332.377248857664,5339.940828830987,5300.918941695335
5162.665931611874,5149.99587261704,5406.20568726703,5365.809755711086,5332.407812127654,5339.972226785589,5300.947757685397
5162.696465733363,5150.027357729256,5406.239141206326,5365.837305883495,5332.437905800494,5340.003155069393,5300.9761503423915
5162.726549252941,5150.058360956376,5406.272050723735,5365.864368601045,5332.467537327597,5340.033620982167,5301.004126160816
5162.756189123454,5150.088889924668,5406.304424865492,5365.890952590276,5332.496714034491,5340.063631703209,5301.031691528757
5162.785392171351,5150.118952129251,5406.3362725279985,5365.917066411585,5332.525443123203,5340.093194293744,5301.058852728907
5162.814165127493,5150.148554941755,5406.3676024465785,5365.942718452605,5332.553731675148,5340.122315695206,5301.085615938474
5162.842514603606,5150.177705611347,5406.398423211758,5365.967916978073,5332.5815866612575,5340.151002737492,5301.111987232484
5162.870447103785,5150.206411262984,5406.428743264694,5365.992670088076,5332.60901493366,5340.179262137539,5301.137972593019
5162.897969027823,5150.234678905696,5406.458570900461,5366.0169857397705,5332.636023217966,5340.207100498499,5301.163577903415
5162.925086651372,5150.262515431875,5406.487914272101,5366.040871740155,5332.662618125648,5340.234524318758,5301.188808947347
5162.951806174281,5150.289927616517,5406.51678139372,5366.06433575861,5332.688806178966,5340.261539989588,5301.213671416916
5162.978133677985,5150.316922125385,5406.545180141125,5366.087385321528,5332.714593779062,5340.288153794228,5301.238170915828
5163.004075149061,5150.343505513306,5406.573118255155,5366.110027822198,5332.739987226266,5340.314371916979,5301.262312940085
5163.029636475246,5150.369684224218,5406.600603341286,5366.13227051734,5332.764992712073,5340.340200440588,5301.286102912065
5163.0548234475455,5150.395464598676,5406.627642884133,5366.154120526216,5332.789616328654,5340.365645345588,5301.309546151147
5163.079641762683,5150.420852871973,5406.654244238548,5366.175584849395,5332.813864066818,5340.390712518622,5301.332647906578
5163.104097026547,5150.445855174599,5406.680414629736,5366.196670355925,5332.8377418162245,5340.415407750131,5301.3554133377875
5163.128194754729,5150.470477539048,5406.706161144692,5366.217383789223,5332.86125537428,5340.439736734073,5301.377847521293
5163.151940365974,5150.494725897891,5406.731490774519,5366.237731772539,5332.884410441315,5340.463705075105,5301.399955453966
5163.175339197991,5150.518606084785,5406.756410381418,5366.257720808775,5332.907212623159,5340.487318286837,5301.421742040472
5163.198396501576,5150.542123840288,5406.780926713861,5366.277357282901,5332.929667434771,5340.510581791471,5301.443212124864
5163.221117455436,5150.565284810121,5406.805046402533,5366.296647464582,5332.95178030074,5340.533500926562,5301.464370463068
5163.243507102966,5150.588094546685,5406.828775967901,5366.315597509441,5332.973556557905,5340.556080943382,5301.485221737195
5163.265570483037,5150.61055851386,5406.852121819062,5366.33421346481,5332.995001451816,5340.578327006416,5301.505770554723
5163.28731250337,5150.632682085496,5406.875090255278,5366.352501269828,5333.016120148564,5340.600244199996,5301.526021449253
5163.3087380061,5150.6544705473525,5406.897687472619,5366.370466747188,5333.036917726933,5340.621837526585,5301.545978880652
5163.329851755336,5150.6759291010385,5406.919919560609,5366.388115620834,5333.057399183963,5340.643111906312,5301.565647243089
5163.350658439176,5150.697062862605,5406.941792505806,5366.405453513166,5333.077569435247,5340.664072183261,5301.585030854023
5163.371162670182,5150.717876864976,5406.963312194772,5366.422485944442,5333.097433313304,5340.6847231238235,5301.604133979878
5163.391368990512,5150.738376061007,5406.984484414811,5366.439218337278,5333.11699557737,5340.705069416369,5301.622960796293
5163.411281870265,5150.758565322228,5407.005314855363,5366.455656005774,5333.136260909063,5340.725115676988,5301.64151542828
5163.430905703334,5150.778449441722,5407.025809109562,5366.471804183337,5333.15523391423,5340.744866448061,5301.6598019297635
5163.45024481357,5150.798033136338,5407.045972677734,5366.487668001652,5333.173919125669,5340.764326197998,5301.677824297978
5163.469303463049,5150.817321045584,5407.065810971511,5366.503252502542,5333.192321003015,5340.783499326514,5301.695586452869
5163.488085843323,5150.836317734982,5407.085329309957,5366.518562636929,5333.210443935521,5340.802390163377,5301.713092256113
5163.506596109012,5150.8550276973865,5407.104532910919,5366.5336032674995,5333.228292230464,5340.821002968131,5301.730345522862
5163.524838234663,5150.873455352097,5407.123426917558,5366.548379166534,5333.245870138743,5340.839341935084,5301.747349998666
5163.542816300521,5150.89160504864,5407.142016385424,5366.562895022788,5333.263181829788,5340.857411192119,5301.764109373563
5163.560534214222,5150.909481067235,5407.160306285052,5366.5771554423145,5333.280231419791,5340.875214800417,5301.780627278773
5163.577995847667,5150.927087618107,5407.178301502685,5366.5911649472755,5333.297022954167,5340.89275675919,5301.796907288563
5163.595205012605,5150.944428845714,5407.196006843833,5366.604927975029,5333.3135604140425,5340.91004100455,5301.812952922454
5163.612165460955,5150.961508828308,5407.213427033358,5366.618448889303,5333.329847718991,5340.927071409247,5301.828767645142
5163.628880884251,5150.97833157772,5407.230566716782,5366.631731973768,5333.345888714366,5340.9438517871295,5301.844354867406
5163.645354916908,5150.9949010434875,5407.247430463904,5366.644781435439,5333.361687201641,5340.960385892077,5301.85971794734
5163.661591140386,5151.01122111203,5407.264022767479,5366.6576014049015,5333.377246911061,5340.976677417799,5301.874860190943
5163.6775930813865,5151.0272956068375,5407.2803480454595,5366.670195940676,5333.392571515818,5340.992730001972,5301.8897848539555
5163.69336420571,5151.043128292154,5407.296410642386,5366.682569028193,5333.407664630767,5341.00854722528,5301.90449514211
5163.708907931038,5151.058722872112,5407.312214836683,5366.694724581543,5333.422529813099,5341.024132611238,5301.918994207852
5163.724227623979,5151.074082991054,5407.327764812211,5366.706666445099,5333.437170562469,5341.039489630054,5301.933285159278
5163.739326589646,5151.089212237283,5407.343064717882,5366.7183983940195,5333.451590325835,5341.0546216977555,5301.947371055718
5163.754208086123,5151.1041141422065,5407.358118611347,5366.729924137606,5333.465792493788,5341.069532175769,5301.9612549115345
5163.768875320868,5151.118792179508,5407.372930488767,5366.741247319744,5333.479780404187,5341.084224375217,5301.974939686019
5163.783331450536,5151.1332497703115,5407.387504280042,5366.752371514362,5333.493557340637,5341.098701555631,5301.988428305998
5163.79757958879,5151.147490281461,5407.401843849696,5366.763300234309,5333.507126538811,5341.112966924985,5302.001723645487
5163.811622798341,5151.161517025463,5407.415952996264,5366.77403693149,5333.520491180665,5341.127023642153,5302.014828536417
5163.825464094701,5151.175333263482,5407.429835460257,5366.784584995567,5333.533654399116,5341.140874818007,5302.027745767492
5163.839106446891,5151.18894220605,5407.443494915557,5366.794947756627,5333.546619265246,5341.154523514697,5302.040478084881
5163.852552779074,5151.2023470123995,5407.456934984555,5366.805128480146,5333.559388816983,5341.167972746232,5302.053028192101
5163.865805970098,5151.215550791772,5407.470159218795,5366.815130381323,5333.571966042069,5341.1812254819015,5302.065398754495
5163.87886885502,5151.228556605929,5407.483171116999,5366.82495661374,5333.584353878334,5341.194284644877,5302.077592396086
5163.891744225727,5151.2413674681075,5407.495974118797,5366.834610275702,5333.59655521969,5341.207153111706,5302.089611697087
5163.904434831419,5151.253986343341,5407.508571605625,5366.844094410155,5333.608572913277,5341.219833716737,5302.101459199411
5163.916943379236,5151.266416151813,5407.520966900479,5366.853412006593,5333.620409761641,5341.23232925043,5302.113137410479
5163.929272534058,5151.27865976777,5407.533163279687,5366.862566000859,5333.632068523588,5341.244642459422,5302.124648797309
5163.941424923464,5151.290720019158,5407.545163961727,5366.871559278059,5333.643551914941,5341.25677604896,5302.135995790344
5163.953403134208,5151.3025996914685,5407.556972141805,5366.880394669204,5333.654862608882,5341.268732683313,5302.147180786897
5163.96520971245,5151.314301526488,5407.568590846889,5366.889074955793,5333.666003236696,5341.280514985418,5302.158206131269
5163.976847160867,5151.32582822222,5407.580023223113,5366.89760287154,5333.676976388219,5341.2921255376605,5302.1690741573675
5163.988317952074,5151.337182435493,5407.591272256437,5366.905981110773,5333.687784614572,5341.303566884158,5302.179787147924
5163.9996245182865,5151.348366782103,5407.602340909222,5366.91421228091,5333.6984304268335,5341.31484152989,5302.190347355794
5164.0107692555775,5151.359383836483,5407.613232095779,5366.922299000743,5333.708916293006,5341.325951940453,5302.200756999269
5164.021754553967,5151.370236132964,5407.623948684188,5366.9302438048435,5333.719244646003,5341.336900545442,5302.211018259594
5164.0325826470535,5151.380926167399,5407.634493494148,5366.938049192329,5333.729417880938,5341.347689737216,5302.221133295079
5164.043255909101,5151.391456396463,5407.644869297616,5366.945717617814,5333.739438355437,5341.3583218707045,5302.231104223725
