,CountryName,TotalPop,pop_over_65,X0to64,X65to79,over80,total,beta1,beta2,gamma1,gamma2,gamma3,hosp_rate,sympt_rate,mu,delta,beta1_UB,beta2_UB,gamma1_UB,gamma2_UB,gamma3_UB,hosp_rate_UB,sympt_rate_UB,mu_UB,delta_UB,beta1_LB,beta2_LB,gamma1_LB,gamma2_LB,gamma3_LB,hosp_rate_LB,sympt_rate_LB,mu_LB,delta_LB
1,Afghanistan,38928000,2.58492694,0.974150731,0.023516011,0.002333258,1,0.54901391,0.581375983,0.204843693,0.202843693,0.145587533,0.206366692,0.837680203,0.21,0.014695732,0.870576899,0.92078136,0.304252615,0.301226765,0.215895391,0.242582474,1,0.45,1,0.42190553,0.444816632,0.169714447,0.16869093,0.120509986,0.170127395,0.670344162,0.14,0.01
2,Albania,2867000,13.74473591,0.862552641,0.112966572,0.024480787,1,0.557696413,0.591488835,0.20843784,0.20643784,0.148087847,0.226547017,0.844934078,0.21,0.023701156,0.885801976,0.936877074,0.309588036,0.306450589,0.219712734,0.269086254,1,0.45,1,0.440522809,0.452562916,0.172750603,0.171637636,0.122675505,0.183894813,0.676147263,0.14,0.01
3,Algeria,43851000,6.362496545,0.936375035,0.05180741,0.011817555,1,0.55195093,0.584775311,0.206052354,0.204052354,0.146427922,0.213416301,0.840135623,0.21,0.017879191,0.875694779,0.926191961,0.306046718,0.302983093,0.217179604,0.251949437,1,0.45,1,0.429207103,0.447422832,0.170734229,0.169682421,0.121237047,0.174831357,0.672308498,0.14,0.01
4,Andorra,77000,NA,1,0,NA,NA,NA,NA,NA,NA,NA,NA,NA,NA,NA,NA,NA,NA,NA,NA,NA,NA,NA,1,NA,NA,NA,NA,NA,NA,NA,NA,0.01
5,Angola,32866000,2.216373648,0.977836264,0.02008841,0.002075326,1,0.548726696,0.581036324,0.204723102,0.202723102,0.14550354,0.20575232,0.837440643,0.21,0.014430525,0.870065567,0.920240802,0.304073571,0.301051407,0.215767429,0.24180141,1,0.45,1,0.421528859,0.444557023,0.169612283,0.168592195,0.120437049,0.169683142,0.670152514,0.14,0.01
6,Antigua and Barbuda,98000,8.79982552,0.912001745,0.072616623,0.015381633,1,0.553848482,0.586999258,0.206842416,0.204842416,0.146977815,0.217683702,0.841719887,0.21,0.019759434,0.879042886,0.929731491,0.307219625,0.304131626,0.218018412,0.257484599,1,0.45,1,0.432632844,0.449124823,0.171402425,0.170329808,0.12171382,0.177810188,0.673575909,0.14,0.01
7,Argentina,45303000,11.11778888,0.888822111,0.093429701,0.017748188,1,0.555654127,0.589126565,0.207597878,0.205597878,0.147503847,0.221629585,0.843226563,0.21,0.021478031,0.882245437,0.933117112,0.308341227,0.30523005,0.218820233,0.262545111,1,0.45,1,0.435376257,0.450751645,0.172041988,0.170948558,0.122170313,0.180620629,0.67478125,0.14,0.01
8,Armenia,2963000,11.25381766,0.887461823,0.087942181,0.024595996,1,0.555753382,0.589170898,0.207615376,0.205615376,0.14751459,0.22259913,0.843314981,0.21,0.022035093,0.882312617,0.933188326,0.308366795,0.305254257,0.218840452,0.264177162,1,0.45,1,0.438911844,0.450793443,0.172052685,0.170964743,0.122176976,0.180933155,0.674851985,0.14,0.01
9,Australia,25608000,15.65647523,0.843435248,0.122484564,0.034080188,1,0.559177971,0.59315156,0.209030316,0.207030316,0.148498749,0.230642616,0.846176709,0.21,0.025638604,0.888305622,0.93952406,0.310467192,0.307310627,0.220343446,0.274781778,1,0.45,1,0.446632173,0.453843456,0.173247492,0.172125008,0.123029054,0.18638097,0.677141367,0.14,0.01
10,Austria,8883000,19.00156646,0.809984335,0.150814797,0.039200868,1,0.561782021,0.596201046,0.210113713,0.208113713,0.149252758,0.236524586,0.848351018,0.21,0.028234712,0.892896577,0.944377502,0.312075562,0.308885547,0.221493745,0.282424074,1,0.45,1,0.451449086,0.456177505,0.174163635,0.17301282,0.123682711,0.190474283,0.678880815,0.14,0.01
11,Azerbaijan,10115000,6.195182751,0.938048173,0.052128429,0.009823398,1,0.551822419,0.584643639,0.206005117,0.204005117,0.146395422,0.212930914,0.840026869,0.21,0.017631154,0.875496435,0.925982226,0.305976699,0.302914747,0.21712902,0.251221318,1,0.45,1,0.428091942,0.447319993,0.170695358,0.169643229,0.121209566,0.174588382,0.672221495,0.14,0.01
12,Bahamas,393000,7.257602357,0.927423976,0.062486445,0.010089578,1,0.55265084,0.585628495,0.20635465,0.20435465,0.14663898,0.214649441,0.840717442,0.21,0.0183632,0.876979031,0.927549549,0.306495688,0.303423112,0.217499803,0.253377879,1,0.45,1,0.428937651,0.448072181,0.17099177,0.169929284,0.121421252,0.175858518,0.672773953,0.14,0.01
13,Bahrain,1702000,2.426333878,0.975736661,0.021798815,0.002464524,1,0.548890076,0.581226916,0.204790832,0.202790832,0.145550663,0.206128968,0.837577117,0.21,0.014598084,0.870352506,0.920544148,0.304174116,0.301149853,0.215839359,0.242294581,1,0.45,1,0.421865299,0.444702981,0.169669515,0.168647717,0.120477873,0.169941557,0.670261694,0.14,0.01
14,Bangladesh,164689000,5.15839064,0.948416094,0.04232714,0.009256766,1,0.551014288,0.583686222,0.205665242,0.203665242,0.14615866,0.211220085,0.839352954,0.21,0.016895899,0.874055125,0.92445854,0.305472071,0.302420487,0.21676841,0.24905571,1,0.45,1,0.427112275,0.446588403,0.170407322,0.169364995,0.121003908,0.173342134,0.671682363,0.14,0.01
15,Barbados,287000,15.80269396,0.84197306,0.121246575,0.036780365,1,0.559289321,0.593255141,0.209067768,0.207067768,0.148524279,0.231172123,0.846271751,0.21,0.025920475,0.888461725,0.93968916,0.310522638,0.307364611,0.220383821,0.275608627,1,0.45,1,0.448088328,0.45392567,0.173277633,0.172156386,0.123050198,0.186614374,0.677217401,0.14,0.01
16,Belarus,9448000,14.84514817,0.851548518,0.128600904,0.019850578,1,0.558559365,0.592567781,0.208819497,0.206819497,0.148354832,0.227787349,0.845649346,0.21,0.024125779,0.887425897,0.938593658,0.310155019,0.307006568,0.2201164,0.270343658,1,0.45,1,0.43893109,0.453381251,0.173077239,0.171948638,0.122909478,0.185102439,0.676719477,0.14,0.01
17,Belgium,11538000,18.78874374,0.812112563,0.145202696,0.042684741,1,0.561612535,0.595961315,0.210029546,0.208029546,0.149193357,0.236569424,0.848212683,0.21,0.028328598,0.892535916,0.943996331,0.311950376,0.308762489,0.221405321,0.282695976,1,0.45,1,0.453058883,0.45599853,0.174090109,0.172944907,0.123629695,0.190297669,0.678770147,0.14,0.01
18,Belize,398000,4.736458777,0.952635412,0.036887539,0.010477049,1,0.550683961,0.583279182,0.205521123,0.203521123,0.146057954,0.210683445,0.839078698,0.21,0.01669534,0.873442455,0.923810895,0.305258002,0.302210638,0.216615852,0.248463121,1,0.45,1,0.427443383,0.446279069,0.1702843,0.169247413,0.120915861,0.172866881,0.671462959,0.14,0.01
19,Benin,12123000,3.253605297,0.967463947,0.029205185,0.003330868,1,0.549534481,0.581985882,0.205060366,0.203060366,0.145738337,0.207539628,0.838114843,0.21,0.015212922,0.871495092,0.921752049,0.304574281,0.301541745,0.216125438,0.244104981,1,0.45,1,0.422855342,0.445283413,0.169897686,0.168868481,0.120640728,0.170945069,0.670691875,0.14,0.01
20,Bhutan,772000,6.003011713,0.939969883,0.047946878,0.01208324,1,0.551670266,0.584437802,0.205932661,0.203932661,0.146344443,0.212873945,0.839901958,0.21,0.017655684,0.875186718,0.925654876,0.305868976,0.302808946,0.217052721,0.251290528,1,0.45,1,0.429099887,0.447165472,0.17063251,0.169584563,0.121164353,0.174409415,0.672121566,0.14,0.01
21,Bolivia,11673000,7.191947392,0.928080526,0.058229982,0.013689492,1,0.552596029,0.585524237,0.206318585,0.204318585,0.146613079,0.214941041,0.840674766,0.21,0.018563874,0.876822316,0.927383982,0.306441917,0.303369998,0.217462424,0.253964265,1,0.45,1,0.430704419,0.447996767,0.170958987,0.169900757,0.121397321,0.175859586,0.672739813,0.14,0.01
22,Bosnia and Herzegovina,3281000,16.47031747,0.835296825,0.138410091,0.026293084,1,0.559820555,0.594001878,0.209330032,0.207330032,0.148709294,0.231080044,0.846705706,0.21,0.025655983,0.889585169,0.940876501,0.310912697,0.307747994,0.220659439,0.274843552,1,0.45,1,0.443260534,0.454483581,0.173506517,0.172368106,0.123215184,0.187178126,0.677564565,0.14,0.01
23,Botswana,2352000,4.223874346,0.957761257,0.038941932,0.003296811,1,0.550291325,0.582888641,0.205380691,0.203380691,0.145961601,0.209078609,0.838745518,0.21,0.015862627,0.872854081,0.923188695,0.305049918,0.302007679,0.216465169,0.246019337,1,0.45,1,0.423488292,0.445972576,0.170169498,0.169130556,0.120834884,0.17209894,0.671196415,0.14,0.01
24,Brazil,212559000,8.922837832,0.910771622,0.075424068,0.01380431,1,0.553946009,0.587132587,0.206889319,0.204889319,0.14701084,0.217705786,0.841799845,0.21,0.01973484,0.879243495,0.929943518,0.307289365,0.304200136,0.218067776,0.257414277,1,0.45,1,0.431921869,0.44922478,0.171443177,0.170367753,0.121743155,0.177921872,0.673639876,0.14,0.01
25,Brunei,437000,4.873147568,0.951268524,0.04187202,0.006859455,1,0.550794196,0.583449714,0.205580701,0.203580701,0.146100246,0.210502845,0.839167546,0.21,0.016541198,0.873698936,0.924081929,0.305346686,0.302297954,0.216678164,0.248013864,1,0.45,1,0.425715315,0.446405059,0.170337043,0.169295171,0.120954051,0.172949954,0.671534037,0.14,0.01
26,Bulgaria,6916000,21.02191443,0.789780856,0.175435751,0.034783393,1,0.56336231,0.59813298,0.210798098,0.208798098,0.14973069,0.239251017,0.849664244,0.21,0.029291997,0.895804579,0.947451549,0.313092038,0.309881819,0.222218536,0.285545286,1,0.45,1,0.450580729,0.457647292,0.174747002,0.173571567,0.124100033,0.192781313,0.679931395,0.14,0.01
27,Burkina Faso,20903000,2.406980829,0.975930192,0.022289122,0.001780686,1,0.548875664,0.581217124,0.204787181,0.202787181,0.145548264,0.206022975,0.837564538,0.21,0.014538578,0.870337721,0.920528499,0.304168736,0.301144667,0.215835321,0.242120179,1,0.45,1,0.421508362,0.444694711,0.169666832,0.168644543,0.120476054,0.169903482,0.67025163,0.14,0.01
28,Burundi,11891000,2.24694046,0.977530595,0.020196517,0.002272887,1,0.548750341,0.58106238,0.204732399,0.202732399,0.145509978,0.205822653,0.837460511,0.21,0.0144645,0.870104805,0.920282287,0.304087364,0.301064894,0.215777338,0.241901247,1,0.45,1,0.421648712,0.444577145,0.169620052,0.168599855,0.120442569,0.169723863,0.670168409,0.14,0.01
29,Cabo Verde,556000,4.609327157,0.953906728,0.037616583,0.008476688,1,0.550586798,0.583184954,0.205487171,0.203487171,0.146034715,0.210261266,0.838996063,0.21,0.016473883,0.873300478,0.923660747,0.30520771,0.302161617,0.216579358,0.247813329,1,0.45,1,0.426352023,0.446204809,0.170256705,0.169219088,0.120896435,0.172671586,0.67139685,0.14,0.01
30,Cambodia,16719000,4.568680018,0.9543132,0.041195252,0.004491548,1,0.550559079,0.583194974,0.205489698,0.203489698,0.146037322,0.209758272,0.838969642,0.21,0.016175578,0.873315304,0.923676307,0.305211704,0.302166017,0.216581072,0.246939804,1,0.45,1,0.424320264,0.44620783,0.170261264,0.169220069,0.120900261,0.172535543,0.671375714,0.14,0.01
31,Cameroon,26546000,2.728877355,0.972711227,0.02483463,0.002454143,1,0.54912607,0.581508406,0.204890713,0.202890713,0.145620279,0.206608871,0.83777377,0.21,0.014800687,0.870776254,0.92099211,0.304322425,0.301295136,0.215945291,0.242891552,1,0.45,1,0.422062782,0.44491787,0.169754269,0.168729434,0.120538413,0.170301355,0.670419016,0.14,0.01
32,Canada,37684000,17.23200668,0.827679933,0.13788157,0.034438497,1,0.560406527,0.594612504,0.209548808,0.207548808,0.148860046,0.233187125,0.847200804,0.21,0.026721726,0.890504916,0.941849038,0.311237052,0.308064732,0.220893448,0.277972634,1,0.45,1,0.447868008,0.454959217,0.173687208,0.172549326,0.123343086,0.188263735,0.677960643,0.14,0.01
33,Central African Republic,4830000,2.825773707,0.971742263,0.025977404,0.002280333,1,0.549201823,0.581600606,0.204923384,0.202923384,0.145643087,0.206743817,0.837836753,0.21,0.014853983,0.870915037,0.921138819,0.304370947,0.301342689,0.215979899,0.243048818,1,0.45,1,0.422040276,0.444988057,0.169782095,0.168756118,0.120558314,0.170412838,0.670469402,0.14,0.01
34,Chad,16426000,2.480518944,0.975194811,0.022151716,0.002653473,1,0.548932151,0.581275041,0.204807957,0.202807957,0.145562559,0.206235907,0.837612337,0.21,0.014647345,0.870424964,0.920620752,0.304199533,0.301174728,0.215857568,0.242439469,1,0.45,1,0.421996645,0.444739941,0.169683931,0.16866178,0.120488143,0.170010194,0.67028987,0.14,0.01
35,Chile,19116000,11.52980166,0.884701983,0.095445747,0.019852269,1,0.555973393,0.589484488,0.207725425,0.205725425,0.147592298,0.222516134,0.843494371,0.21,0.021897981,0.882784381,0.933686913,0.308530489,0.305415191,0.218956022,0.263779609,1,0.45,1,0.436710659,0.451027341,0.172148935,0.17105349,0.122246404,0.181157214,0.674995497,0.14,0.01
36,China,1401379000,10.92088354,0.890791165,0.095252216,0.013956619,1,0.555504333,0.588988942,0.207548065,0.205548065,0.147469933,0.220899433,0.843098574,0.21,0.021087884,0.882038018,0.932897732,0.308267493,0.305158284,0.218766483,0.261400717,1,0.45,1,0.433337172,0.450642174,0.172002021,0.170906769,0.122142307,0.180302897,0.674678859,0.14,0.01
37,Colombia,50883000,8.47804702,0.91521953,0.069937777,0.014842693,1,0.553598034,0.586706471,0.206738385,0.204738385,0.146905423,0.217112791,0.841510731,0.21,0.019506551,0.878602097,0.929265498,0.307065187,0.303980406,0.217907946,0.256740229,1,0.45,1,0.432146166,0.448900672,0.171314482,0.170244545,0.121651081,0.177415415,0.673408584,0.14,0.01
38,Congo (Brazzaville),5518000,2.681719539,0.973182805,0.023705916,0.003111279,1,0.54908863,0.581456664,0.204872522,0.202872522,0.145607462,0.206606175,0.837743118,0.21,0.014813683,0.870698404,0.920909831,0.304295375,0.301268558,0.215926157,0.242928949,1,0.45,1,0.422361726,0.444879131,0.169738436,0.16871473,0.12052701,0.170259694,0.670394494,0.14,0.01
39,Congo (Kinshasa),89561000,3.017840622,0.969821594,0.028102218,0.002076189,1,0.54935184,0.581781678,0.204987583,0.202987583,0.145687875,0.207026747,0.837961596,0.21,0.01496917,0.871187605,0.921426957,0.304466285,0.301436106,0.216047939,0.243388486,1,0.45,1,0.422066276,0.445126057,0.169836691,0.168808588,0.12059734,0.170636906,0.670569277,0.14,0.01
40,Costa Rica,5094000,9.549847673,0.904501523,0.077974672,0.017523804,1,0.554431357,0.587671073,0.207081355,0.205081355,0.147143894,0.219111876,0.842207401,0.21,0.020409116,0.880054358,0.930800822,0.307574283,0.304478784,0.218272351,0.259395935,1,0.45,1,0.434212872,0.449640201,0.171603862,0.170525887,0.121857398,0.178749842,0.673965921,0.14,0.01
41,Cote d'Ivoire,26378000,2.858943015,0.97141057,0.025914475,0.002674955,1,0.549227301,0.581626718,0.204932751,0.202932751,0.145649532,0.206839964,0.837858313,0.21,0.014903107,0.870954371,0.921180412,0.304384832,0.301356243,0.21598993,0.243193023,1,0.45,1,0.422260994,0.44500845,0.169789804,0.16876389,0.120563764,0.170460991,0.67048665,0.14,0.01
42,Croatia,4052000,20.44543301,0.79554567,0.168036199,0.036418131,1,0.56291102,0.597577235,0.21060132,0.20860132,0.149593195,0.238514233,0.849289531,0.21,0.029015764,0.89496808,0.946567296,0.312799753,0.309595299,0.222010229,0.284729165,1,0.45,1,0.45101676,0.457224912,0.174579049,0.173411013,0.123979832,0.192131264,0.679631625,0.14,0.01
43,Cuba,11327000,15.18621142,0.848137886,0.121315533,0.030546581,1,0.558814698,0.592756618,0.208889263,0.206889263,0.148401189,0.2295062,0.845871037,0.21,0.025082302,0.887710858,0.938895208,0.310257964,0.307106102,0.220192988,0.273147468,1,0.45,1,0.444539692,0.453537837,0.173129953,0.172008637,0.122945603,0.185743616,0.67689683,0.14,0.01
44,Cyprus,1207000,13.71906177,0.862809382,0.112529077,0.02466154,1,0.557676207,0.591462789,0.208428644,0.206428644,0.1480814,0.226526078,0.84491739,0.21,0.023696194,0.885762779,0.936835642,0.309574371,0.30643718,0.219703025,0.269071389,1,0.45,1,0.440596526,0.452543242,0.172742691,0.171630162,0.122669828,0.183868237,0.676133912,0.14,0.01
45,Czech Republic,10631000,19.42087689,0.805791231,0.165834573,0.028374196,1,0.56211991,0.596720925,0.210295393,0.208295393,0.149381679,0.236000356,0.84862357,0.21,0.027780275,0.893678492,0.945203788,0.312345985,0.309151776,0.22168381,0.281099801,1,0.45,1,0.446284208,0.456561829,0.174324349,0.173158514,0.123799053,0.190735076,0.679098856,0.14,0.01
46,Denmark,5840000,19.81295264,0.801870474,0.162438777,0.035690749,1,0.562418412,0.596997757,0.210395511,0.208395511,0.149449907,0.237428577,0.848878419,0.21,0.028541275,0.8940957,0.945645046,0.312494202,0.309296073,0.22179177,0.283332105,1,0.45,1,0.450227125,0.45678167,0.174404864,0.173242425,0.123855518,0.19136261,0.679302735,0.14,0.01
47,Djibouti,988000,4.527579378,0.954724206,0.04013821,0.005137583,1,0.550526374,0.583148998,0.205473551,0.203473551,0.146025931,0.209763985,0.838942927,0.21,0.016191889,0.873246135,0.923603203,0.305187688,0.302142413,0.216564102,0.246986986,1,0.45,1,0.424617683,0.446173481,0.170247172,0.169207034,0.120890103,0.172500846,0.671354341,0.14,0.01
48,Dominica,72000,NA,1,0,NA,NA,NA,NA,NA,NA,NA,NA,NA,NA,NA,NA,NA,NA,NA,NA,NA,NA,NA,1,NA,NA,NA,NA,NA,NA,NA,NA,0.01
49,Dominican Republic,10848000,7.082817476,0.929171825,0.056707979,0.014120196,1,0.552510477,0.585417578,0.206280849,0.204280849,0.146586687,0.214814901,0.840603831,0.21,0.018519827,0.876661781,0.927214286,0.306385859,0.303315031,0.217422505,0.253833898,1,0.45,1,0.430847946,0.447915839,0.170926708,0.16987,0.121374203,0.175739197,0.672683065,0.14,0.01
50,Ecuador,17643000,7.157289727,0.928427103,0.058454446,0.013118451,1,0.552569568,0.585498858,0.206309432,0.204309432,0.146606821,0.21482312,0.840652238,0.21,0.018501753,0.876784073,0.927343538,0.306428361,0.303356788,0.217452578,0.253782005,1,0.45,1,0.430393965,0.447976728,0.170951567,0.169893113,0.121392103,0.175805781,0.672721791,0.14,0.01
51,Egypt,102334000,5.229779346,0.947702207,0.046360143,0.005937651,1,0.55107329,0.583792443,0.205702077,0.203702077,0.146185036,0.210968491,0.839399357,0.21,0.016718172,0.874214813,0.924627258,0.305526966,0.302474668,0.216806672,0.248536556,1,0.45,1,0.42549059,0.446665642,0.170440588,0.169394227,0.121028143,0.173354066,0.671719485,0.14,0.01
52,El Salvador,6486000,8.287090005,0.9171291,0.066408457,0.016462443,1,0.553447468,0.586509444,0.20666889,0.20466889,0.146856643,0.216987342,0.841386609,0.21,0.019488371,0.878305602,0.928952107,0.306961899,0.303879029,0.217834632,0.256684464,1,0.45,1,0.432832959,0.448752134,0.171254535,0.170188127,0.121608031,0.177223811,0.673309287,0.14,0.01
53,Eritrea,3213970,3.95,0.9605,0.035459078,0.004040922,1,0.550076959,0.582625009,0.205287336,0.203287336,0.145896377,0.208725001,0.8385675,0.21,0.015729183,0.872457263,0.922769222,0.304911254,0.301871754,0.216366336,0.245625144,1,0.45,1,0.423679084,0.445772173,0.170089836,0.169054377,0.120777877,0.1717894,0.671054,0.14,0.01
54,Equatorial Guinea,1403000,2.457877347,0.975421227,0.022254324,0.002324449,1,0.54891482,0.581257933,0.204801802,0.202801802,0.145558338,0.206163714,0.83759762,0.21,0.014609756,0.870399188,0.920593494,0.304190413,0.301165834,0.215850959,0.242329163,1,0.45,1,0.421815976,0.444726497,0.169678908,0.168656654,0.120484602,0.169976012,0.670278096,0.14,0.01
55,Estonia,1313000,19.62635685,0.803736432,0.164798401,0.031465168,1,0.562277093,0.59687493,0.210350837,0.208350837,0.149419667,0.236667076,0.848757132,0.21,0.028128543,0.893910527,0.94544917,0.312428124,0.30923186,0.221743364,0.282121755,1,0.45,1,0.447976638,0.456682992,0.174369519,0.173204721,0.123830876,0.191047598,0.679205706,0.14,0.01
56,Eswatini,1160000,4.014587941,0.959854121,0.037376919,0.00276896,1,0.55012861,0.582700339,0.205313738,0.203313738,0.145915048,0.20868778,0.838609482,0.21,0.015686092,0.872570582,0.92288898,0.304950534,0.301910388,0.21639403,0.245499907,1,0.45,1,0.423082561,0.445828206,0.170113009,0.169075632,0.120794611,0.171838277,0.671087586,0.14,0.01
57,Ethiopia,114964000,3.501132998,0.96498867,0.030465932,0.004545398,1,0.549726338,0.582201509,0.205137192,0.203137192,0.145791624,0.208066795,0.838275736,0.21,0.015461848,0.871819769,0.922095314,0.304688283,0.301653271,0.216207215,0.244836777,1,0.45,1,0.423632094,0.445449441,0.169962136,0.16893167,0.12068659,0.171266347,0.670820589,0.14,0.01
58,Fiji,896000,5.449680413,0.945503196,0.049781729,0.004715075,1,0.551246036,0.584011622,0.205779534,0.203779534,0.146239281,0.21118365,0.839542292,0.21,0.01678281,0.874544681,0.924975941,0.305642053,0.302587556,0.216888528,0.248728667,1,0.45,1,0.425022969,0.446831553,0.17050705,0.169457268,0.121075791,0.173588851,0.671833834,0.14,0.01
59,Finland,5548000,21.72078755,0.782792125,0.177980438,0.039227437,1,0.563902987,0.598729603,0.21101095,0.20901095,0.149878099,0.24085107,0.850118512,0.21,0.030063835,0.896703009,0.948401444,0.313407821,0.310190613,0.222445366,0.287813419,1,0.45,1,0.453284329,0.45810794,0.174924911,0.17374693,0.124226475,0.193710741,0.68029481,0.14,0.01
60,France,67443000,20.03462475,0.799653753,0.154673395,0.045672853,1,0.562581334,0.597084127,0.210428735,0.208428735,0.149470945,0.238879067,0.849022506,0.21,0.029369022,0.894226363,0.94578346,0.312542929,0.309342583,0.221829427,0.285757455,1,0.45,1,0.455396644,0.456859201,0.174427004,0.17327233,0.123869906,0.191846006,0.679418005,0.14,0.01
61,Gabon,2226000,3.563907468,0.964360925,0.031785922,0.003853152,1,0.549775995,0.582268196,0.205160677,0.203160677,0.145808139,0.20809046,0.83831654,0.21,0.01545696,0.871920114,0.922201373,0.304723196,0.301687557,0.216231955,0.244823314,1,0.45,1,0.423325954,0.445499549,0.169982481,0.168950696,0.120701222,0.171325819,0.670853232,0.14,0.01
62,Gambia,2417000,2.589980939,0.974100191,0.023461878,0.002437931,1,0.549017747,0.581379427,0.204844942,0.202844942,0.145588382,0.206386242,0.837683488,0.21,0.014706246,0.870582091,0.920786851,0.304254463,0.301228563,0.215896742,0.242613311,1,0.45,1,0.421961566,0.444819383,0.169715443,0.168691981,0.120510682,0.170135712,0.67034679,0.14,0.01
63,Georgia,3711000,14.86549143,0.851345086,0.123459549,0.025195365,1,0.558569888,0.592522563,0.208804831,0.206804831,0.148343477,0.228407622,0.845662569,0.21,0.024502895,0.887358171,0.938522215,0.310132919,0.306984264,0.220102141,0.271447551,1,0.45,1,0.441633148,0.453352936,0.173061556,0.171938097,0.122897512,0.185244233,0.676730056,0.14,0.01
64,Germany,82678000,21.461962,0.78538038,0.163916092,0.050703528,1,0.563689627,0.598351182,0.210879633,0.208879633,0.149784141,0.241701908,0.849950275,0.21,0.030670278,0.896134083,0.947800337,0.31321214,0.309997521,0.222308873,0.289584687,1,0.45,1,0.458883389,0.457832365,0.174806535,0.173642619,0.124140282,0.193655212,0.68016022,0.14,0.01
65,Ghana,31073000,3.068898007,0.96931102,0.027889368,0.002799612,1,0.549390941,0.58182048,0.205001538,0.203001538,0.145697448,0.207187505,0.837994784,0.21,0.015052673,0.871246064,0.921488776,0.304486962,0.301456273,0.216062916,0.243633541,1,0.45,1,0.422464366,0.445156521,0.169848093,0.168820204,0.120605381,0.17071358,0.670595827,0.14,0.01
66,Greece,10665000,21.65527208,0.783447279,0.155162135,0.061390585,1,0.563829722,0.598402716,0.210900677,0.208900677,0.149796541,0.243184847,0.850075927,0.21,0.031526903,0.89621235,0.947883382,0.31324274,0.310026187,0.222333783,0.292094165,1,0.45,1,0.464388497,0.457884118,0.174817914,0.173662752,0.124146883,0.194120367,0.680260741,0.14,0.01
67,Grenada,113000,9.621906796,0.903780932,0.078929798,0.01728927,1,0.554487798,0.587740902,0.207106072,0.205106072,0.147161171,0.219200652,0.842254239,0.21,0.020441592,0.880159463,0.930911926,0.307610999,0.30451478,0.21829851,0.25949194,1,0.45,1,0.434143181,0.44969324,0.171624977,0.170546047,0.121872514,0.178830433,0.674003392,0.14,0.01
68,Guatemala,17916000,4.812072508,0.951879275,0.038768975,0.00935175,1,0.550744065,0.583363006,0.205550577,0.203550577,0.146078721,0.210679888,0.839127847,0.21,0.016669632,0.87356857,0.923944184,0.305301805,0.302253684,0.216646818,0.248388902,1,0.45,1,0.426928019,0.446341757,0.170309973,0.169271204,0.120934359,0.172932105,0.671502278,0.14,0.01
69,Guinea,13133000,2.926022448,0.970739776,0.026676572,0.002583652,1,0.549279714,0.581690197,0.204955253,0.202955253,0.145665234,0.206936577,0.837901915,0.21,0.014941975,0.871049926,0.921281424,0.304418249,0.301388989,0.216013773,0.243307671,1,0.45,1,0.422260012,0.445056807,0.169808952,0.168782275,0.120577454,0.170538807,0.670521532,0.14,0.01
70,Guinea-Bissau,1968000,2.823716336,0.971762837,0.026350237,0.001886926,1,0.549200612,0.581603413,0.204924279,0.202924279,0.145643794,0.206697271,0.837835416,0.21,0.014825848,0.870919238,0.921143249,0.304372299,0.301344062,0.215980753,0.242966457,1,0.45,1,0.421841014,0.444989743,0.169783093,0.168756743,0.120559082,0.170401735,0.670468332,0.14,0.01
71,Guyana,787000,6.450271243,0.935497288,0.053722634,0.010780079,1,0.552020432,0.584869391,0.206085469,0.204085469,0.146451222,0.21344174,0.840192676,0.21,0.017867628,0.875836338,0.92634158,0.306095952,0.30303145,0.217214475,0.251916773,1,0.45,1,0.428744061,0.447493452,0.170762956,0.169709233,0.121257714,0.174912985,0.672354141,0.14,0.01
72,Haiti,11403000,4.949403848,0.950505962,0.042678099,0.00681594,1,0.550853719,0.583521154,0.20560604,0.20360604,0.146117915,0.210619305,0.839217112,0.21,0.016589483,0.873806478,0.924195615,0.305384312,0.302334818,0.216705028,0.248156192,1,0.45,1,0.425744518,0.446459549,0.170358569,0.169315891,0.120969433,0.173039741,0.67157369,0.14,0.01
73,Honduras,9905000,4.690617659,0.953093823,0.038352463,0.008553714,1,0.550650128,0.58325963,0.205513689,0.203513689,0.146053181,0.210398991,0.839048901,0.21,0.016533748,0.873412898,0.923779594,0.30524708,0.302200174,0.216607501,0.247989612,1,0.45,1,0.426445232,0.446261909,0.170279158,0.169240806,0.120912462,0.172770017,0.671439121,0.14,0.01
74,Hungary,9695000,19.15772538,0.808422746,0.164915917,0.026661336,1,0.561916364,0.596496749,0.210215404,0.208215404,0.149326293,0.23539353,0.848452521,0.21,0.027486962,0.893340911,0.944846868,0.312227317,0.30903574,0.221598559,0.280237902,1,0.45,1,0.445246328,0.456388694,0.174257518,0.173092602,0.123751561,0.190384243,0.678962017,0.14,0.01
75,Iceland,359000,14.79509256,0.852049074,0.116783401,0.031167525,1,0.558509005,0.592385426,0.20875771,0.20675771,0.148309369,0.228952625,0.84561681,0.21,0.024861694,0.887152114,0.938304554,0.31006259,0.306914639,0.220053612,0.272496621,1,0.45,1,0.444589977,0.453255176,0.173017956,0.171901172,0.122865516,0.185291846,0.676693448,0.14,0.01
76,India,1380004000,6.179955649,0.938200444,0.053644837,0.008154719,1,0.551812211,0.584649502,0.206006766,0.204006766,0.146396926,0.212723149,0.840016971,0.21,0.017507451,0.875505153,0.925991395,0.30597925,0.30291745,0.217130366,0.250859101,1,0.45,1,0.427242394,0.447322531,0.170697769,0.169644124,0.121211527,0.174533551,0.672213577,0.14,0.01
77,Indonesia,273524000,5.857165613,0.941428344,0.052185436,0.00638622,1,0.551562203,0.584370529,0.20590732,0.20390732,0.146327989,0.212015378,0.839807158,0.21,0.017170278,0.87508508,0.925547267,0.305831694,0.302773122,0.217024463,0.249868046,1,0.45,1,0.42613657,0.447107498,0.170614461,0.169562276,0.121152274,0.174110524,0.672045726,0.14,0.01
78,Iran,83993000,6.184573806,0.938154262,0.049049361,0.012796377,1,0.551811171,0.584598097,0.205989724,0.203989724,0.146384063,0.213241074,0.840019973,0.21,0.017826187,0.875428069,0.925910038,0.305953663,0.302891817,0.217113415,0.251791935,1,0.45,1,0.429580242,0.447288676,0.170680495,0.169631446,0.121198526,0.174641163,0.672215978,0.14,0.01
79,Iraq,40222000,3.323599663,0.966764003,0.029476804,0.003759193,1,0.549588649,0.582045837,0.205081751,0.203081751,0.14575315,0.207698035,0.83816034,0.21,0.015289084,0.871585374,0.921847503,0.304606009,0.301572773,0.216148223,0.244328807,1,0.45,1,0.423117686,0.445329682,0.169915571,0.168886094,0.120653442,0.171037786,0.670728272,0.14,0.01
80,Ireland,4933000,13.8658017,0.861341983,0.113657211,0.025000806,1,0.557790325,0.591595186,0.208475711,0.206475711,0.148114132,0.226796713,0.845012771,0.21,0.023817874,0.885962108,0.937046371,0.309644238,0.30650558,0.219753027,0.269429448,1,0.45,1,0.440865492,0.452644713,0.172782421,0.171668764,0.122698158,0.184050322,0.676210217,0.14,0.01
81,Israel,9152000,11.97698602,0.88023014,0.095644165,0.024125695,1,0.556317923,0.589849089,0.207855903,0.205855903,0.14768233,0.223697234,0.843785041,0.21,0.022489082,0.883333518,0.934267551,0.308723969,0.305604199,0.219095442,0.265515446,1,0.45,1,0.439159805,0.451310655,0.172257053,0.171161409,0.12232302,0.181783379,0.675228033,0.14,0.01
82,Italy,60250000,22.7516796,0.772483204,0.172700705,0.054816092,1,0.564691494,0.599501269,0.21128879,0.20928879,0.150068438,0.244204941,0.850788592,0.21,0.031816623,0.897865662,0.94963098,0.313819426,0.31059191,0.222743823,0.292956728,1,0.45,1,0.461816119,0.458715164,0.175151206,0.173978505,0.124385888,0.195280453,0.680830873,0.14,0.01
83,Jamaica,2961000,8.796642551,0.912033575,0.068577807,0.019388618,1,0.553841993,0.586948214,0.206825338,0.204825338,0.146965062,0.21811941,0.841717818,0.21,0.02002977,0.878966304,0.929650647,0.307194023,0.304106057,0.21800127,0.258275687,1,0.45,1,0.434646226,0.449090507,0.171385505,0.170316928,0.121701163,0.177894554,0.673574254,0.14,0.01
84,Japan,125661000,27.57636991,0.724236301,0.214101164,0.061662535,1,0.568447906,0.603906074,0.212853552,0.210853552,0.151157577,0.252629307,0.85392464,0.21,0.035524373,0.904496992,0.956641439,0.316142446,0.312866682,0.224405079,0.303872057,1,0.45,1,0.468492423,0.462085922,0.176474733,0.175260632,0.125330286,0.201172456,0.683339712,0.14,0.01
85,Jordan,10203000,3.846490398,0.961535096,0.033129502,0.005335402,1,0.549994927,0.582513211,0.205248,0.203248,0.145868687,0.208702814,0.838500219,0.21,0.015747649,0.872289049,0.922591433,0.304852768,0.301814303,0.21632493,0.245677796,1,0.45,1,0.424260856,0.445688325,0.170055676,0.169022546,0.120753292,0.171694702,0.671000175,0.14,0.01
86,Kazakhstan,18654000,7.391846271,0.926081537,0.064755137,0.009163326,1,0.552756477,0.585764457,0.206402656,0.204402656,0.146672635,0.214761001,0.8408047,0.21,0.018390427,0.877183645,0.927765829,0.306567025,0.303493106,0.217550493,0.253459357,1,0.45,1,0.42856169,0.448174904,0.171033064,0.169968309,0.121450879,0.17599789,0.67284376,0.14,0.01
87,Kenya,53771000,2.339186612,0.976608134,0.021466346,0.001925521,1,0.54882264,0.581152337,0.20476423,0.20276423,0.145532236,0.205931114,0.837520471,0.21,0.014502869,0.870240202,0.920425411,0.304134648,0.301111256,0.215811013,0.242014768,1,0.45,1,0.421535792,0.444645418,0.16964727,0.168625804,0.120462061,0.169825994,0.670216377,0.14,0.01
88,"Korea, South",51922000,9.33452041,0.906654796,0.072601406,0.020743798,1,0.554260182,0.587432178,0.206997417,0.204997417,0.147084708,0.219123705,0.842067438,0.21,0.020483376,0.87969494,0.930420958,0.307449452,0.304356107,0.218184107,0.259610366,1,0.45,1,0.435688259,0.449461559,0.171530691,0.170458089,0.121804673,0.178564443,0.673853951,0.14,0.01
89,Kosovo,1870000,14.41855583,0.855814442,0.144185558,NA,NA,NA,NA,NA,NA,NA,NA,NA,NA,NA,NA,NA,NA,NA,NA,NA,NA,NA,1,NA,NA,NA,NA,NA,NA,NA,NA,0.01
90,Kuwait,4271000,2.550472384,0.974495276,0.023420426,0.002084298,1,0.548987284,0.581346928,0.204833319,0.202833319,0.145580356,0.206284524,0.837657807,0.21,0.01465565,0.870533144,0.920735098,0.304237226,0.301211721,0.215884328,0.242464711,1,0.45,1,0.421757218,0.444794161,0.169705795,0.168682375,0.120503842,0.170080917,0.670326246,0.14,0.01
91,Kyrgyzstan,6489000,4.494727976,0.95505272,0.038811191,0.006136089,1,0.550499752,0.583106464,0.205458716,0.203458716,0.146015379,0.209821587,0.838921573,0.21,0.016237711,0.87318217,0.923535612,0.3051656,0.302120653,0.21654861,0.247120643,1,0.45,1,0.42509792,0.446142168,0.170233979,0.169195168,0.120880537,0.17248372,0.671337259,0.14,0.01
92,Laos,7276000,4.075149964,0.9592485,0.036207587,0.004543912,1,0.550174073,0.582735363,0.205326624,0.203326624,0.145923653,0.208979319,0.838648848,0.21,0.015847487,0.87262342,0.922944888,0.30496956,0.301928809,0.216408127,0.245973035,1,0.45,1,0.424015938,0.445857005,0.170122866,0.169086659,0.120801398,0.171949395,0.671119078,0.14,0.01
93,Latvia,1905000,20.04362032,0.799563797,0.169012,0.031424203,1,0.5626026,0.597263476,0.210488698,0.208488698,0.14951576,0.237326019,0.849028353,0.21,0.028406159,0.894495433,0.946067498,0.312632829,0.309432393,0.22188957,0.282939785,1,0.45,1,0.4482356,0.456979577,0.174486517,0.173317505,0.123914451,0.191543241,0.679422683,0.14,0.01
94,Lebanon,6825000,7.002368134,0.929976319,0.058072265,0.011951416,1,0.552449896,0.585368785,0.206262976,0.204262976,0.14657469,0.214448421,0.840551539,0.21,0.018318288,0.87658819,0.927136428,0.306359452,0.303289428,0.217403023,0.253243021,1,0.45,1,0.429703149,0.44787607,0.170912857,0.169854785,0.121364619,0.175595749,0.672641231,0.14,0.01
95,Liberia,5058000,3.2534318,0.967465682,0.029153414,0.003380905,1,0.549534296,0.581985121,0.205060109,0.203060109,0.145738147,0.207544856,0.838114731,0.21,0.015216208,0.871493948,0.921750842,0.304573896,0.301541362,0.216125178,0.244114595,1,0.45,1,0.422880394,0.445282889,0.169897437,0.168868284,0.120640544,0.170945964,0.670691785,0.14,0.01
96,Libya,6871000,4.392040259,0.956079597,0.037680477,0.006239926,1,0.550419551,0.583009718,0.205424414,0.203424414,0.145991449,0.209669736,0.838854826,0.21,0.016175766,0.873036538,0.923381661,0.30511466,0.30207074,0.216512254,0.246937985,1,0.45,1,0.42508135,0.446068429,0.170204812,0.169167131,0.120859688,0.172363806,0.671283861,0.14,0.01
97,Liechtenstein,38000,NA,1,0,NA,NA,NA,NA,NA,NA,NA,NA,NA,NA,NA,NA,NA,NA,NA,NA,NA,NA,NA,1,NA,NA,NA,NA,NA,NA,NA,NA,0.01
98,Lithuania,2767000,19.70503316,0.802949668,0.162022844,0.035027487,1,0.562334898,0.596905351,0.210362551,0.208362551,0.149427075,0.237184026,0.848808272,0.21,0.028423651,0.893956552,0.945497927,0.312445301,0.309248251,0.221756652,0.282986436,1,0.45,1,0.449821198,0.456710354,0.174377299,0.173215276,0.123835924,0.191219594,0.679246617,0.14,0.01
99,Luxembourg,622000,14.18315418,0.858168458,0.111819013,0.030012528,1,0.558032848,0.591830183,0.208560391,0.206560391,0.148172088,0.227852593,0.84521905,0.21,0.024371932,0.88631619,0.93742083,0.30976967,0.306627839,0.219844054,0.271055138,1,0.45,1,0.443599015,0.452829939,0.172851233,0.171739414,0.122746593,0.184538229,0.67637524,0.14,0.01
100,Madagascar,27691000,2.986717126,0.970132829,0.026027066,0.003840105,1,0.549325799,0.581731566,0.204970256,0.202970256,0.145675425,0.207171292,0.837941366,0.21,0.015068201,0.871112282,0.921347379,0.304440451,0.301410584,0.216029991,0.243677881,1,0.45,1,0.422932673,0.445089848,0.16982092,0.168794893,0.120585823,0.170638676,0.670553093,0.14,0.01
101,Malawi,19130000,2.64543493,0.973545651,0.024399975,0.002054374,1,0.549061385,0.581435602,0.204864776,0.202864776,0.145602287,0.206432223,0.837719533,0.21,0.01471743,0.87066663,0.920876211,0.304283937,0.301257483,0.215917685,0.242646782,1,0.45,1,0.421805792,0.444861824,0.169732504,0.168708104,0.120522924,0.170193264,0.670375626,0.14,0.01
102,Malaysia,32366000,6.671754625,0.933282454,0.056574556,0.010142991,1,0.552193826,0.585083016,0.206161107,0.204161107,0.146504075,0.213723819,0.840336641,0.21,0.017973142,0.876157883,0.92668148,0.306208302,0.303141584,0.217294542,0.252228529,1,0.45,1,0.428572,0.447655802,0.170827519,0.169770945,0.121303922,0.175162534,0.672469312,0.14,0.01
103,Maldives,541000,3.703344606,0.962966554,0.030193213,0.006840233,1,0.549881769,0.582362028,0.205194743,0.203194743,0.145831249,0.208640744,0.838407174,0.21,0.015753783,0.872061558,0.922350986,0.304773597,0.301736564,0.21626881,0.245693829,1,0.45,1,0.424921878,0.445574653,0.170009576,0.168979382,0.120720148,0.171557465,0.670925739,0.14,0.01
104,Mali,20251000,2.507229758,0.974927702,0.022666258,0.00240604,1,0.548953233,0.581302851,0.204817762,0.202817762,0.145569445,0.20625116,0.837629699,0.21,0.014648469,0.870466813,0.920664985,0.304214106,0.301189034,0.215867906,0.242443117,1,0.45,1,0.421890082,0.444760885,0.1696924,0.168669734,0.120494228,0.170036536,0.670303759,0.14,0.01
105,Malta,486000,20.3493243,0.796506757,0.16961703,0.033876213,1,0.562838597,0.597518357,0.210579772,0.208579772,0.149578716,0.238081809,0.849227061,0.21,0.028778328,0.894879282,0.946473352,0.312767912,0.309564418,0.221986759,0.284033028,1,0.45,1,0.449673782,0.457177011,0.174562306,0.173392689,0.123968236,0.191960973,0.679581649,0.14,0.01
106,Mauritania,4650000,3.141112158,0.968588878,0.028189075,0.003222047,1,0.549446845,0.58188257,0.205023679,0.203023679,0.14571279,0.207348793,0.838041723,0.21,0.015129927,0.87133956,0.921587627,0.304519813,0.301488402,0.216086501,0.243860589,1,0.45,1,0.422725235,0.445204413,0.169866623,0.168838434,0.120618556,0.170808808,0.670633378,0.14,0.01
107,Mauritius,1270000,11.47417307,0.885258269,0.100219449,0.014522282,1,0.555935333,0.589496714,0.207728388,0.205728388,0.147595493,0.221841386,0.843458212,0.21,0.021498159,0.882802441,0.933705853,0.308535211,0.305420469,0.218957871,0.262608797,1,0.45,1,0.433992404,0.451030485,0.172154679,0.17105446,0.122251268,0.180973756,0.67496657,0.14,0.01
108,Mexico,128933000,7.223684981,0.92776315,0.058998011,0.013238839,1,0.552621235,0.585559161,0.206330861,0.204330861,0.146621731,0.214941931,0.840695395,0.21,0.018554557,0.87687486,0.927439516,0.306460173,0.303387936,0.217475334,0.253937425,1,0.45,1,0.430499005,0.448022906,0.170969676,0.169910678,0.12140502,0.17588744,0.672756316,0.14,0.01
109,Moldova,3525000,11.46955634,0.885304437,0.100346671,0.014348892,1,0.555931905,0.589494501,0.207727558,0.205727558,0.147594951,0.221814973,0.843455212,0.21,0.021483267,0.882799099,0.933702314,0.308533989,0.305419294,0.218956949,0.262565151,1,0.45,1,0.433902095,0.451028594,0.17215408,0.171053734,0.122250865,0.180964448,0.674964169,0.14,0.01
110,Monaco,39000,NA,1,0,NA,NA,NA,NA,NA,NA,NA,NA,NA,NA,NA,NA,NA,NA,NA,NA,NA,NA,NA,1,NA,NA,NA,NA,NA,NA,NA,NA,0.01
111,Mongolia,3278000,4.083538787,0.959164612,0.036404104,0.004431283,1,0.550180729,0.582744516,0.205329843,0.203329843,0.14592592,0.208980268,0.8386543,0.21,0.015845465,0.872637191,0.922959443,0.304974346,0.301933511,0.216411513,0.245967232,1,0.45,1,0.423964907,0.445863862,0.170125666,0.169089262,0.120803414,0.171956899,0.67112344,0.14,0.01
112,Montenegro,622000,14.97493664,0.850250634,0.123250616,0.02649875,1,0.558653952,0.592608706,0.208835734,0.206835734,0.148364739,0.228725012,0.845733709,0.21,0.024665072,0.887487934,0.93865943,0.310178726,0.307028977,0.220135233,0.271923626,1,0.45,1,0.442362079,0.453420215,0.173086987,0.171963737,0.122915491,0.185403147,0.676786967,0.14,0.01
113,Morocco,36911000,7.012904821,0.929870952,0.061175574,0.008953474,1,0.552461112,0.58541456,0.206278445,0.204278445,0.146586108,0.214135401,0.840558388,0.21,0.018121508,0.876656904,0.927208983,0.306382603,0.303312473,0.217418703,0.252667293,1,0.45,1,0.428202244,0.447907535,0.170927799,0.169866624,0.121375721,0.175542333,0.672646711,0.14,0.01
114,Mozambique,31255000,2.890764457,0.971092355,0.026657434,0.002250211,1,0.549252546,0.581661408,0.204944951,0.202944951,0.145658125,0.206843839,0.837878997,0.21,0.014895608,0.871006566,0.921235577,0.304402973,0.301374066,0.216002767,0.243171506,1,0.45,1,0.422068668,0.445034441,0.169800413,0.168773756,0.120571402,0.170489514,0.670503197,0.14,0.01
115,Namibia,2541000,3.636031681,0.963639683,0.03230589,0.004054427,1,0.54983205,0.582332856,0.205183673,0.203183673,0.145824124,0.208227277,0.838363421,0.21,0.015519114,0.872017465,0.922304293,0.304757329,0.301720969,0.216256393,0.245006174,1,0.45,1,0.423475518,0.445549147,0.170001871,0.168969565,0.120715043,0.171416075,0.670890736,0.14,0.01
116,Nepal,29137000,5.727670776,0.942723292,0.049895166,0.007381542,1,0.551460202,0.584238155,0.205860605,0.203860605,0.14629522,0.211918966,0.839722986,0.21,0.01715094,0.874885871,0.925336703,0.305762269,0.302704993,0.216975159,0.249809715,1,0.45,1,0.426550455,0.447007594,0.170574222,0.169524326,0.12112339,0.173978322,0.671978389,0.14,0.01
117,Netherlands,17330000,19.19619263,0.808038074,0.155497278,0.036464648,1,0.561936566,0.596414883,0.210188885,0.208188885,0.14930573,0.236533058,0.848477525,0.21,0.028179438,0.893218306,0.944717537,0.312187347,0.308995385,0.221572809,0.282264926,1,0.45,1,0.450203167,0.45633758,0.174229075,0.173073578,0.123729845,0.190645691,0.67898202,0.14,0.01
118,New Zealand,4971000,15.65242453,0.843475755,0.124741898,0.031782348,1,0.559177109,0.593175367,0.209038171,0.207038171,0.148504711,0.230383413,0.846174076,0.21,0.025479629,0.888341312,0.939561724,0.310478994,0.30732247,0.220351219,0.274316488,1,0.45,1,0.445473645,0.453858963,0.173255549,0.172130808,0.123035138,0.186325597,0.677139261,0.14,0.01
119,Nicaragua,6625000,5.247497448,0.947525026,0.043721325,0.008753649,1,0.551084294,0.583775129,0.20569666,0.20369666,0.146180663,0.211306422,0.839410873,0.21,0.016921566,0.874188931,0.924599977,0.305518752,0.302466277,0.21680161,0.249132021,1,0.45,1,0.426918909,0.446655694,0.170434285,0.169390563,0.121023239,0.173437102,0.671728699,0.14,0.01
120,Niger,24207000,2.595007883,0.974049921,0.023940198,0.002009881,1,0.549022096,0.581389239,0.204848313,0.202848313,0.145590822,0.206347149,0.837686755,0.21,0.014680517,0.870596833,0.920802424,0.304259495,0.301233545,0.215900213,0.242538082,1,0.45,1,0.421749625,0.444826377,0.169718563,0.168694622,0.120512972,0.170132277,0.670349404,0.14,0.01
121,Nigeria,206140000,2.747377005,0.97252623,0.025467648,0.002006122,1,0.549140948,0.581530987,0.20489861,0.20289861,0.145625878,0.206589003,0.837785795,0.21,0.014782654,0.870810218,0.921028002,0.304334178,0.301306704,0.215953557,0.242839025,1,0.45,1,0.421849822,0.444934589,0.169761241,0.168735773,0.120543457,0.170313513,0.670428636,0.14,0.01
122,North Macedonia,2083000,13.67018138,0.863298186,0.136701814,NA,NA,NA,NA,NA,NA,NA,NA,NA,NA,NA,NA,NA,NA,NA,NA,NA,NA,NA,1,NA,NA,NA,NA,NA,NA,NA,NA,0.01
123,Norway,5422000,17.04922216,0.829507778,0.138452271,0.03203995,1,0.560266353,0.594471297,0.209498084,0.207498084,0.148825201,0.232632658,0.847081994,0.21,0.026435794,0.890292192,0.94162409,0.311161879,0.307991387,0.220839068,0.27713341,1,0.45,1,0.446539074,0.454848628,0.173645622,0.17250717,0.123313725,0.187993453,0.677865596,0.14,0.01
124,Oman,5107000,2.392786956,0.97607213,0.021011441,0.002916429,1,0.548863457,0.581190295,0.204777954,0.202777954,0.145541592,0.206125338,0.837555311,0.21,0.01460627,0.870297406,0.920485913,0.304154967,0.301131039,0.21582581,0.242318088,1,0.45,1,0.422070131,0.444675547,0.169658315,0.168637303,0.120469808,0.169911578,0.670244249,0.14,0.01
125,Pakistan,220892000,4.312774311,0.956872257,0.036446058,0.006681685,1,0.550357282,0.5829307,0.205396489,0.203396489,0.145971893,0.209592296,0.838803303,0.21,0.016152539,0.872917614,0.923255954,0.305073169,0.302030042,0.216482744,0.246868948,1,0.45,1,0.425250446,0.446008616,0.17018085,0.169144404,0.12084251,0.172279199,0.671242643,0.14,0.01
126,Panama,4315000,8.10473108,0.918952689,0.064139341,0.01690797,1,0.553304782,0.586334504,0.206606929,0.204606929,0.146813364,0.216746399,0.841268075,0.21,0.019396121,0.87804228,0.928673751,0.30686987,0.303788823,0.217769024,0.256412054,1,0.45,1,0.432934879,0.448619095,0.171201693,0.170137553,0.121570222,0.177016605,0.67321446,0.14,0.01
127,Papua New Guinea,8947000,3.445269251,0.965547308,0.03143523,0.003017462,1,0.549684293,0.582167891,0.205124869,0.203124869,0.14578336,0.207809899,0.838239425,0.21,0.015320408,0.871769063,0.922041667,0.304670077,0.301635624,0.216193774,0.244422108,1,0.45,1,0.422826114,0.445422001,0.169952606,0.16892117,0.120680001,0.171166255,0.67079154,0.14,0.01
128,Paraguay,7133000,6.430215009,0.93569785,0.054114844,0.010187306,1,0.55200538,0.584857852,0.206081222,0.204081222,0.146448388,0.213344646,0.84017964,0.21,0.017813841,0.875818929,0.926323159,0.306089682,0.303025379,0.217209826,0.2517591,1,0.45,1,0.428432459,0.447483954,0.170759711,0.169705596,0.121255481,0.174876077,0.672343712,0.14,0.01
129,Peru,32972000,8.088392792,0.919116072,0.066268328,0.0146156,1,0.553294331,0.586346818,0.206610707,0.204610707,0.146816484,0.216468261,0.841257455,0.21,0.019229261,0.878060669,0.928693125,0.306875619,0.303794735,0.217772475,0.255923522,1,0.45,1,0.43177087,0.448625834,0.171206288,0.170140019,0.121573832,0.176946731,0.673205964,0.14,0.01
130,Philippines,109581000,5.122568768,0.948774312,0.045930697,0.005294991,1,0.550990309,0.583700449,0.205669268,0.203669268,0.146162306,0.210727333,0.83932967,0.21,0.016602426,0.874076286,0.924480797,0.305478289,0.302427063,0.216771719,0.248196389,1,0.45,1,0.425095502,0.446594664,0.170413139,0.169367209,0.121008629,0.173212347,0.671663736,0.14,0.01
131,Poland,37806000,17.51781676,0.824821832,0.146146906,0.029031262,1,0.560634866,0.594943194,0.209664754,0.207664754,0.148942004,0.233046767,0.847386581,0.21,0.026546099,0.891002381,0.942374775,0.311409543,0.308234364,0.221015111,0.277462498,1,0.45,1,0.445339662,0.4552054,0.173788864,0.172642717,0.12341647,0.18848489,0.678109265,0.14,0.01
132,Portugal,10195000,21.95385754,0.780461425,0.170256026,0.04928255,1,0.564074726,0.598825697,0.211047643,0.209047643,0.14990154,0.242327714,0.850270007,0.21,0.030904206,0.896848315,0.948555341,0.313461695,0.310242156,0.22248672,0.290275865,1,0.45,1,0.458498207,0.458192978,0.17494995,0.173779694,0.124242924,0.194209307,0.680416006,0.14,0.01
133,Qatar,2881000,1.370070339,0.986299297,0.012827019,0.000873684,1,0.548067781,0.580263681,0.204448628,0.202448628,0.145312495,0.204274517,0.836890546,0.21,0.013780098,0.868902372,0.919011104,0.303666092,0.300652392,0.21547603,0.239886602,1,0.45,1,0.42035741,0.44396576,0.169380125,0.168367298,0.120271393,0.168649605,0.669712437,0.14,0.01
134,Romania,19247000,18.33870139,0.816612986,0.149157328,0.034229686,1,0.561269957,0.595644236,0.209914853,0.207914853,0.149115212,0.234923801,0.847920156,0.21,0.027451226,0.892058048,0.943490914,0.311780586,0.308597199,0.221281627,0.280122336,1,0.45,1,0.448504462,0.455746641,0.173997918,0.17284876,0.123565051,0.189576108,0.678536125,0.14,0.01
135,Russia,144222000,14.67470832,0.853252917,0.126425209,0.020321874,1,0.558425951,0.592403616,0.208761366,0.206761366,0.148314217,0.227568192,0.84553856,0.21,0.024043291,0.887178798,0.938332453,0.310068676,0.306921929,0.22005486,0.270099975,1,0.45,1,0.439053957,0.453256468,0.173027631,0.171901206,0.122873976,0.184909984,0.676630848,0.14,0.01
136,Rwanda,12952000,2.938196078,0.970618039,0.026545428,0.002836532,1,0.549288956,0.581698484,0.204958259,0.202958259,0.145667275,0.20698375,0.837909827,0.21,0.014967352,0.871062417,0.921294636,0.304422697,0.301393315,0.216017022,0.243382098,1,0.45,1,0.422395367,0.445063427,0.169811349,0.168784803,0.12057913,0.170558857,0.670527862,0.14,0.01
137,San Marino,34000,NA,1,0,NA,NA,NA,NA,NA,NA,NA,NA,NA,NA,NA,NA,NA,NA,NA,NA,NA,NA,NA,1,NA,NA,NA,NA,NA,NA,NA,NA,0.01
138,Sao Tome and Principe,219000,2.925678109,0.970743219,0.025743291,0.00351349,1,0.549278515,0.581678719,0.20495142,0.20295142,0.145662365,0.207038312,0.837901691,0.21,0.015004973,0.871032707,0.921263247,0.304412501,0.301383245,0.216009933,0.243492027,1,0.45,1,0.42272749,0.445049124,0.169805136,0.168779393,0.120574595,0.170558854,0.670521353,0.14,0.01
139,Saudi Arabia,34814000,3.314088023,0.96685912,0.029203535,0.003937345,1,0.549581051,0.582034854,0.2050779,0.2030779,0.145750428,0.207702508,0.838154157,0.21,0.015294807,0.871568851,0.921830041,0.304600279,0.301567138,0.216144181,0.244345426,1,0.45,1,0.423200923,0.445321504,0.169912195,0.168882992,0.120651006,0.171030386,0.670723326,0.14,0.01
140,Senegal,16744000,3.086823701,0.969131763,0.027689711,0.003178526,1,0.549404544,0.581832604,0.205005938,0.203005938,0.145700434,0.207257688,0.838006435,0.21,0.015090485,0.87126434,0.921508107,0.304493472,0.301462604,0.216067674,0.243744438,1,0.45,1,0.42266697,0.445166217,0.169851597,0.168823907,0.120607829,0.170743248,0.670605148,0.14,0.01
141,Serbia,6929000,18.34579269,0.816542073,0.1520308,0.031427127,1,0.561278291,0.595684462,0.209928403,0.207928403,0.149125251,0.234626794,0.847924765,0.21,0.027265417,0.892118421,0.943554658,0.311800876,0.308617418,0.221295319,0.279578668,1,0.45,1,0.447099526,0.455774096,0.174011113,0.172859083,0.123574877,0.18952289,0.678539812,0.14,0.01
142,Seychelles,98000,7.594545604,0.924054544,0.065815674,0.010129782,1,0.552913616,0.58594137,0.206465681,0.204465681,0.146716356,0.215189603,0.840936455,0.21,0.01859236,0.877450028,0.928047462,0.306660549,0.303584603,0.217617572,0.254053027,1,0.45,1,0.429183626,0.448311089,0.171085954,0.170020138,0.12148852,0.176260364,0.672949164,0.14,0.01
143,Sierra Leone,7977000,2.966556211,0.970334438,0.026903623,0.002761939,1,0.549311152,0.581725754,0.204967916,0.202967916,0.145674022,0.207020638,0.837928262,0.21,0.014981338,0.871103464,0.921338026,0.304437041,0.301407375,0.216027247,0.243423407,1,0.45,1,0.422376848,0.445084159,0.169819588,0.168792684,0.120585025,0.170590965,0.670542609,0.14,0.01
144,Singapore,5772000,11.46338019,0.885366198,0.098875494,0.015758308,1,0.555925678,0.589471844,0.207719882,0.205719882,0.147589303,0.221960188,0.843451197,0.21,0.021574956,0.882765083,0.933666395,0.308522506,0.305407873,0.21894915,0.262833396,1,0.45,1,0.434606894,0.451012933,0.172146713,0.171047838,0.122245401,0.180988105,0.674960958,0.14,0.01
145,Slovakia,5448000,15.6292465,0.843707535,0.135654288,0.020638177,1,0.559170174,0.593287541,0.209075099,0.207075099,0.148532812,0.229120701,0.84615901,0.21,0.02470625,0.888509458,0.939739159,0.310534502,0.307378209,0.220387684,0.272052905,1,0.45,1,0.439852598,0.45393166,0.173293636,0.172157982,0.123063935,0.186052843,0.677127208,0.14,0.01
146,Slovenia,2067000,19.60687965,0.803931204,0.161122776,0.034946021,1,0.56225842,0.596815046,0.210330486,0.208330486,0.149404744,0.237019001,0.848744472,0.21,0.028352153,0.893820603,0.945354208,0.312397695,0.309201626,0.221722624,0.28277588,1,0.45,1,0.449714458,0.456641316,0.174350142,0.173189019,0.123816538,0.191100999,0.679195577,0.14,0.01
147,Somalia,15893000,2.873310943,0.971266891,0.02587986,0.002853249,1,0.549238329,0.58163794,0.20493678,0.20293678,0.145652302,0.206882422,0.837867652,0.21,0.014924886,0.870971277,0.921198288,0.304390803,0.30136207,0.215994246,0.243256952,1,0.45,1,0.422360303,0.445017225,0.169793114,0.168767234,0.120566102,0.170482012,0.670494122,0.14,0.01
148,South Africa,59309000,5.318005005,0.94681995,0.048541322,0.004638729,1,0.551143405,0.58389008,0.205736387,0.203736387,0.146209225,0.210965888,0.839456703,0.21,0.016689133,0.87436171,0.924782512,0.30557799,0.30252481,0.216842747,0.248452757,1,0.45,1,0.424896344,0.446738674,0.170470486,0.169421945,0.121049685,0.173430478,0.671765363,0.14,0.01
149,South Sudan,11194000,3.39848288,0.966015171,0.030101352,0.003883477,1,0.549646933,0.582113987,0.205105965,0.203105965,0.145770001,0.20783077,0.838209014,0.21,0.015347857,0.871687973,0.921955969,0.304641956,0.301607971,0.216173935,0.244501808,1,0.45,1,0.423230373,0.445381855,0.169936041,0.16890594,0.120668046,0.171129631,0.670767211,0.14,0.01
150,Spain,46711000,19.37850752,0.806214925,0.147010388,0.046774688,1,0.562068461,0.596460716,0.210207809,0.208207809,0.149316733,0.237957043,0.84859603,0.21,0.029003036,0.893287966,0.944791472,0.312214821,0.309021035,0.221595379,0.284677608,1,0.45,1,0.455511268,0.456384543,0.174238883,0.173091873,0.123735377,0.191089467,0.679076824,0.14,0.01
151,Sri Lanka,21837000,10.47321975,0.895267803,0.09178761,0.012944587,1,0.555156167,0.588584759,0.207404384,0.205404384,0.147370007,0.220076324,0.842807593,0.21,0.020718236,0.881429505,0.932254418,0.30805421,0.304949478,0.218613849,0.260312948,1,0.45,1,0.432528185,0.450332429,0.171880723,0.170788936,0.12205581,0.179747912,0.674446074,0.14,0.01
152,Sudan,43849000,3.581160528,0.964188395,0.031427609,0.004383997,1,0.549788921,0.582277871,0.205164247,0.203164247,0.145810515,0.208176285,0.838327754,0.21,0.015504652,0.871934713,0.922216822,0.304728465,0.301692653,0.21623587,0.244963113,1,0.45,1,0.423604528,0.445507552,0.169985189,0.168953761,0.12070308,0.171358029,0.670862203,0.14,0.01
153,Suriname,587000,6.906369902,0.930936301,0.05898508,0.010078619,1,0.55237689,0.585301981,0.206238788,0.204238788,0.146558229,0.214089776,0.84048914,0.21,0.018126427,0.876487503,0.927029934,0.30632365,0.303254586,0.217376915,0.252680258,1,0.45,1,0.428696813,0.447822894,0.170893469,0.169834484,0.121351038,0.17544031,0.672591312,0.14,0.01
154,Sweden,10319000,20.09552493,0.799044751,0.160127773,0.040827477,1,0.562633682,0.597198908,0.210468213,0.208468213,0.149499488,0.238442907,0.849062091,0.21,0.029080461,0.89439884,0.945965655,0.312601842,0.309400887,0.221870124,0.284913807,1,0.45,1,0.453000223,0.456941203,0.174463437,0.173303309,0.123896623,0.191811879,0.679449673,0.14,0.01
155,Switzerland,8641000,18.62321656,0.813767834,0.146429185,0.039802981,1,0.561486306,0.595841956,0.20998645,0.20798645,0.149163931,0.235989242,0.848105091,0.21,0.028021404,0.89235605,0.943806104,0.311886558,0.308700326,0.221358914,0.281794762,1,0.45,1,0.451498454,0.45590406,0.174055289,0.17290886,0.123605234,0.190037293,0.678684073,0.14,0.01
156,Syria,17501000,4.503124421,0.954968756,0.038132266,0.006898978,1,0.550505538,0.583105118,0.205458435,0.203458435,0.146015022,0.209918855,0.838927031,0.21,0.01629523,0.873180193,0.923533544,0.305165137,0.302120106,0.216548498,0.247289083,1,0.45,1,0.425487279,0.446142027,0.170233279,0.169195147,0.120879928,0.172510496,0.671341625,0.14,0.01
157,Tanzania,59734000,2.601299178,0.973987008,0.024055654,0.001957338,1,0.549027056,0.58139572,0.204850599,0.202850599,0.145592427,0.206351373,0.837690844,0.21,0.014681172,0.870606587,0.920812733,0.304262893,0.30123688,0.215902625,0.242540083,1,0.45,1,0.421727412,0.444831264,0.169720534,0.168696479,0.120514388,0.170138607,0.670352676,0.14,0.01
158,Thailand,69800000,11.90089314,0.880991069,0.098252126,0.020756806,1,0.55626194,0.589818749,0.207844268,0.205844268,0.147674935,0.223205669,0.843735581,0.21,0.022208863,0.883287628,0.934218943,0.308706897,0.305587888,0.219082285,0.264694373,1,0.45,1,0.437414272,0.45128358,0.172249223,0.171150971,0.122317908,0.181618713,0.675188464,0.14,0.01
159,Timor-Leste,1318000,4.316492294,0.956835077,0.038585097,0.004579826,1,0.550362284,0.58295938,0.205406123,0.203406123,0.145979054,0.209367004,0.83880572,0.21,0.016012111,0.872960652,0.923301392,0.305087602,0.302044437,0.216492453,0.24645804,1,0.45,1,0.424195702,0.446028071,0.170190299,0.169151713,0.120849559,0.172237382,0.671244576,0.14,0.01
160,Togo,8279000,2.869468011,0.97130532,0.026333973,0.002360707,1,0.549235824,0.581640277,0.204937482,0.202937482,0.145652896,0.206822132,0.837865154,0.21,0.014888811,0.870974762,0.921201959,0.304391875,0.30136318,0.215994871,0.243151327,1,0.45,1,0.422109979,0.445018437,0.169794008,0.168767674,0.120566811,0.170466602,0.670492123,0.14,0.01
161,Trinidad and Tobago,1399000,10.73495352,0.892650465,0.093056581,0.014292954,1,0.555358971,0.588811991,0.207485363,0.205485363,0.14742616,0.220640801,0.84297772,0.21,0.02098581,0.881771662,0.932616165,0.30817437,0.30506702,0.218700062,0.261099506,1,0.45,1,0.433381775,0.450507473,0.171948615,0.170855559,0.122104112,0.18008904,0.674582176,0.14,0.01
162,Tunisia,11819000,8.315679079,0.916843209,0.068838164,0.014318627,1,0.553471911,0.586561758,0.2066869,0.2046869,0.14686965,0.216796979,0.841405191,0.21,0.019361803,0.878384215,0.929035151,0.306988771,0.303905614,0.217853213,0.256314451,1,0.45,1,0.431773774,0.448789583,0.171271116,0.170202277,0.12162018,0.177210668,0.673324153,0.14,0.01
163,Turkey,84339000,8.48321294,0.915167871,0.072249768,0.012582361,1,0.553604324,0.5867384,0.206749131,0.204749131,0.146913392,0.216872368,0.841514088,0.21,0.01935632,0.878650016,0.92931609,0.30708128,0.303996448,0.217918795,0.256300651,1,0.45,1,0.43101268,0.448922422,0.17132497,0.17025272,0.121658896,0.177371835,0.673411271,0.14,0.01
164,Uganda,45741000,1.94098692,0.980590131,0.018055087,0.001354782,1,0.548512615,0.58078886,0.204635107,0.202635107,0.145442363,0.205235195,0.837261641,0.21,0.014196468,0.869692996,0.91984692,0.303942955,0.300923545,0.215673926,0.241112756,1,0.45,1,0.420981917,0.444367262,0.169538057,0.168520002,0.120384133,0.16933958,0.670009313,0.14,0.01
165,Ukraine,44158000,16.43468644,0.835653136,0.140641836,0.023705028,1,0.55979535,0.593999798,0.209328626,0.207328626,0.148708863,0.230738705,0.846682546,0.21,0.025456051,0.889581871,0.94087294,0.310910766,0.307746419,0.22065732,0.27425798,1,0.45,1,0.441934869,0.454478987,0.173506892,0.17236625,0.123215822,0.187078787,0.677546037,0.14,0.01
166,United Arab Emirates,9890000,1.085000985,0.98914999,0.009873116,0.000976894,1,0.547845324,0.579997328,0.204354143,0.202354143,0.14524662,0.20383261,0.836705251,0.21,0.013595549,0.868501417,0.918587241,0.303525789,0.300514939,0.215375843,0.239342704,1,0.45,1,0.420218328,0.443762536,0.169299893,0.16829002,0.12021407,0.168312643,0.669564201,0.14,0.01
167,United Kingdom,67224000,18.39586567,0.816041343,0.142578637,0.04138002,1,0.561307395,0.595611595,0.209905116,0.207905116,0.149106909,0.235801229,0.847957313,0.21,0.027975863,0.892009372,0.943439661,0.311765694,0.308581735,0.221273033,0.281658438,1,0.45,1,0.45213938,0.455730024,0.173985322,0.172842744,0.123555033,0.189801441,0.67856585,0.14,0.01
168,Uruguay,3474000,14.81451953,0.851854805,0.12101136,0.027133836,1,0.558528191,0.592451897,0.208780256,0.206780256,0.148325938,0.228539808,0.845629438,0.21,0.024600458,0.887251918,0.938409946,0.310096312,0.306948166,0.220076547,0.271732382,1,0.45,1,0.442574048,0.453301238,0.17303953,0.171918519,0.122881502,0.185226223,0.67670355,0.14,0.01
169,US,331915000,15.80765406,0.841923459,0.127074376,0.031002165,1,0.559298968,0.593329092,0.209092517,0.207092517,0.148542754,0.230544408,0.846274975,0.21,0.025530891,0.888572677,0.939806287,0.310559737,0.307401661,0.22040867,0.274468586,1,0.45,1,0.445185217,0.453975417,0.173302134,0.17217506,0.123068524,0.186493156,0.67721998,0.14,0.01
170,Uzbekistan,33749000,4.419137878,0.955808621,0.03790917,0.006282209,1,0.550440645,0.583034412,0.205433187,0.203433187,0.145997555,0.209717472,0.83887244,0.21,0.016196851,0.873073713,0.923420962,0.305127684,0.302083493,0.216521569,0.247000053,1,0.45,1,0.425120774,0.44608733,0.17021223,0.169174321,0.120864981,0.172396983,0.671297952,0.14,0.01
171,Venezuela,28436000,7.26698662,0.927330134,0.062241363,0.010428503,1,0.552657821,0.585633156,0.206356392,0.204356392,0.146640121,0.214701644,0.840723541,0.21,0.018392553,0.876986068,0.927556999,0.306498252,0.303425583,0.217501731,0.253463906,1,0.45,1,0.429114418,0.448076132,0.170993042,0.169930801,0.121422112,0.175877141,0.672778833,0.14,0.01
172,Vietnam,97339000,7.274978298,0.927250217,0.05995962,0.012790163,1,0.552661693,0.585612248,0.206349582,0.204349582,0.146634875,0.214974133,0.840728736,0.21,0.018558516,0.876954747,0.927523955,0.306487998,0.303415249,0.217495082,0.253949699,1,0.45,1,0.430307687,0.448062913,0.170985833,0.169925874,0.121416625,0.175938608,0.672782989,0.14,0.01
173,West Bank and Gaza,4813000,3.133305737,0.968666943,0.027873663,0.003459394,1,0.549440519,0.581872462,0.205020153,0.203020153,0.145710282,0.207362489,0.838036649,0.21,0.01514082,0.871324359,0.921571564,0.304514563,0.30148323,0.216082819,0.243892365,1,0.45,1,0.42283939,0.445196972,0.169863488,0.168835614,0.120616283,0.17080474,0.670629319,0.14,0.01
174,Yemen,29826000,2.876269756,0.971237302,0.025926419,0.002836279,1,0.549240654,0.581640896,0.204937824,0.202937824,0.145653033,0.20688526,0.837869575,0.21,0.01492572,0.870975725,0.92120299,0.304392354,0.301363592,0.215995349,0.243259434,1,0.45,1,0.422353749,0.445019461,0.16979401,0.168768084,0.120566745,0.170485159,0.67049566,0.14,0.01
175,Zambia,18384000,2.099678026,0.97900322,0.019449915,0.001546865,1,0.548636202,0.580934138,0.204686706,0.202686706,0.145478285,0.205508643,0.837364791,0.21,0.01431617,0.869911706,0.920078133,0.304019561,0.300998564,0.2157287,0.241465189,1,0.45,1,0.421184857,0.444478396,0.169581722,0.168562272,0.120415295,0.169532648,0.670091833,0.14,0.01
176,Zimbabwe,14863000,2.939523653,0.970604764,0.026945504,0.002449732,1,0.549290379,0.58170436,0.204960244,0.202960244,0.145668741,0.206943313,0.83791069,0.21,0.014941942,0.871071238,0.92130395,0.304425668,0.301396273,0.216019034,0.243307754,1,0.45,1,0.422201696,0.445067464,0.169813268,0.168786322,0.120580556,0.170551927,0.670528552,0.14,0.01
177,Lamu,25242,NA,NA,NA,NA,NA,NA,NA,NA,NA,NA,NA,NA,NA,NA,NA,NA,NA,NA,NA,NA,NA,NA,1,NA,NA,NA,NA,NA,NA,NA,NA,0.01
178,Basuba,1479,NA,NA,NA,NA,NA,NA,NA,NA,NA,NA,NA,NA,NA,NA,NA,NA,NA,NA,NA,NA,NA,NA,1,NA,NA,NA,NA,NA,NA,NA,NA,0.01
179,Pate Island,17428,NA,NA,NA,NA,NA,NA,NA,NA,NA,NA,NA,NA,NA,NA,NA,NA,NA,NA,NA,NA,NA,NA,1,NA,NA,NA,NA,NA,NA,NA,NA,0.01
180,Ndau,786,NA,NA,NA,NA,NA,NA,NA,NA,NA,NA,NA,NA,NA,NA,NA,NA,NA,NA,NA,NA,NA,NA,1,NA,NA,NA,NA,NA,NA,NA,NA,0.01
181,Kiwayu,547,NA,NA,NA,NA,NA,NA,NA,NA,NA,NA,NA,NA,NA,NA,NA,NA,NA,NA,NA,NA,NA,NA,1,NA,NA,NA,NA,NA,NA,NA,NA,0.01
182,Lamu Island,28032,NA,NA,NA,NA,NA,NA,NA,NA,NA,NA,NA,NA,NA,NA,NA,NA,NA,NA,NA,NA,NA,NA,1,NA,NA,NA,NA,NA,NA,NA,NA,0.01
183,Mokowe Hindi Mkunumbi,31946,NA,NA,NA,NA,NA,NA,NA,NA,NA,NA,NA,NA,NA,NA,NA,NA,NA,NA,NA,NA,NA,NA,1,NA,NA,NA,NA,NA,NA,NA,NA,0.01
184,Mpeketoni,38341,NA,NA,NA,NA,NA,NA,NA,NA,NA,NA,NA,NA,NA,NA,NA,NA,NA,NA,NA,NA,NA,NA,1,NA,NA,NA,NA,NA,NA,NA,NA,0.01
185,Witu,23343,NA,NA,NA,NA,NA,NA,NA,NA,NA,NA,NA,NA,NA,NA,NA,NA,NA,NA,NA,NA,NA,NA,1,NA,NA,NA,NA,NA,NA,NA,NA,0.01
